------------------------------------------------------------------------------------------------------------------------
-- Populate table arbeitseinteilung
------------------------------------------------------------------------------------------------------------------------

-- TODO Remove Datum

INSERT INTO arbeitseinteilungen VALUES ('AE_001', TO_DATE('2021-12-08 09:00', 'YYYY-MM-DD HH24:MI'), TO_DATE('2021-12-08 16:30', 'YYYY-MM-DD HH24:MI'), TO_DATE('2021-12-08','YYYY-MM-DD'));
INSERT INTO arbeitseinteilungen VALUES ('AE_002', TO_DATE('2021-01-04 08:00', 'YYYY-MM-DD HH24:MI'), TO_DATE('2021-01-04 15:30', 'YYYY-MM-DD HH24:MI'), TO_DATE('2021-01-04','YYYY-MM-DD'));
INSERT INTO arbeitseinteilungen VALUES ('AE_003', TO_DATE('2021-03-15 09:30', 'YYYY-MM-DD HH24:MI'), TO_DATE('2021-03-15 16:30', 'YYYY-MM-DD HH24:MI'), TO_DATE('2021-03-15','YYYY-MM-DD'));
INSERT INTO arbeitseinteilungen VALUES ('AE_004', TO_DATE('2021-04-21 10:30', 'YYYY-MM-DD HH24:MI'), TO_DATE('2021-04-21 16:30', 'YYYY-MM-DD HH24:MI'), TO_DATE('2021-04-21','YYYY-MM-DD'));
INSERT INTO arbeitseinteilungen VALUES ('AE_005', TO_DATE('2021-05-03 11:45', 'YYYY-MM-DD HH24:MI'), TO_DATE('2021-05-03 17:30', 'YYYY-MM-DD HH24:MI'), TO_DATE('2021-05-03','YYYY-MM-DD'));
INSERT INTO arbeitseinteilungen VALUES ('AE_006', TO_DATE('2021-12-21 09:15', 'YYYY-MM-DD HH24:MI'), TO_DATE('2021-12-21 16:30', 'YYYY-MM-DD HH24:MI'), TO_DATE('2021-12-21','YYYY-MM-DD'));
INSERT INTO arbeitseinteilungen VALUES ('AE_007', TO_DATE('2021-09-04 11:45', 'YYYY-MM-DD HH24:MI'), TO_DATE('2021-09-04 20:30', 'YYYY-MM-DD HH24:MI'), TO_DATE('2021-09-04','YYYY-MM-DD'));
INSERT INTO arbeitseinteilungen VALUES ('AE_008', TO_DATE('2021-06-15 12:00', 'YYYY-MM-DD HH24:MI'), TO_DATE('2021-06-15 21:30', 'YYYY-MM-DD HH24:MI'), TO_DATE('2021-06-15','YYYY-MM-DD'));
INSERT INTO arbeitseinteilungen VALUES ('AE_009', TO_DATE('2021-09-02 11:00', 'YYYY-MM-DD HH24:MI'), TO_DATE('2021-09-02 16:30', 'YYYY-MM-DD HH24:MI'), TO_DATE('2021-09-02','YYYY-MM-DD'));
INSERT INTO arbeitseinteilungen VALUES ('AE_010', TO_DATE('2021-08-13 09:30', 'YYYY-MM-DD HH24:MI'), TO_DATE('2021-08-13 17:30', 'YYYY-MM-DD HH24:MI'), TO_DATE('2021-08-13','YYYY-MM-DD'));
INSERT INTO arbeitseinteilungen VALUES ('AE_011', TO_DATE('2021-05-03 09:30', 'YYYY-MM-DD HH24:MI'), TO_DATE('2021-05-03 15:30', 'YYYY-MM-DD HH24:MI'), TO_DATE('2021-05-03','YYYY-MM-DD'));
INSERT INTO arbeitseinteilungen VALUES ('AE_012', TO_DATE('2021-06-13 11:00', 'YYYY-MM-DD HH24:MI'), TO_DATE('2021-06-13 20:30', 'YYYY-MM-DD HH24:MI'), TO_DATE('2021-06-13','YYYY-MM-DD'));
INSERT INTO arbeitseinteilungen VALUES ('AE_013', TO_DATE('2021-12-02 08:15', 'YYYY-MM-DD HH24:MI'), TO_DATE('2021-12-02 16:30', 'YYYY-MM-DD HH24:MI'), TO_DATE('2021-12-02','YYYY-MM-DD'));
INSERT INTO arbeitseinteilungen VALUES ('AE_014', TO_DATE('2021-08-17 08:45', 'YYYY-MM-DD HH24:MI'), TO_DATE('2021-08-17 16:30', 'YYYY-MM-DD HH24:MI'), TO_DATE('2021-08-17','YYYY-MM-DD'));
INSERT INTO arbeitseinteilungen VALUES ('AE_015', TO_DATE('2021-06-24 11:45', 'YYYY-MM-DD HH24:MI'), TO_DATE('2021-06-24 19:30', 'YYYY-MM-DD HH24:MI'), TO_DATE('2021-06-24','YYYY-MM-DD'));
INSERT INTO arbeitseinteilungen VALUES ('AE_016', TO_DATE('2021-09-03 09:15', 'YYYY-MM-DD HH24:MI'), TO_DATE('2021-09-03 17:30', 'YYYY-MM-DD HH24:MI'), TO_DATE('2021-09-03','YYYY-MM-DD'));
INSERT INTO arbeitseinteilungen VALUES ('AE_017', TO_DATE('2021-09-12 11:45', 'YYYY-MM-DD HH24:MI'), TO_DATE('2021-09-12 19:30', 'YYYY-MM-DD HH24:MI'), TO_DATE('2021-09-12','YYYY-MM-DD'));
INSERT INTO arbeitseinteilungen VALUES ('AE_018', TO_DATE('2021-04-16 13:45', 'YYYY-MM-DD HH24:MI'), TO_DATE('2021-04-16 20:30', 'YYYY-MM-DD HH24:MI'), TO_DATE('2021-04-16','YYYY-MM-DD'));
INSERT INTO arbeitseinteilungen VALUES ('AE_019', TO_DATE('2021-04-06 14:00', 'YYYY-MM-DD HH24:MI'), TO_DATE('2021-04-06 21:30', 'YYYY-MM-DD HH24:MI'), TO_DATE('2021-04-06','YYYY-MM-DD'));
INSERT INTO arbeitseinteilungen VALUES ('AE_020', TO_DATE('2021-02-18 09:30', 'YYYY-MM-DD HH24:MI'), TO_DATE('2021-02-18 17:30', 'YYYY-MM-DD HH24:MI'), TO_DATE('2021-02-18','YYYY-MM-DD'));
INSERT INTO arbeitseinteilungen VALUES ('AE_021', TO_DATE('2021-02-19 14:30', 'YYYY-MM-DD HH24:MI'), TO_DATE('2021-02-19 21:30', 'YYYY-MM-DD HH24:MI'), TO_DATE('2021-02-19','YYYY-MM-DD'));
INSERT INTO arbeitseinteilungen VALUES ('AE_022', TO_DATE('2021-04-11 11:00', 'YYYY-MM-DD HH24:MI'), TO_DATE('2021-04-11 18:30', 'YYYY-MM-DD HH24:MI'), TO_DATE('2021-04-11','YYYY-MM-DD'));
INSERT INTO arbeitseinteilungen VALUES ('AE_023', TO_DATE('2021-02-15 08:30', 'YYYY-MM-DD HH24:MI'), TO_DATE('2021-02-15 16:30', 'YYYY-MM-DD HH24:MI'), TO_DATE('2021-02-15','YYYY-MM-DD'));
INSERT INTO arbeitseinteilungen VALUES ('AE_024', TO_DATE('2021-07-26 08:45', 'YYYY-MM-DD HH24:MI'), TO_DATE('2021-07-26 16:30', 'YYYY-MM-DD HH24:MI'), TO_DATE('2021-07-26','YYYY-MM-DD'));
INSERT INTO arbeitseinteilungen VALUES ('AE_025', TO_DATE('2021-09-17 11:45', 'YYYY-MM-DD HH24:MI'), TO_DATE('2021-09-17 21:30', 'YYYY-MM-DD HH24:MI'), TO_DATE('2021-09-17','YYYY-MM-DD'));
INSERT INTO arbeitseinteilungen VALUES ('AE_026', TO_DATE('2021-11-08 09:15', 'YYYY-MM-DD HH24:MI'), TO_DATE('2021-11-08 17:30', 'YYYY-MM-DD HH24:MI'), TO_DATE('2021-11-08','YYYY-MM-DD'));
INSERT INTO arbeitseinteilungen VALUES ('AE_027', TO_DATE('2021-03-06 12:00', 'YYYY-MM-DD HH24:MI'), TO_DATE('2021-03-06 20:30', 'YYYY-MM-DD HH24:MI'), TO_DATE('2021-03-06','YYYY-MM-DD'));
INSERT INTO arbeitseinteilungen VALUES ('AE_028', TO_DATE('2021-09-21 15:45', 'YYYY-MM-DD HH24:MI'), TO_DATE('2021-09-21 21:30', 'YYYY-MM-DD HH24:MI'), TO_DATE('2021-09-21','YYYY-MM-DD'));
INSERT INTO arbeitseinteilungen VALUES ('AE_029', TO_DATE('2021-05-15 14:45', 'YYYY-MM-DD HH24:MI'), TO_DATE('2021-05-15 20:30', 'YYYY-MM-DD HH24:MI'), TO_DATE('2021-05-15','YYYY-MM-DD'));
INSERT INTO arbeitseinteilungen VALUES ('AE_030', TO_DATE('2021-02-19 09:30', 'YYYY-MM-DD HH24:MI'), TO_DATE('2021-02-19 15:30', 'YYYY-MM-DD HH24:MI'), TO_DATE('2021-02-19','YYYY-MM-DD'));

------------------------------------------------------------------------------------------------------------------------
-- Populate table arbeitsvertraege
------------------------------------------------------------------------------------------------------------------------

INSERT INTO arbeitsvertraege VALUES ('AV_01', '450,00', 'Aushilfe', 20);
INSERT INTO arbeitsvertraege VALUES ('AV_02', '3000,00', 'Manager',40);
INSERT INTO arbeitsvertraege VALUES ('AV_03', '850,00', 'Ausbildung', 36);
INSERT INTO arbeitsvertraege VALUES ('AV_04', '450', 'Aushilfe', 20);
INSERT INTO arbeitsvertraege VALUES ('AV_05', '2500,00', 'Trainer', 40);
INSERT INTO arbeitsvertraege VALUES ('AV_06', '2300,00', 'Trainer', 38);
INSERT INTO arbeitsvertraege VALUES ('AV_07', '450,00', 'Aushilfe', 20);
INSERT INTO arbeitsvertraege VALUES ('AV_08', '2500,00', 'Trainer', 40);
INSERT INTO arbeitsvertraege VALUES ('AV_09', '900,00', 'Ausbildung', 37);

------------------------------------------------------------------------------------------------------------------------
-- Populate table krankenkassen
------------------------------------------------------------------------------------------------------------------------

INSERT INTO krankenkassen VALUES ('KK_01', 'AOK', '043 Spohn Way', '85047', 'Maibu', '728-247-6203', 'bde0@wikipedia.org', 'Brock De Paepe');
INSERT INTO krankenkassen VALUES ('KK_02', 'DAK Gesundheit', '822 Jenifer Parkway', '67782', 'Kema', '999-395-3136', 'fcromack1@livejournal.com', 'Freddie Cromack');
INSERT INTO krankenkassen VALUES ('KK_03', 'Bergische Krankenkasse', '34546 Sutteridge Hill', '23506', 'Lapas', '772-111-6293', 'mtenant2@engadget.com', 'Merrili Tenant');
INSERT INTO krankenkassen VALUES ('KK_04', 'Knappschaft', '68326 Monterey Trail', '34598', 'Inkerman', '503-523-0179', 'nmacconneely3@gizmodo.com', 'Nedi MacConneely');
INSERT INTO krankenkassen VALUES ('KK_05', 'Heimat Krankenkasse', '27 Fair Oaks Court', '24692', 'Bojonghaur', '946-648-0346', 'acallingham4@icq.com', 'Ashlie Callingham');

------------------------------------------------------------------------------------------------------------------------
-- Populate table kundenkarten
------------------------------------------------------------------------------------------------------------------------

INSERT INTO kundenkarten VALUES ('CC_001', 932);
INSERT INTO kundenkarten VALUES ('CC_002', 672);
INSERT INTO kundenkarten VALUES ('CC_003', 490);
INSERT INTO kundenkarten VALUES ('CC_004', 472);
INSERT INTO kundenkarten VALUES ('CC_005', 721);
INSERT INTO kundenkarten VALUES ('CC_006', 496);
INSERT INTO kundenkarten VALUES ('CC_007', 375);
INSERT INTO kundenkarten VALUES ('CC_008', 863);
INSERT INTO kundenkarten VALUES ('CC_009', 513);
INSERT INTO kundenkarten VALUES ('CC_010', 935);
INSERT INTO kundenkarten VALUES ('CC_011', 706);
INSERT INTO kundenkarten VALUES ('CC_012', 815);
INSERT INTO kundenkarten VALUES ('CC_013', 886);
INSERT INTO kundenkarten VALUES ('CC_014', 980);
INSERT INTO kundenkarten VALUES ('CC_015', 441);
INSERT INTO kundenkarten VALUES ('CC_016', 965);
INSERT INTO kundenkarten VALUES ('CC_017', 841);
INSERT INTO kundenkarten VALUES ('CC_018', 554);
INSERT INTO kundenkarten VALUES ('CC_019', 281);
INSERT INTO kundenkarten VALUES ('CC_020', 881);
INSERT INTO kundenkarten VALUES ('CC_021', 877);
INSERT INTO kundenkarten VALUES ('CC_022', 545);
INSERT INTO kundenkarten VALUES ('CC_023', 709);
INSERT INTO kundenkarten VALUES ('CC_024', 43);
INSERT INTO kundenkarten VALUES ('CC_025', 263);
INSERT INTO kundenkarten VALUES ('CC_026', 67);
INSERT INTO kundenkarten VALUES ('CC_027', 147);
INSERT INTO kundenkarten VALUES ('CC_028', 307);
INSERT INTO kundenkarten VALUES ('CC_029', 91);
INSERT INTO kundenkarten VALUES ('CC_030', 370);

------------------------------------------------------------------------------------------------------------------------
-- Populate table mitarbeiter
------------------------------------------------------------------------------------------------------------------------

INSERT INTO mitarbeiter VALUES ('M_01', 'John', 'White', 'M', TO_DATE('1993-11-21', 'YYYY-MM-DD'), '2567 Fairfield Trail', '10505', 'Partido', '429-253-6451', TO_DATE('2018-05-31', 'YYYY-MM-DD'), '4905111521802833530', 'Kreissparkasse Reutlingen', 'CY98 8265 1216 U7YJ IO7H BYPG 7TKJ', '5794577622');
INSERT INTO mitarbeiter VALUES ('M_02', 'Ann', 'Richfield', 'W', TO_DATE('1963-05-21', 'YYYY-MM-DD'), '38611 Chinook Trail', '35783', 'Adorjan', '257-966-4681', TO_DATE('2017-02-26', 'YYYY-MM-DD'), '4913458837624582', 'Volksbank Esslingen', 'AE67 7159 7140 0060 4918 096', '0375143017');
INSERT INTO mitarbeiter VALUES ('M_03', 'Birgitta', 'Ford', 'W', TO_DATE('2000-02-01', 'YYYY-MM-DD'), '2 Park Meadow Crossing', '27508', 'Pizarro', '720-560-6783', TO_DATE('2019-03-02', 'YYYY-MM-DD'), '3539438117305926', 'Kreissparkasse Reutlingen', 'SA68 017S AXJU XGSV K5FM UODT', '6168138420');
INSERT INTO mitarbeiter VALUES ('M_04', 'Joe', 'Hayball', 'M', TO_DATE('1990-04-21','YYYY-MM-DD'), '416 Corben Center', '91044', 'Évry', '174-901-6314', TO_DATE('2013-02-23', 'YYYY-MM-DD'), '36616504490435', 'Volksbank Esslingen', 'CR11 6772 2103 0916 5410 9', '9052299420');
INSERT INTO mitarbeiter VALUES ('M_05', 'Nichol', 'Caddie', 'W', TO_DATE('1996-09-08','YYYY-MM-DD'), '55 Shasta Circle', '23456', 'Nancheng', '736-311-6065', TO_DATE('2021-06-23', 'YYYY-MM-DD'), '3575066775849862', 'Kreissparkasse Reutlingen', 'EE34 2799 1496 6641 5869', '3723113745');
INSERT INTO mitarbeiter VALUES ('M_06', 'Mike', 'Works', 'M', TO_DATE('1994-10-23','YYYY-MM-DD'), '9 Hauk Alley', '46926', 'Fengqiao', '866-656-5629', TO_DATE('2016-01-23', 'YYYY-MM-DD'), '3542201933015953', 'Volksbank Esslingen', 'EE03 0469 3847 3223 5259', '5722486647');
INSERT INTO mitarbeiter VALUES ('M_07', 'Alexander', 'Keedy', 'M', TO_DATE('1992-07-09','YYYY-MM-DD'), '0 Cambridge Junction', '62400', 'Camocim', '936-498-8488', TO_DATE('2017-06-01', 'YYYY-MM-DD'), '5108758794541089', 'Kreissparkasse Reutlingen', 'BR49 4039 9267 3208 4117 2372 832E L', '6283119190');
INSERT INTO mitarbeiter VALUES ('M_08', 'Mary', 'Baal', 'W', TO_DATE('2005-05-16','YYYY-MM-DD'), '06 Kingsford Trail', '5782', 'Kumagunnam', '971-136-0196', TO_DATE('2021-06-01', 'YYYY-MM-DD'), '6709308779133280089', 'Commerzbank Böblingen', 'MU50 BPRZ 1170 5450 9760 4580 652Z LO', '7619692177');
INSERT INTO mitarbeiter VALUES ('M_09', 'Susan', 'Filer', 'W', TO_DATE('1991-12-03','YYYY-MM-DD'), '0 Kings Trail', '14936', 'Bayt al ‘Awābī', '366-470-1994', TO_DATE('2015-04-26', 'YYYY-MM-DD'), '4041596338772', 'Volksbank Esslingen', 'AD67 2643 1046 JPZH ZY6P OZXO', '4591229556');

------------------------------------------------------------------------------------------------------------------------
-- Populate table trainer
------------------------------------------------------------------------------------------------------------------------

INSERT INTO trainer VALUES ('M_05','A');
INSERT INTO trainer VALUES ('M_06','C');
INSERT INTO trainer VALUES ('M_08','B');

------------------------------------------------------------------------------------------------------------------------
-- Populate table kunden
------------------------------------------------------------------------------------------------------------------------

INSERT INTO kunden VALUES ('C_001', 'Edward', 'Beedell', 'M', TO_DATE('2003-03-06', 'YYYY-MM-DD'), '3434 Ludington Road', '72555', 'Metzingen', '349-664-0426', 'ebeedell0@artisteer.com', '201472312178856', 'Kreissparkasse Reutlingen', 'AE47 8291 2055 4254 6814 121', '1270086561', '2345654334',                           'CC_001', 'KK_01','M_05');
INSERT INTO kunden VALUES ('C_002', 'Cobb', 'Rechert', 'M', TO_DATE('1960-05-08','YYYY-MM-DD'), '5707 Dahle Lane', '72764', 'Reutlingen', '559-780-7427', 'crechert1@dedecms.com', '374283446353401', 'Volksbank Tuebingen', 'AE22 7776 7586 9708 0072 060', '5941514867', '765434567',                                        'CC_002', 'KK_02','M_05');
INSERT INTO kunden VALUES ('C_003', 'Kincaid', 'Bruffell', 'M', TO_DATE('1997-03-15','YYYY-MM-DD'), '6 Stuart Plaza', '72070', 'Tuebingen', '804-578-2321', 'kbruffell2@narod.ru', '374288814456298', 'Kreissparkasse Reutlingen', 'MT95 FLLR 0524 8P7Z 9DFX CERP OI4L 8EX', '1507925840', '765498765',                       'CC_003', 'KK_03','M_08');
INSERT INTO kunden VALUES ('C_004', 'Odey', 'Heigho', 'M', TO_DATE('1993-07-15','YYYY-MM-DD'), '069 Starling Center', '70794', 'Filderstadt', '617-311-9109', 'oheigho3@360.cn', '3587150308041712', 'Kreissparkasse Reutlingen', 'SI97 9575 7390 8904 381', '8849256787', '234566',                                                 'CC_004', 'KK_04','M_06');
INSERT INTO kunden VALUES ('C_005', 'Lorrin', 'Butterwick', 'M', TO_DATE('1989-04-17','YYYY-MM-DD'), '29 Atwood Crossing', '72654', 'Neckartenzlingen', '107-668-0849', 'lbutterwick4@who.int', '30268482031579', 'Volksbank Tuebingen', 'HU54 7024 0989 8888 1601 9252 3398', '3312674980', '65432354',                                'CC_005', 'KK_05','M_08');
INSERT INTO kunden VALUES ('C_006', 'Melodie', 'Tadman', 'W', TO_DATE('1979-07-08','YYYY-MM-DD'), '61 Mockingbird Pass', '72622', 'Nuertingen', '325-447-9871', 'mtadman5@msu.edu', '3558991730162153', 'Kreissparkasse Reutlingen', 'DK35 3976 9707 4443 96', '7291311918', '34256534',                                            'CC_006', 'KK_01','M_06');
INSERT INTO kunden VALUES ('C_007', 'Ossie', 'Dat', 'W',TO_DATE( '1981-08-24','YYYY-MM-DD'), '56 Riverside Junction', '73230', 'Kirchheim', '504-995-2187', 'odat6@ca.gov', '3563157786886078', 'Volksbank Tuebingen', 'SM42 O356 3567 320E LE4W WSLK QQP', '3467202799', '3423462',                                       'CC_007', 'KK_02','M_08');
INSERT INTO kunden VALUES ('C_008', 'Shelley', 'Woolam', 'W', TO_DATE('1997-06-21','YYYY-MM-DD'), '86 Dennis Hill', '72764', 'Reutlingen', '769-455-5316', 'swoolam7@google.pl', '675971503749615545', 'Commerzbank Esslingen', 'FR09 8363 1485 82SC NHCL O1UZ D86', '0088637506','5432456',                                    'CC_008', 'KK_03','M_06');
INSERT INTO kunden VALUES ('C_009', 'Ashlee', 'Chstney', 'W', TO_DATE('1986-12-15','YYYY-MM-DD'), '71 Lerdahl Terrace', '72764', 'Reutlingen', '986-887-8186', 'achstney8@chronoengine.com', '5100134301200312', 'Volksbank Tuebingen', 'GT74 PWWM 8AIK WSJD 3WHQ 9LJG YCZS', '9603555584', '345654',                              'CC_009', 'KK_04','M_08');
INSERT INTO kunden VALUES ('C_010', 'Rockey', 'Stapele', 'W', TO_DATE('2002-05-20','YYYY-MM-DD'), '035 Quincy Trail', '72764', 'Reutlingen', '370-444-9021', 'rstapele9@e-recht24.de', '4026400321100954', 'Kreissparkasse Reutlingen', 'DK73 6552 1457 7113 46', '1859805795', '218542',                                         'CC_010', 'KK_05','M_05');
INSERT INTO kunden VALUES ('C_011', 'Gideon', 'Annon', 'M', TO_DATE('1973-08-06','YYYY-MM-DD'), '266 Gina Pass', '72764', 'Reutlingen', '123-181-7464', 'gannona@exblog.jp', '4917981460579175', 'Volksbank Tuebingen', 'DO50 7IDN 1918 6038 7729 3274 7258', '3164876106', '454332',                                            'CC_011', 'KK_01','M_06');
INSERT INTO kunden VALUES ('C_012', 'Spike', 'Jaukovic', 'M', TO_DATE('1969-05-04','YYYY-MM-DD'), '9 Crescent Oaks Trail', '72555', 'Metzingen', '506-212-9422', 'sjaukovicb@walmart.com', '4905028235441236854', 'Kreissparkasse Reutlingen', 'FR82 8212 3140 56ZF CUP2 R0AH P49', '9273820891', '524573',                    'CC_012', 'KK_02','M_05');
INSERT INTO kunden VALUES ('C_013', 'Lyndel', 'Brockie', 'W', TO_DATE('1982-05-25','YYYY-MM-DD'), '143 Vera Way', '72555', 'Metzingen', '557-135-7150', 'lbrockiec@yale.edu', '6706989677694710852', 'Volksbank Tuebingen', 'PL76 2964 8362 3582 4258 2087 0634', '9847018863', '9872345',                                      'CC_013', 'KK_03','M_08');
INSERT INTO kunden VALUES ('C_014', 'Pancho', 'Abramzon', 'M', TO_DATE('1960-07-02','YYYY-MM-DD'), '665 Eastwood Lane', '72555', 'Metzingen', '878-143-7305', 'pabramzond@tumblr.com', '3574328611904199', 'Commerzbank Esslingen', 'CH43 5469 8SJD ISVF RZE7 9', '2072540356', '3456765',                                'CC_014', 'KK_04','M_06');
INSERT INTO kunden VALUES ('C_015', 'Culver', 'Jukes', 'M',TO_DATE('1968-02-29','YYYY-MM-DD') , '640 Jackson Junction', '72622', 'Nuertingen', '183-961-1505', 'cjukese@google.co.uk', '5375071592293440', 'Volksbank Tuebingen', 'GT85 Q2SP HQND CDUC CJVZ WQMF GANA', '0592061558', '45672',                                  'CC_015', 'KK_05','M_06');
INSERT INTO kunden VALUES ('C_016', 'Orelle', 'Sizeland', 'W', TO_DATE('1992-03-01','YYYY-MM-DD'), '23045 3rd Street', '72622', 'Nuertingen', '223-493-0493', 'osizelandf@reddit.com', '3584841244961814', 'Kreissparkasse Reutlingen', 'AD39 7657 2906 YUIN KRDN SKMY', '4345174740', '452842',                            'CC_016', 'KK_01','M_05');
INSERT INTO kunden VALUES ('C_017', 'Renaud', 'Goricke', 'M', TO_DATE('2003-02-20','YYYY-MM-DD'), '8604 Luster Lane', '2442', 'Kirchheim', '422-608-6380', 'rgorickeg@microsoft.com', '3565814365140594', 'Commerzbank Esslingen', 'IS07 5405 4488 6321 3775 6623 11', '7477752442', '76432326',                               'CC_017', 'KK_02','M_08');
INSERT INTO kunden VALUES ('C_018', 'Ewen', 'Fieldhouse', 'W',TO_DATE('1974-06-03','YYYY-MM-DD'), '11 Graedel Center', '84242', 'Kirchheim', '136-101-2947', 'efieldhouseh@house.gov', '3554568601994999', 'Commerzbank Esslingen', 'RS96 8568 2229 8589 5679 80', '5121495188', '83248',                                       'CC_018', 'KK_03','M_05');
INSERT INTO kunden VALUES ('C_019', 'Shane', 'Tayler', 'W', TO_DATE('1980-09-07','YYYY-MM-DD'), '98 Longview Circle', '70794', 'Filderstadt', '393-601-2272', 'stayleri@fotki.com', '675971911381757030', 'Volksbank Tuebingen', 'BE05 3532 8340 4353', '1428661964', '342357654',                                              'CC_019', 'KK_04','M_08');
INSERT INTO kunden VALUES ('C_020', 'Alla', 'Plom', 'W', TO_DATE('2002-04-18','YYYY-MM-DD'), '34825 Fairfield Street', '70794', 'Filderstadt', '755-220-6157', 'aplomj@senate.gov', '3551728126143075', 'Volksbank Tuebingen', 'DE26 4076 4280 5549 3250 60', '8073295865', '6543223456',                                          'CC_020', 'KK_05','M_08');
INSERT INTO kunden VALUES ('C_021', 'Saloma', 'Billington', 'W', TO_DATE('1966-10-03','YYYY-MM-DD'), '215 Clyde Gallagher Lane', '72070', 'Tuebingen', '545-684-8284', 'sbillingtonk@who.int', '4844191902682615', 'Kreissparkasse Reutlingen', 'RO61 LTBT OMO5 QTBW IPPS G5SH', '9145201315', '87654345114',             'CC_021', 'KK_01','M_06');
INSERT INTO kunden VALUES ('C_022', 'Scarlett', 'Neiland', 'W', TO_DATE('1961-11-16','YYYY-MM-DD'), '5 Tomscot Alley', '72070', 'Tuebingen', '263-920-3319', 'sneilandl@wisc.edu', '5610909989414683471', 'Commerzbank Esslingen', 'CR24 9959 9737 3032 4311 1', '9060258320', '42678723',                                         'CC_022', 'KK_02','M_05');
INSERT INTO kunden VALUES ('C_023', 'Morlee', 'Whetland', 'W', TO_DATE('1971-02-25','YYYY-MM-DD'), '181 Browning Trail', '72070', 'Tuebingen', '639-239-1190', 'mwhetlandm@tinyurl.com', '3573361733944075', 'Kreissparkasse Reutlingen', 'FR15 3978 6840 32FM YXSN NCEJ G06', '1963569296', '3252484',                     'CC_023', 'KK_03','M_05');
INSERT INTO kunden VALUES ('C_024', 'Danika', 'Redrup', 'W', TO_DATE('1973-11-30','YYYY-MM-DD'), '31 Sutteridge Avenue', '72654', 'Neckartenzlingen', '634-111-5788', 'dredrupn@upenn.edu', '3552522694084400', 'Commerzbank Esslingen', 'ES94 8467 4921 5571 1869 2405', '9351926044', '674533221',                               'CC_024', 'KK_04','M_08');
INSERT INTO kunden VALUES ('C_025', 'Gwynne', 'Buckston', 'W', TO_DATE('1988-05-03','YYYY-MM-DD'), '3536 South Court', '72654', 'Neckartenzlingen', '356-526-6409', 'gbuckstono@jigsy.com', '3567660433898590', 'Commerzbank Esslingen', 'SM19 W112 5432 807U ISYT ISWH U1V', '4783268703', '31487654323',                          'CC_025', 'KK_05','M_06');
INSERT INTO kunden VALUES ('C_026', 'Jewel', 'Glanville', 'W', TO_DATE('1972-04-19','YYYY-MM-DD'), '17962 Dunning Plaza', '73230', 'Kirchheim', '825-647-0335', 'jglanvillep@netvibes.com', '3554637768008024', 'Kreissparkasse Reutlingen', 'BR55 5218 7183 1744 1537 6750 929U G', '6709294625', '3494646134',                 'CC_026', 'KK_01','M_05');
INSERT INTO kunden VALUES ('C_027', 'Flinn', 'Gammade', 'M', TO_DATE('1960-04-06','YYYY-MM-DD'), '592 Stone Corner Park', '72070', 'Tuebingen', '885-899-0077', 'fgammadeq@sogou.com', '3574326855216023', 'Kreissparkasse Reutlingen', 'PS11 VAIP 6DHO J7ZG 3XLE OOQY EAHI G', '9211279763', '3259831123',                        'CC_027', 'KK_02','M_05');
INSERT INTO kunden VALUES ('C_028', 'Nevsa', 'Druce', 'W',TO_DATE('1974-01-30','YYYY-MM-DD'), '288 Del Sol Place', '73230', 'Kirchheim', '630-274-3008', 'ndrucer@globo.com', '371070886291214', 'Kreissparkasse Reutlingen', 'HR66 3358 0587 7925 4912 0', '8838545480', '24543765',                                         'CC_028', 'KK_03','M_06');
INSERT INTO kunden VALUES ('C_029', 'Justine', 'Currey', 'W', TO_DATE('1986-05-19','YYYY-MM-DD'), '9 Barnett Way', '72654', 'Neckartenzlingen', '203-803-2392', 'jcurreys@dropbox.com', '4041377808043', 'Commerzbank Esslingen', 'TR14 8350 6TPO A9UN TQSI 6V6Z HD', '8404974624', '753831236',                                     'CC_029', 'KK_04','M_08');
INSERT INTO kunden VALUES ('C_030', 'Curr', 'Kidwell', 'M', TO_DATE('1971-03-11','YYYY-MM-DD'), '58 Northview Way', '72622', 'Nuertingen', '675-699-0035', 'ckidwellt@sbwire.com', '30210235305728', 'Volksbank Tuebingen', 'DE44 3178 2662 3985 8122 91', '2040548335', '3495324924',                                              'CC_030', 'KK_05','M_05');

------------------------------------------------------------------------------------------------------------------------
-- Populate table buchungsverlaeufe
------------------------------------------------------------------------------------------------------------------------

INSERT INTO buchungsverlaeufe VALUES('BV_0000', TO_DATE('2021-12-06 09:01:34', 'YYYY-MM-DD HH24:MI:ss'), 'CHECK-IN', 'CC_001');
INSERT INTO buchungsverlaeufe VALUES('BV_0001', TO_DATE('2021-12-06 10:46:34', 'YYYY-MM-DD HH24:MI:ss'), 'CHECK-OUT', 'CC_001');
INSERT INTO buchungsverlaeufe VALUES('BV_0002', TO_DATE('2021-06-04 11:46:52', 'YYYY-MM-DD HH24:MI:ss'), 'CHECK-IN', 'CC_001');
INSERT INTO buchungsverlaeufe VALUES('BV_0003', TO_DATE('2021-06-04 13:56:52', 'YYYY-MM-DD HH24:MI:ss'), 'CHECK-OUT', 'CC_001');
INSERT INTO buchungsverlaeufe VALUES('BV_0004', TO_DATE('2021-02-23 16:55:06', 'YYYY-MM-DD HH24:MI:ss'), 'GUTSCHRIFT', 'CC_001');
INSERT INTO buchungsverlaeufe VALUES('BV_0005', TO_DATE('2021-11-05 17:29:48', 'YYYY-MM-DD HH24:MI:ss'), 'ABBUCHUNG', 'CC_001');
INSERT INTO buchungsverlaeufe VALUES('BV_0006', TO_DATE('2021-10-18 14:44:47', 'YYYY-MM-DD HH24:MI:ss'), 'ABBUCHUNG', 'CC_001');
INSERT INTO buchungsverlaeufe VALUES('BV_0007', TO_DATE('2021-07-04 18:59:03', 'YYYY-MM-DD HH24:MI:ss'), 'CHECK-IN', 'CC_001');
INSERT INTO buchungsverlaeufe VALUES('BV_0008', TO_DATE('2021-07-04 20:59:03', 'YYYY-MM-DD HH24:MI:ss'), 'CHECK-OUT', 'CC_001');
INSERT INTO buchungsverlaeufe VALUES('BV_0009', TO_DATE('2021-02-22 14:18:40', 'YYYY-MM-DD HH24:MI:ss'), 'GUTSCHRIFT', 'CC_001');
INSERT INTO buchungsverlaeufe VALUES('BV_0010', TO_DATE('2021-07-06 15:18:46', 'YYYY-MM-DD HH24:MI:ss'), 'CHECK-IN', 'CC_001');
INSERT INTO buchungsverlaeufe VALUES('BV_0011', TO_DATE('2021-07-06 17:18:46', 'YYYY-MM-DD HH24:MI:ss'), 'CHECK-OUT', 'CC_001');
INSERT INTO buchungsverlaeufe VALUES('BV_0012', TO_DATE('2021-04-13 18:23:47', 'YYYY-MM-DD HH24:MI:ss'), 'CHECK-IN', 'CC_001');
INSERT INTO buchungsverlaeufe VALUES('BV_0013', TO_DATE('2021-04-13 20:23:47', 'YYYY-MM-DD HH24:MI:ss'), 'CHECK-OUT', 'CC_001');
INSERT INTO buchungsverlaeufe VALUES('BV_0014', TO_DATE('2021-03-09 13:16:11', 'YYYY-MM-DD HH24:MI:ss'), 'GUTSCHRIFT', 'CC_001');
INSERT INTO buchungsverlaeufe VALUES('BV_0015', TO_DATE('2021-01-19 11:50:42', 'YYYY-MM-DD HH24:MI:ss'), 'GUTSCHRIFT', 'CC_001');
INSERT INTO buchungsverlaeufe VALUES('BV_0016', TO_DATE('2021-06-05 18:57:55', 'YYYY-MM-DD HH24:MI:ss'), 'GUTSCHRIFT', 'CC_002');
INSERT INTO buchungsverlaeufe VALUES('BV_0017', TO_DATE('2021-12-25 10:59:57', 'YYYY-MM-DD HH24:MI:ss'), 'CHECK-IN', 'CC_002');
INSERT INTO buchungsverlaeufe VALUES('BV_0018', TO_DATE('2021-12-25 12:59:57', 'YYYY-MM-DD HH24:MI:ss'), 'CHECK-OUT', 'CC_002');
INSERT INTO buchungsverlaeufe VALUES('BV_0019', TO_DATE('2021-10-23 19:42:37', 'YYYY-MM-DD HH24:MI:ss'), 'GUTSCHRIFT', 'CC_002');
INSERT INTO buchungsverlaeufe VALUES('BV_0020', TO_DATE('2021-02-07 14:38:00', 'YYYY-MM-DD HH24:MI:ss'), 'ABBUCHUNG', 'CC_002');
INSERT INTO buchungsverlaeufe VALUES('BV_0021', TO_DATE('2021-10-16 12:16:17', 'YYYY-MM-DD HH24:MI:ss'), 'GUTSCHRIFT', 'CC_002');
INSERT INTO buchungsverlaeufe VALUES('BV_0022', TO_DATE('2021-07-31 12:10:28', 'YYYY-MM-DD HH24:MI:ss'), 'CHECK-IN', 'CC_002');
INSERT INTO buchungsverlaeufe VALUES('BV_0023', TO_DATE('2021-07-31 14:30:28', 'YYYY-MM-DD HH24:MI:ss'), 'CHECK-OUT', 'CC_002');
INSERT INTO buchungsverlaeufe VALUES('BV_0024', TO_DATE('2021-11-17 09:27:53', 'YYYY-MM-DD HH24:MI:ss'), 'CHECK-IN', 'CC_002');
INSERT INTO buchungsverlaeufe VALUES('BV_0025', TO_DATE('2021-11-17 10:27:53', 'YYYY-MM-DD HH24:MI:ss'), 'CHECK-OUT', 'CC_002');
INSERT INTO buchungsverlaeufe VALUES('BV_0026', TO_DATE('2021-02-25 09:27:19', 'YYYY-MM-DD HH24:MI:ss'), 'CHECK-IN', 'CC_002');
INSERT INTO buchungsverlaeufe VALUES('BV_0027', TO_DATE('2021-02-25 11:39:34', 'YYYY-MM-DD HH24:MI:ss'), 'CHECK-OUT', 'CC_002');
INSERT INTO buchungsverlaeufe VALUES('BV_0028', TO_DATE('2021-08-31 18:31:48', 'YYYY-MM-DD HH24:MI:ss'), 'CHECK-IN', 'CC_002');
INSERT INTO buchungsverlaeufe VALUES('BV_0029', TO_DATE('2021-08-31 19:31:48', 'YYYY-MM-DD HH24:MI:ss'), 'CHECK-OUT', 'CC_002');
INSERT INTO buchungsverlaeufe VALUES('BV_0030', TO_DATE('2021-09-20 19:18:31', 'YYYY-MM-DD HH24:MI:ss'), 'CHECK-IN', 'CC_002');
INSERT INTO buchungsverlaeufe VALUES('BV_0031', TO_DATE('2021-09-20 21:18:31', 'YYYY-MM-DD HH24:MI:ss'), 'CHECK-OUT', 'CC_002');
INSERT INTO buchungsverlaeufe VALUES('BV_0032', TO_DATE('2021-12-22 13:02:30', 'YYYY-MM-DD HH24:MI:ss'), 'CHECK-IN', 'CC_002');
INSERT INTO buchungsverlaeufe VALUES('BV_0033', TO_DATE('2021-12-22 14:17:30', 'YYYY-MM-DD HH24:MI:ss'), 'CHECK-OUT', 'CC_002');
INSERT INTO buchungsverlaeufe VALUES('BV_0034', TO_DATE('2021-08-03 18:31:53', 'YYYY-MM-DD HH24:MI:ss'), 'ABBUCHUNG', 'CC_002');
INSERT INTO buchungsverlaeufe VALUES('BV_0035', TO_DATE('2021-11-04 19:14:00', 'YYYY-MM-DD HH24:MI:ss'), 'GUTSCHRIFT', 'CC_002');
INSERT INTO buchungsverlaeufe VALUES('BV_0036', TO_DATE('2021-02-05 19:26:29', 'YYYY-MM-DD HH24:MI:ss'), 'GUTSCHRIFT', 'CC_003');
INSERT INTO buchungsverlaeufe VALUES('BV_0037', TO_DATE('2021-08-31 11:30:08', 'YYYY-MM-DD HH24:MI:ss'), 'ABBUCHUNG', 'CC_003');
INSERT INTO buchungsverlaeufe VALUES('BV_0038', TO_DATE('2021-07-25 20:14:57', 'YYYY-MM-DD HH24:MI:ss'), 'CHECK-IN', 'CC_003');
INSERT INTO buchungsverlaeufe VALUES('BV_0039', TO_DATE('2021-07-25 21:14:57', 'YYYY-MM-DD HH24:MI:ss'), 'CHECK-OUT', 'CC_003');
INSERT INTO buchungsverlaeufe VALUES('BV_0040', TO_DATE('2021-02-16 16:34:08', 'YYYY-MM-DD HH24:MI:ss'), 'CHECK-IN', 'CC_003');
INSERT INTO buchungsverlaeufe VALUES('BV_0041', TO_DATE('2021-02-16 18:34:51', 'YYYY-MM-DD HH24:MI:ss'), 'CHECK-OUT', 'CC_003');
INSERT INTO buchungsverlaeufe VALUES('BV_0042', TO_DATE('2021-09-19 17:02:23', 'YYYY-MM-DD HH24:MI:ss'), 'CHECK-IN', 'CC_003');
INSERT INTO buchungsverlaeufe VALUES('BV_0043', TO_DATE('2021-09-19 19:51:55', 'YYYY-MM-DD HH24:MI:ss'), 'CHECK-OUT', 'CC_003');
INSERT INTO buchungsverlaeufe VALUES('BV_0044', TO_DATE('2021-06-21 17:30:04', 'YYYY-MM-DD HH24:MI:ss'), 'CHECK-IN', 'CC_003');
INSERT INTO buchungsverlaeufe VALUES('BV_0045', TO_DATE('2021-06-21 19:57:25', 'YYYY-MM-DD HH24:MI:ss'), 'CHECK-OUT', 'CC_003');
INSERT INTO buchungsverlaeufe VALUES('BV_0046', TO_DATE('2021-02-10 14:24:12', 'YYYY-MM-DD HH24:MI:ss'), 'ABBUCHUNG', 'CC_003');
INSERT INTO buchungsverlaeufe VALUES('BV_0047', TO_DATE('2021-10-07 09:34:38', 'YYYY-MM-DD HH24:MI:ss'), 'ABBUCHUNG', 'CC_003');
INSERT INTO buchungsverlaeufe VALUES('BV_0048', TO_DATE('2021-12-16 14:30:08', 'YYYY-MM-DD HH24:MI:ss'), 'ABBUCHUNG', 'CC_003');
INSERT INTO buchungsverlaeufe VALUES('BV_0049', TO_DATE('2021-10-06 20:26:23', 'YYYY-MM-DD HH24:MI:ss'), 'ABBUCHUNG', 'CC_003');
INSERT INTO buchungsverlaeufe VALUES('BV_0050', TO_DATE('2021-01-16 09:50:06', 'YYYY-MM-DD HH24:MI:ss'), 'CHECK-IN', 'CC_003');
INSERT INTO buchungsverlaeufe VALUES('BV_0051', TO_DATE('2021-01-16 11:50:21', 'YYYY-MM-DD HH24:MI:ss'), 'CHECK-OUT', 'CC_003');
INSERT INTO buchungsverlaeufe VALUES('BV_0052', TO_DATE('2021-12-01 09:18:34', 'YYYY-MM-DD HH24:MI:ss'), 'CHECK-IN', 'CC_003');
INSERT INTO buchungsverlaeufe VALUES('BV_0053', TO_DATE('2021-12-01 11:18:51', 'YYYY-MM-DD HH24:MI:ss'), 'CHECK-OUT', 'CC_003');
INSERT INTO buchungsverlaeufe VALUES('BV_0054', TO_DATE('2021-06-26 12:49:03', 'YYYY-MM-DD HH24:MI:ss'), 'ABBUCHUNG', 'CC_003');
INSERT INTO buchungsverlaeufe VALUES('BV_0055', TO_DATE('2021-08-12 11:16:43', 'YYYY-MM-DD HH24:MI:ss'), 'ABBUCHUNG', 'CC_004');
INSERT INTO buchungsverlaeufe VALUES('BV_0056', TO_DATE('2021-09-30 19:56:42', 'YYYY-MM-DD HH24:MI:ss'), 'ABBUCHUNG', 'CC_004');
INSERT INTO buchungsverlaeufe VALUES('BV_0057', TO_DATE('2021-07-07 20:55:18', 'YYYY-MM-DD HH24:MI:ss'), 'ABBUCHUNG', 'CC_004');
INSERT INTO buchungsverlaeufe VALUES('BV_0058', TO_DATE('2021-10-25 14:22:35', 'YYYY-MM-DD HH24:MI:ss'), 'CHECK-IN', 'CC_004');
INSERT INTO buchungsverlaeufe VALUES('BV_0059', TO_DATE('2021-10-25 15:28:35', 'YYYY-MM-DD HH24:MI:ss'), 'CHECK-OUT', 'CC_004');
INSERT INTO buchungsverlaeufe VALUES('BV_0060', TO_DATE('2021-05-02 15:10:40', 'YYYY-MM-DD HH24:MI:ss'), 'CHECK-IN', 'CC_004');
INSERT INTO buchungsverlaeufe VALUES('BV_0061', TO_DATE('2021-05-02 17:24:40', 'YYYY-MM-DD HH24:MI:ss'), 'CHECK-OUT', 'CC_004');
INSERT INTO buchungsverlaeufe VALUES('BV_0062', TO_DATE('2021-02-20 14:37:24', 'YYYY-MM-DD HH24:MI:ss'), 'CHECK-IN', 'CC_004');
INSERT INTO buchungsverlaeufe VALUES('BV_0063', TO_DATE('2021-02-20 15:37:24', 'YYYY-MM-DD HH24:MI:ss'), 'CHECK-OUT', 'CC_004');
INSERT INTO buchungsverlaeufe VALUES('BV_0064', TO_DATE('2021-01-28 11:19:43', 'YYYY-MM-DD HH24:MI:ss'), 'CHECK-IN', 'CC_004');
INSERT INTO buchungsverlaeufe VALUES('BV_0065', TO_DATE('2021-01-28 13:54:44', 'YYYY-MM-DD HH24:MI:ss'), 'CHECK-OUT', 'CC_004');
INSERT INTO buchungsverlaeufe VALUES('BV_0066', TO_DATE('2021-06-14 11:57:28', 'YYYY-MM-DD HH24:MI:ss'), 'CHECK-IN', 'CC_004');
INSERT INTO buchungsverlaeufe VALUES('BV_0067', TO_DATE('2021-06-14 13:57:30', 'YYYY-MM-DD HH24:MI:ss'), 'CHECK-OUT', 'CC_004');
INSERT INTO buchungsverlaeufe VALUES('BV_0068', TO_DATE('2021-03-25 12:30:02', 'YYYY-MM-DD HH24:MI:ss'), 'CHECK-IN', 'CC_004');
INSERT INTO buchungsverlaeufe VALUES('BV_0069', TO_DATE('2021-03-25 14:48:58', 'YYYY-MM-DD HH24:MI:ss'), 'CHECK-OUT', 'CC_004');
INSERT INTO buchungsverlaeufe VALUES('BV_0070', TO_DATE('2021-05-26 16:35:32', 'YYYY-MM-DD HH24:MI:ss'), 'CHECK-IN', 'CC_004');
INSERT INTO buchungsverlaeufe VALUES('BV_0071', TO_DATE('2021-05-26 17:43:32', 'YYYY-MM-DD HH24:MI:ss'), 'CHECK-OUT', 'CC_004');
INSERT INTO buchungsverlaeufe VALUES('BV_0072', TO_DATE('2021-09-17 17:02:24', 'YYYY-MM-DD HH24:MI:ss'), 'GUTSCHRIFT', 'CC_004');
INSERT INTO buchungsverlaeufe VALUES('BV_0073', TO_DATE('2021-06-22 17:30:50', 'YYYY-MM-DD HH24:MI:ss'), 'CHECK-IN', 'CC_004');
INSERT INTO buchungsverlaeufe VALUES('BV_0074', TO_DATE('2021-06-22 18:31:50', 'YYYY-MM-DD HH24:MI:ss'), 'CHECK-OUT', 'CC_004');
INSERT INTO buchungsverlaeufe VALUES('BV_0075', TO_DATE('2021-12-24 20:04:41', 'YYYY-MM-DD HH24:MI:ss'), 'GUTSCHRIFT', 'CC_004');
INSERT INTO buchungsverlaeufe VALUES('BV_0076', TO_DATE('2021-01-06 19:18:21', 'YYYY-MM-DD HH24:MI:ss'), 'CHECK-IN', 'CC_004');
INSERT INTO buchungsverlaeufe VALUES('BV_0077', TO_DATE('2021-01-06 20:30:21', 'YYYY-MM-DD HH24:MI:ss'), 'CHECK-OUT', 'CC_004');
INSERT INTO buchungsverlaeufe VALUES('BV_0078', TO_DATE('2021-10-08 15:03:03', 'YYYY-MM-DD HH24:MI:ss'), 'CHECK-IN', 'CC_004');
INSERT INTO buchungsverlaeufe VALUES('BV_0079', TO_DATE('2021-10-08 17:22:32', 'YYYY-MM-DD HH24:MI:ss'), 'CHECK-OUT', 'CC_004');
INSERT INTO buchungsverlaeufe VALUES('BV_0080', TO_DATE('2021-02-26 19:13:54', 'YYYY-MM-DD HH24:MI:ss'), 'CHECK-IN', 'CC_004');
INSERT INTO buchungsverlaeufe VALUES('BV_0081', TO_DATE('2021-02-26 20:35:54', 'YYYY-MM-DD HH24:MI:ss'), 'CHECK-OUT', 'CC_004');
INSERT INTO buchungsverlaeufe VALUES('BV_0082', TO_DATE('2021-07-31 11:16:48', 'YYYY-MM-DD HH24:MI:ss'), 'ABBUCHUNG', 'CC_005');
INSERT INTO buchungsverlaeufe VALUES('BV_0083', TO_DATE('2021-10-31 17:45:02', 'YYYY-MM-DD HH24:MI:ss'), 'ABBUCHUNG', 'CC_005');
INSERT INTO buchungsverlaeufe VALUES('BV_0084', TO_DATE('2021-12-07 19:03:59', 'YYYY-MM-DD HH24:MI:ss'), 'CHECK-IN', 'CC_005');
INSERT INTO buchungsverlaeufe VALUES('BV_0085', TO_DATE('2021-12-07 20:05:59', 'YYYY-MM-DD HH24:MI:ss'), 'CHECK-OUT', 'CC_005');
INSERT INTO buchungsverlaeufe VALUES('BV_0086', TO_DATE('2021-04-03 10:10:41', 'YYYY-MM-DD HH24:MI:ss'), 'GUTSCHRIFT', 'CC_005');
INSERT INTO buchungsverlaeufe VALUES('BV_0087', TO_DATE('2021-01-05 12:30:52', 'YYYY-MM-DD HH24:MI:ss'), 'CHECK-IN', 'CC_005');
INSERT INTO buchungsverlaeufe VALUES('BV_0088', TO_DATE('2021-01-05 13:34:52', 'YYYY-MM-DD HH24:MI:ss'), 'CHECK-OUT', 'CC_005');
INSERT INTO buchungsverlaeufe VALUES('BV_0089', TO_DATE('2021-02-17 11:00:34', 'YYYY-MM-DD HH24:MI:ss'), 'GUTSCHRIFT', 'CC_005');
INSERT INTO buchungsverlaeufe VALUES('BV_0090', TO_DATE('2021-02-22 12:11:41', 'YYYY-MM-DD HH24:MI:ss'), 'CHECK-IN', 'CC_005');
INSERT INTO buchungsverlaeufe VALUES('BV_0091', TO_DATE('2021-02-22 13:25:41', 'YYYY-MM-DD HH24:MI:ss'), 'CHECK-OUT', 'CC_005');
INSERT INTO buchungsverlaeufe VALUES('BV_0092', TO_DATE('2021-05-28 10:09:56', 'YYYY-MM-DD HH24:MI:ss'), 'ABBUCHUNG', 'CC_005');
INSERT INTO buchungsverlaeufe VALUES('BV_0093', TO_DATE('2021-11-19 11:48:35', 'YYYY-MM-DD HH24:MI:ss'), 'CHECK-IN', 'CC_005');
INSERT INTO buchungsverlaeufe VALUES('BV_0094', TO_DATE('2021-11-19 13:48:40', 'YYYY-MM-DD HH24:MI:ss'), 'CHECK-OUT', 'CC_005');
INSERT INTO buchungsverlaeufe VALUES('BV_0095', TO_DATE('2021-07-27 18:23:31', 'YYYY-MM-DD HH24:MI:ss'), 'ABBUCHUNG', 'CC_006');
INSERT INTO buchungsverlaeufe VALUES('BV_0096', TO_DATE('2021-03-06 09:24:32', 'YYYY-MM-DD HH24:MI:ss'), 'GUTSCHRIFT', 'CC_006');
INSERT INTO buchungsverlaeufe VALUES('BV_0097', TO_DATE('2021-06-02 13:50:13', 'YYYY-MM-DD HH24:MI:ss'), 'ABBUCHUNG', 'CC_006');
INSERT INTO buchungsverlaeufe VALUES('BV_0098', TO_DATE('2021-10-21 13:08:00', 'YYYY-MM-DD HH24:MI:ss'), 'CHECK-IN', 'CC_006');
INSERT INTO buchungsverlaeufe VALUES('BV_0099', TO_DATE('2021-10-21 14:37:47', 'YYYY-MM-DD HH24:MI:ss'), 'CHECK-OUT', 'CC_006');
INSERT INTO buchungsverlaeufe VALUES('BV_0100', TO_DATE('2021-07-27 15:40:42', 'YYYY-MM-DD HH24:MI:ss'), 'GUTSCHRIFT', 'CC_006');
INSERT INTO buchungsverlaeufe VALUES('BV_0101', TO_DATE('2021-02-25 11:44:22', 'YYYY-MM-DD HH24:MI:ss'), 'CHECK-IN', 'CC_006');
INSERT INTO buchungsverlaeufe VALUES('BV_0102', TO_DATE('2021-02-25 13:44:40', 'YYYY-MM-DD HH24:MI:ss'), 'CHECK-OUT', 'CC_006');
INSERT INTO buchungsverlaeufe VALUES('BV_0103', TO_DATE('2021-10-08 11:19:10', 'YYYY-MM-DD HH24:MI:ss'), 'CHECK-IN', 'CC_006');
INSERT INTO buchungsverlaeufe VALUES('BV_0104', TO_DATE('2021-10-08 13:45:24', 'YYYY-MM-DD HH24:MI:ss'), 'CHECK-OUT', 'CC_006');
INSERT INTO buchungsverlaeufe VALUES('BV_0105', TO_DATE('2021-10-30 15:10:29', 'YYYY-MM-DD HH24:MI:ss'), 'ABBUCHUNG', 'CC_006');
INSERT INTO buchungsverlaeufe VALUES('BV_0106', TO_DATE('2021-04-18 10:32:45', 'YYYY-MM-DD HH24:MI:ss'), 'CHECK-IN', 'CC_006');
INSERT INTO buchungsverlaeufe VALUES('BV_0107', TO_DATE('2021-04-18 12:57:50', 'YYYY-MM-DD HH24:MI:ss'), 'CHECK-OUT', 'CC_006');
INSERT INTO buchungsverlaeufe VALUES('BV_0108', TO_DATE('2021-08-28 18:01:48', 'YYYY-MM-DD HH24:MI:ss'), 'ABBUCHUNG', 'CC_006');
INSERT INTO buchungsverlaeufe VALUES('BV_0109', TO_DATE('2021-04-18 18:08:24', 'YYYY-MM-DD HH24:MI:ss'), 'CHECK-IN', 'CC_006');
INSERT INTO buchungsverlaeufe VALUES('BV_0110', TO_DATE('2021-04-18 20:58:47', 'YYYY-MM-DD HH24:MI:ss'), 'CHECK-OUT', 'CC_006');
INSERT INTO buchungsverlaeufe VALUES('BV_0111', TO_DATE('2021-10-17 18:06:10', 'YYYY-MM-DD HH24:MI:ss'), 'CHECK-IN', 'CC_006');
INSERT INTO buchungsverlaeufe VALUES('BV_0112', TO_DATE('2021-10-17 20:19:10', 'YYYY-MM-DD HH24:MI:ss'), 'CHECK-OUT', 'CC_006');
INSERT INTO buchungsverlaeufe VALUES('BV_0113', TO_DATE('2021-05-28 12:15:57', 'YYYY-MM-DD HH24:MI:ss'), 'ABBUCHUNG', 'CC_006');
INSERT INTO buchungsverlaeufe VALUES('BV_0114', TO_DATE('2021-11-03 10:06:49', 'YYYY-MM-DD HH24:MI:ss'), 'GUTSCHRIFT', 'CC_006');
INSERT INTO buchungsverlaeufe VALUES('BV_0115', TO_DATE('2021-08-14 15:38:11', 'YYYY-MM-DD HH24:MI:ss'), 'CHECK-IN', 'CC_006');
INSERT INTO buchungsverlaeufe VALUES('BV_0116', TO_DATE('2021-08-14 16:40:44', 'YYYY-MM-DD HH24:MI:ss'), 'CHECK-OUT', 'CC_006');
INSERT INTO buchungsverlaeufe VALUES('BV_0117', TO_DATE('2021-06-05 17:51:04', 'YYYY-MM-DD HH24:MI:ss'), 'CHECK-IN', 'CC_007');
INSERT INTO buchungsverlaeufe VALUES('BV_0118', TO_DATE('2021-06-05 19:51:24', 'YYYY-MM-DD HH24:MI:ss'), 'CHECK-OUT', 'CC_007');
INSERT INTO buchungsverlaeufe VALUES('BV_0119', TO_DATE('2021-09-14 17:22:18', 'YYYY-MM-DD HH24:MI:ss'), 'CHECK-IN', 'CC_007');
INSERT INTO buchungsverlaeufe VALUES('BV_0120', TO_DATE('2021-09-14 18:22:18', 'YYYY-MM-DD HH24:MI:ss'), 'CHECK-OUT', 'CC_007');
INSERT INTO buchungsverlaeufe VALUES('BV_0121', TO_DATE('2021-02-12 20:56:35', 'YYYY-MM-DD HH24:MI:ss'), 'CHECK-IN', 'CC_007');
INSERT INTO buchungsverlaeufe VALUES('BV_0122', TO_DATE('2021-02-12 21:56:37', 'YYYY-MM-DD HH24:MI:ss'), 'CHECK-OUT', 'CC_007');
INSERT INTO buchungsverlaeufe VALUES('BV_0123', TO_DATE('2021-04-26 10:08:49', 'YYYY-MM-DD HH24:MI:ss'), 'ABBUCHUNG', 'CC_007');
INSERT INTO buchungsverlaeufe VALUES('BV_0124', TO_DATE('2021-03-15 20:29:48', 'YYYY-MM-DD HH24:MI:ss'), 'ABBUCHUNG', 'CC_007');
INSERT INTO buchungsverlaeufe VALUES('BV_0125', TO_DATE('2021-03-08 13:24:09', 'YYYY-MM-DD HH24:MI:ss'), 'CHECK-IN', 'CC_007');
INSERT INTO buchungsverlaeufe VALUES('BV_0126', TO_DATE('2021-03-08 15:47:43', 'YYYY-MM-DD HH24:MI:ss'), 'CHECK-OUT', 'CC_007');
INSERT INTO buchungsverlaeufe VALUES('BV_0127', TO_DATE('2021-07-29 20:43:46', 'YYYY-MM-DD HH24:MI:ss'), 'CHECK-IN', 'CC_007');
INSERT INTO buchungsverlaeufe VALUES('BV_0128', TO_DATE('2021-07-29 22:43:46', 'YYYY-MM-DD HH24:MI:ss'), 'CHECK-OUT', 'CC_007');
INSERT INTO buchungsverlaeufe VALUES('BV_0129', TO_DATE('2021-02-28 13:35:10', 'YYYY-MM-DD HH24:MI:ss'), 'ABBUCHUNG', 'CC_008');
INSERT INTO buchungsverlaeufe VALUES('BV_0130', TO_DATE('2021-04-10 20:06:12', 'YYYY-MM-DD HH24:MI:ss'), 'CHECK-IN', 'CC_008');
INSERT INTO buchungsverlaeufe VALUES('BV_0131', TO_DATE('2021-04-10 21:35:34', 'YYYY-MM-DD HH24:MI:ss'), 'CHECK-OUT', 'CC_008');
INSERT INTO buchungsverlaeufe VALUES('BV_0132', TO_DATE('2021-12-22 19:09:56', 'YYYY-MM-DD HH24:MI:ss'), 'GUTSCHRIFT', 'CC_008');
INSERT INTO buchungsverlaeufe VALUES('BV_0133', TO_DATE('2021-01-07 20:54:55', 'YYYY-MM-DD HH24:MI:ss'), 'ABBUCHUNG', 'CC_008');
INSERT INTO buchungsverlaeufe VALUES('BV_0134', TO_DATE('2021-12-15 20:00:03', 'YYYY-MM-DD HH24:MI:ss'), 'GUTSCHRIFT', 'CC_008');
INSERT INTO buchungsverlaeufe VALUES('BV_0135', TO_DATE('2021-02-19 12:02:27', 'YYYY-MM-DD HH24:MI:ss'), 'GUTSCHRIFT', 'CC_008');
INSERT INTO buchungsverlaeufe VALUES('BV_0136', TO_DATE('2021-04-25 20:38:14', 'YYYY-MM-DD HH24:MI:ss'), 'ABBUCHUNG', 'CC_008');
INSERT INTO buchungsverlaeufe VALUES('BV_0137', TO_DATE('2021-03-01 20:52:10', 'YYYY-MM-DD HH24:MI:ss'), 'ABBUCHUNG', 'CC_008');
INSERT INTO buchungsverlaeufe VALUES('BV_0138', TO_DATE('2021-08-30 17:12:39', 'YYYY-MM-DD HH24:MI:ss'), 'CHECK-IN', 'CC_008');
INSERT INTO buchungsverlaeufe VALUES('BV_0139', TO_DATE('2021-08-30 18:46:39', 'YYYY-MM-DD HH24:MI:ss'), 'CHECK-OUT', 'CC_008');
INSERT INTO buchungsverlaeufe VALUES('BV_0140', TO_DATE('2021-08-21 11:31:53', 'YYYY-MM-DD HH24:MI:ss'), 'GUTSCHRIFT', 'CC_008');
INSERT INTO buchungsverlaeufe VALUES('BV_0141', TO_DATE('2021-08-09 19:50:01', 'YYYY-MM-DD HH24:MI:ss'), 'ABBUCHUNG', 'CC_008');
INSERT INTO buchungsverlaeufe VALUES('BV_0142', TO_DATE('2021-12-03 14:19:57', 'YYYY-MM-DD HH24:MI:ss'), 'CHECK-IN', 'CC_008');
INSERT INTO buchungsverlaeufe VALUES('BV_0143', TO_DATE('2021-12-03 16:34:57', 'YYYY-MM-DD HH24:MI:ss'), 'CHECK-OUT', 'CC_008');
INSERT INTO buchungsverlaeufe VALUES('BV_0144', TO_DATE('2021-08-09 10:10:40', 'YYYY-MM-DD HH24:MI:ss'), 'GUTSCHRIFT', 'CC_009');
INSERT INTO buchungsverlaeufe VALUES('BV_0145', TO_DATE('2021-12-29 13:11:07', 'YYYY-MM-DD HH24:MI:ss'), 'GUTSCHRIFT', 'CC_009');
INSERT INTO buchungsverlaeufe VALUES('BV_0146', TO_DATE('2021-08-15 13:19:36', 'YYYY-MM-DD HH24:MI:ss'), 'CHECK-IN', 'CC_009');
INSERT INTO buchungsverlaeufe VALUES('BV_0147', TO_DATE('2021-08-15 14:48:39', 'YYYY-MM-DD HH24:MI:ss'), 'CHECK-OUT', 'CC_009');
INSERT INTO buchungsverlaeufe VALUES('BV_0148', TO_DATE('2021-09-19 09:25:47', 'YYYY-MM-DD HH24:MI:ss'), 'GUTSCHRIFT', 'CC_009');
INSERT INTO buchungsverlaeufe VALUES('BV_0149', TO_DATE('2021-08-16 12:31:41', 'YYYY-MM-DD HH24:MI:ss'), 'CHECK-IN', 'CC_009');
INSERT INTO buchungsverlaeufe VALUES('BV_0150', TO_DATE('2021-08-16 13:49:43', 'YYYY-MM-DD HH24:MI:ss'), 'CHECK-OUT', 'CC_009');
INSERT INTO buchungsverlaeufe VALUES('BV_0151', TO_DATE('2021-10-31 19:00:37', 'YYYY-MM-DD HH24:MI:ss'), 'CHECK-IN', 'CC_009');
INSERT INTO buchungsverlaeufe VALUES('BV_0152', TO_DATE('2021-10-31 20:25:37', 'YYYY-MM-DD HH24:MI:ss'), 'CHECK-OUT', 'CC_009');
INSERT INTO buchungsverlaeufe VALUES('BV_0153', TO_DATE('2021-10-04 18:13:35', 'YYYY-MM-DD HH24:MI:ss'), 'GUTSCHRIFT', 'CC_009');
INSERT INTO buchungsverlaeufe VALUES('BV_0154', TO_DATE('2021-11-21 11:32:23', 'YYYY-MM-DD HH24:MI:ss'), 'ABBUCHUNG', 'CC_009');
INSERT INTO buchungsverlaeufe VALUES('BV_0155', TO_DATE('2021-02-11 17:58:16', 'YYYY-MM-DD HH24:MI:ss'), 'CHECK-IN', 'CC_009');
INSERT INTO buchungsverlaeufe VALUES('BV_0156', TO_DATE('2021-02-11 19:58:46', 'YYYY-MM-DD HH24:MI:ss'), 'CHECK-OUT', 'CC_009');
INSERT INTO buchungsverlaeufe VALUES('BV_0157', TO_DATE('2021-09-27 12:49:10', 'YYYY-MM-DD HH24:MI:ss'), 'GUTSCHRIFT', 'CC_009');
INSERT INTO buchungsverlaeufe VALUES('BV_0158', TO_DATE('2021-12-08 14:26:57', 'YYYY-MM-DD HH24:MI:ss'), 'ABBUCHUNG', 'CC_009');
INSERT INTO buchungsverlaeufe VALUES('BV_0159', TO_DATE('2021-07-21 16:54:21', 'YYYY-MM-DD HH24:MI:ss'), 'CHECK-IN', 'CC_009');
INSERT INTO buchungsverlaeufe VALUES('BV_0160', TO_DATE('2021-07-21 17:54:38', 'YYYY-MM-DD HH24:MI:ss'), 'CHECK-OUT', 'CC_009');
INSERT INTO buchungsverlaeufe VALUES('BV_0161', TO_DATE('2021-12-21 10:37:11', 'YYYY-MM-DD HH24:MI:ss'), 'GUTSCHRIFT', 'CC_009');
INSERT INTO buchungsverlaeufe VALUES('BV_0162', TO_DATE('2021-04-21 09:29:10', 'YYYY-MM-DD HH24:MI:ss'), 'CHECK-IN', 'CC_009');
INSERT INTO buchungsverlaeufe VALUES('BV_0163', TO_DATE('2021-04-21 11:58:10', 'YYYY-MM-DD HH24:MI:ss'), 'CHECK-OUT', 'CC_009');
INSERT INTO buchungsverlaeufe VALUES('BV_0164', TO_DATE('2021-02-06 12:14:09', 'YYYY-MM-DD HH24:MI:ss'), 'ABBUCHUNG', 'CC_010');
INSERT INTO buchungsverlaeufe VALUES('BV_0165', TO_DATE('2021-06-20 15:30:18', 'YYYY-MM-DD HH24:MI:ss'), 'ABBUCHUNG', 'CC_010');
INSERT INTO buchungsverlaeufe VALUES('BV_0166', TO_DATE('2021-05-19 09:36:39', 'YYYY-MM-DD HH24:MI:ss'), 'CHECK-IN', 'CC_010');
INSERT INTO buchungsverlaeufe VALUES('BV_0167', TO_DATE('2021-05-19 11:36:39', 'YYYY-MM-DD HH24:MI:ss'), 'CHECK-OUT', 'CC_010');
INSERT INTO buchungsverlaeufe VALUES('BV_0168', TO_DATE('2021-08-04 11:22:14', 'YYYY-MM-DD HH24:MI:ss'), 'CHECK-IN', 'CC_010');
INSERT INTO buchungsverlaeufe VALUES('BV_0169', TO_DATE('2021-08-04 13:55:54', 'YYYY-MM-DD HH24:MI:ss'), 'CHECK-OUT', 'CC_010');
INSERT INTO buchungsverlaeufe VALUES('BV_0170', TO_DATE('2021-01-22 09:38:46', 'YYYY-MM-DD HH24:MI:ss'), 'ABBUCHUNG', 'CC_010');
INSERT INTO buchungsverlaeufe VALUES('BV_0171', TO_DATE('2021-08-24 09:48:04', 'YYYY-MM-DD HH24:MI:ss'), 'ABBUCHUNG', 'CC_010');
INSERT INTO buchungsverlaeufe VALUES('BV_0172', TO_DATE('2021-03-18 14:26:43', 'YYYY-MM-DD HH24:MI:ss'), 'GUTSCHRIFT', 'CC_010');
INSERT INTO buchungsverlaeufe VALUES('BV_0173', TO_DATE('2021-04-18 16:22:43', 'YYYY-MM-DD HH24:MI:ss'), 'ABBUCHUNG', 'CC_010');
INSERT INTO buchungsverlaeufe VALUES('BV_0174', TO_DATE('2021-04-25 13:46:52', 'YYYY-MM-DD HH24:MI:ss'), 'CHECK-IN', 'CC_011');
INSERT INTO buchungsverlaeufe VALUES('BV_0175', TO_DATE('2021-04-25 15:46:52', 'YYYY-MM-DD HH24:MI:ss'), 'CHECK-OUT', 'CC_011');
INSERT INTO buchungsverlaeufe VALUES('BV_0176', TO_DATE('2021-07-13 15:02:31', 'YYYY-MM-DD HH24:MI:ss'), 'CHECK-IN', 'CC_011');
INSERT INTO buchungsverlaeufe VALUES('BV_0177', TO_DATE('2021-07-13 16:36:31', 'YYYY-MM-DD HH24:MI:ss'), 'CHECK-OUT', 'CC_011');
INSERT INTO buchungsverlaeufe VALUES('BV_0178', TO_DATE('2021-03-11 12:00:46', 'YYYY-MM-DD HH24:MI:ss'), 'CHECK-IN', 'CC_011');
INSERT INTO buchungsverlaeufe VALUES('BV_0179', TO_DATE('2021-03-11 14:58:56', 'YYYY-MM-DD HH24:MI:ss'), 'CHECK-OUT', 'CC_011');
INSERT INTO buchungsverlaeufe VALUES('BV_0180', TO_DATE('2021-08-21 15:57:37', 'YYYY-MM-DD HH24:MI:ss'), 'CHECK-IN', 'CC_011');
INSERT INTO buchungsverlaeufe VALUES('BV_0181', TO_DATE('2021-08-21 17:57:59', 'YYYY-MM-DD HH24:MI:ss'), 'CHECK-OUT', 'CC_011');
INSERT INTO buchungsverlaeufe VALUES('BV_0182', TO_DATE('2021-05-08 12:17:18', 'YYYY-MM-DD HH24:MI:ss'), 'CHECK-IN', 'CC_011');
INSERT INTO buchungsverlaeufe VALUES('BV_0183', TO_DATE('2021-05-08 14:21:48', 'YYYY-MM-DD HH24:MI:ss'), 'CHECK-OUT', 'CC_011');
INSERT INTO buchungsverlaeufe VALUES('BV_0184', TO_DATE('2021-01-10 14:06:35', 'YYYY-MM-DD HH24:MI:ss'), 'CHECK-IN', 'CC_011');
INSERT INTO buchungsverlaeufe VALUES('BV_0185', TO_DATE('2021-01-10 15:06:35', 'YYYY-MM-DD HH24:MI:ss'), 'CHECK-OUT', 'CC_011');
INSERT INTO buchungsverlaeufe VALUES('BV_0186', TO_DATE('2021-07-10 18:50:34', 'YYYY-MM-DD HH24:MI:ss'), 'CHECK-IN', 'CC_011');
INSERT INTO buchungsverlaeufe VALUES('BV_0187', TO_DATE('2021-07-10 19:50:34', 'YYYY-MM-DD HH24:MI:ss'), 'CHECK-OUT', 'CC_011');
INSERT INTO buchungsverlaeufe VALUES('BV_0188', TO_DATE('2021-12-19 18:53:23', 'YYYY-MM-DD HH24:MI:ss'), 'CHECK-IN', 'CC_011');
INSERT INTO buchungsverlaeufe VALUES('BV_0189', TO_DATE('2021-12-19 20:53:23', 'YYYY-MM-DD HH24:MI:ss'), 'CHECK-OUT', 'CC_011');
INSERT INTO buchungsverlaeufe VALUES('BV_0190', TO_DATE('2021-10-01 17:14:16', 'YYYY-MM-DD HH24:MI:ss'), 'CHECK-IN', 'CC_011');
INSERT INTO buchungsverlaeufe VALUES('BV_0191', TO_DATE('2021-10-01 19:51:47', 'YYYY-MM-DD HH24:MI:ss'), 'CHECK-OUT', 'CC_011');
INSERT INTO buchungsverlaeufe VALUES('BV_0192', TO_DATE('2021-08-04 15:38:11', 'YYYY-MM-DD HH24:MI:ss'), 'ABBUCHUNG', 'CC_011');
INSERT INTO buchungsverlaeufe VALUES('BV_0193', TO_DATE('2021-01-26 19:32:48', 'YYYY-MM-DD HH24:MI:ss'), 'GUTSCHRIFT', 'CC_011');
INSERT INTO buchungsverlaeufe VALUES('BV_0194', TO_DATE('2021-11-27 13:15:47', 'YYYY-MM-DD HH24:MI:ss'), 'CHECK-IN', 'CC_011');
INSERT INTO buchungsverlaeufe VALUES('BV_0195', TO_DATE('2021-11-27 14:15:47', 'YYYY-MM-DD HH24:MI:ss'), 'CHECK-OUT', 'CC_011');
INSERT INTO buchungsverlaeufe VALUES('BV_0196', TO_DATE('2021-12-01 09:28:24', 'YYYY-MM-DD HH24:MI:ss'), 'CHECK-IN', 'CC_012');
INSERT INTO buchungsverlaeufe VALUES('BV_0197', TO_DATE('2021-12-01 10:37:24', 'YYYY-MM-DD HH24:MI:ss'), 'CHECK-OUT', 'CC_012');
INSERT INTO buchungsverlaeufe VALUES('BV_0198', TO_DATE('2021-07-07 19:52:49', 'YYYY-MM-DD HH24:MI:ss'), 'ABBUCHUNG', 'CC_012');
INSERT INTO buchungsverlaeufe VALUES('BV_0199', TO_DATE('2021-08-15 09:32:06', 'YYYY-MM-DD HH24:MI:ss'), 'GUTSCHRIFT', 'CC_012');
INSERT INTO buchungsverlaeufe VALUES('BV_0200', TO_DATE('2021-01-04 11:30:25', 'YYYY-MM-DD HH24:MI:ss'), 'ABBUCHUNG', 'CC_012');
INSERT INTO buchungsverlaeufe VALUES('BV_0201', TO_DATE('2021-11-20 09:32:01', 'YYYY-MM-DD HH24:MI:ss'), 'CHECK-IN', 'CC_012');
INSERT INTO buchungsverlaeufe VALUES('BV_0202', TO_DATE('2021-11-20 11:33:06', 'YYYY-MM-DD HH24:MI:ss'), 'CHECK-OUT', 'CC_012');
INSERT INTO buchungsverlaeufe VALUES('BV_0203', TO_DATE('2021-06-23 19:43:54', 'YYYY-MM-DD HH24:MI:ss'), 'GUTSCHRIFT', 'CC_012');
INSERT INTO buchungsverlaeufe VALUES('BV_0204', TO_DATE('2021-06-13 14:32:37', 'YYYY-MM-DD HH24:MI:ss'), 'ABBUCHUNG', 'CC_012');
INSERT INTO buchungsverlaeufe VALUES('BV_0205', TO_DATE('2021-05-07 15:16:55', 'YYYY-MM-DD HH24:MI:ss'), 'CHECK-IN', 'CC_012');
INSERT INTO buchungsverlaeufe VALUES('BV_0206', TO_DATE('2021-05-07 17:37:55', 'YYYY-MM-DD HH24:MI:ss'), 'CHECK-OUT', 'CC_012');
INSERT INTO buchungsverlaeufe VALUES('BV_0207', TO_DATE('2021-10-20 20:00:51', 'YYYY-MM-DD HH24:MI:ss'), 'GUTSCHRIFT', 'CC_012');
INSERT INTO buchungsverlaeufe VALUES('BV_0208', TO_DATE('2021-07-08 13:22:41', 'YYYY-MM-DD HH24:MI:ss'), 'CHECK-IN', 'CC_012');
INSERT INTO buchungsverlaeufe VALUES('BV_0209', TO_DATE('2021-07-08 14:39:42', 'YYYY-MM-DD HH24:MI:ss'), 'CHECK-OUT', 'CC_012');
INSERT INTO buchungsverlaeufe VALUES('BV_0210', TO_DATE('2021-06-20 16:42:22', 'YYYY-MM-DD HH24:MI:ss'), 'ABBUCHUNG', 'CC_012');
INSERT INTO buchungsverlaeufe VALUES('BV_0211', TO_DATE('2021-06-21 11:55:20', 'YYYY-MM-DD HH24:MI:ss'), 'ABBUCHUNG', 'CC_012');
INSERT INTO buchungsverlaeufe VALUES('BV_0212', TO_DATE('2021-03-29 18:03:59', 'YYYY-MM-DD HH24:MI:ss'), 'GUTSCHRIFT', 'CC_012');
INSERT INTO buchungsverlaeufe VALUES('BV_0213', TO_DATE('2021-05-29 13:23:23', 'YYYY-MM-DD HH24:MI:ss'), 'CHECK-IN', 'CC_012');
INSERT INTO buchungsverlaeufe VALUES('BV_0214', TO_DATE('2021-05-29 15:24:23', 'YYYY-MM-DD HH24:MI:ss'), 'CHECK-OUT', 'CC_012');
INSERT INTO buchungsverlaeufe VALUES('BV_0215', TO_DATE('2021-03-23 10:22:12', 'YYYY-MM-DD HH24:MI:ss'), 'CHECK-IN', 'CC_013');
INSERT INTO buchungsverlaeufe VALUES('BV_0216', TO_DATE('2021-03-23 12:22:15', 'YYYY-MM-DD HH24:MI:ss'), 'CHECK-OUT', 'CC_013');
INSERT INTO buchungsverlaeufe VALUES('BV_0217', TO_DATE('2021-08-04 19:13:57', 'YYYY-MM-DD HH24:MI:ss'), 'CHECK-IN', 'CC_013');
INSERT INTO buchungsverlaeufe VALUES('BV_0218', TO_DATE('2021-08-04 20:13:57', 'YYYY-MM-DD HH24:MI:ss'), 'CHECK-OUT', 'CC_013');
INSERT INTO buchungsverlaeufe VALUES('BV_0219', TO_DATE('2021-10-10 19:27:30', 'YYYY-MM-DD HH24:MI:ss'), 'ABBUCHUNG', 'CC_013');
INSERT INTO buchungsverlaeufe VALUES('BV_0220', TO_DATE('2021-04-08 11:00:34', 'YYYY-MM-DD HH24:MI:ss'), 'GUTSCHRIFT', 'CC_013');
INSERT INTO buchungsverlaeufe VALUES('BV_0221', TO_DATE('2021-05-27 13:35:37', 'YYYY-MM-DD HH24:MI:ss'), 'CHECK-IN', 'CC_013');
INSERT INTO buchungsverlaeufe VALUES('BV_0222', TO_DATE('2021-05-27 15:35:37', 'YYYY-MM-DD HH24:MI:ss'), 'CHECK-OUT', 'CC_013');
INSERT INTO buchungsverlaeufe VALUES('BV_0223', TO_DATE('2021-06-29 09:32:13', 'YYYY-MM-DD HH24:MI:ss'), 'CHECK-IN', 'CC_013');
INSERT INTO buchungsverlaeufe VALUES('BV_0224', TO_DATE('2021-06-29 10:32:20', 'YYYY-MM-DD HH24:MI:ss'), 'CHECK-OUT', 'CC_013');
INSERT INTO buchungsverlaeufe VALUES('BV_0225', TO_DATE('2021-05-23 15:16:14', 'YYYY-MM-DD HH24:MI:ss'), 'ABBUCHUNG', 'CC_013');
INSERT INTO buchungsverlaeufe VALUES('BV_0226', TO_DATE('2021-04-15 18:18:43', 'YYYY-MM-DD HH24:MI:ss'), 'ABBUCHUNG', 'CC_014');
INSERT INTO buchungsverlaeufe VALUES('BV_0227', TO_DATE('2021-01-26 20:46:14', 'YYYY-MM-DD HH24:MI:ss'), 'CHECK-IN', 'CC_014');
INSERT INTO buchungsverlaeufe VALUES('BV_0228', TO_DATE('2021-01-26 22:50:14', 'YYYY-MM-DD HH24:MI:ss'), 'CHECK-OUT', 'CC_014');
INSERT INTO buchungsverlaeufe VALUES('BV_0229', TO_DATE('2021-12-29 15:10:10', 'YYYY-MM-DD HH24:MI:ss'), 'GUTSCHRIFT', 'CC_014');
INSERT INTO buchungsverlaeufe VALUES('BV_0230', TO_DATE('2021-02-12 18:38:53', 'YYYY-MM-DD HH24:MI:ss'), 'CHECK-IN', 'CC_014');
INSERT INTO buchungsverlaeufe VALUES('BV_0231', TO_DATE('2021-02-12 19:38:54', 'YYYY-MM-DD HH24:MI:ss'), 'CHECK-OUT', 'CC_014');
INSERT INTO buchungsverlaeufe VALUES('BV_0232', TO_DATE('2021-09-30 19:23:49', 'YYYY-MM-DD HH24:MI:ss'), 'ABBUCHUNG', 'CC_014');
INSERT INTO buchungsverlaeufe VALUES('BV_0233', TO_DATE('2021-03-08 14:35:44', 'YYYY-MM-DD HH24:MI:ss'), 'GUTSCHRIFT', 'CC_014');
INSERT INTO buchungsverlaeufe VALUES('BV_0234', TO_DATE('2021-03-15 12:23:01', 'YYYY-MM-DD HH24:MI:ss'), 'GUTSCHRIFT', 'CC_014');
INSERT INTO buchungsverlaeufe VALUES('BV_0235', TO_DATE('2021-11-21 20:57:36', 'YYYY-MM-DD HH24:MI:ss'), 'CHECK-IN', 'CC_014');
INSERT INTO buchungsverlaeufe VALUES('BV_0236', TO_DATE('2021-11-21 22:57:57', 'YYYY-MM-DD HH24:MI:ss'), 'CHECK-OUT', 'CC_014');
INSERT INTO buchungsverlaeufe VALUES('BV_0237', TO_DATE('2021-10-04 13:44:55', 'YYYY-MM-DD HH24:MI:ss'), 'ABBUCHUNG', 'CC_014');
INSERT INTO buchungsverlaeufe VALUES('BV_0238', TO_DATE('2021-07-23 13:12:02', 'YYYY-MM-DD HH24:MI:ss'), 'ABBUCHUNG', 'CC_014');
INSERT INTO buchungsverlaeufe VALUES('BV_0239', TO_DATE('2021-12-18 20:18:56', 'YYYY-MM-DD HH24:MI:ss'), 'GUTSCHRIFT', 'CC_014');
INSERT INTO buchungsverlaeufe VALUES('BV_0240', TO_DATE('2021-01-27 10:26:07', 'YYYY-MM-DD HH24:MI:ss'), 'GUTSCHRIFT', 'CC_014');
INSERT INTO buchungsverlaeufe VALUES('BV_0241', TO_DATE('2021-04-03 16:19:46', 'YYYY-MM-DD HH24:MI:ss'), 'ABBUCHUNG', 'CC_014');
INSERT INTO buchungsverlaeufe VALUES('BV_0242', TO_DATE('2021-03-19 14:34:43', 'YYYY-MM-DD HH24:MI:ss'), 'CHECK-IN', 'CC_014');
INSERT INTO buchungsverlaeufe VALUES('BV_0243', TO_DATE('2021-03-19 15:34:43', 'YYYY-MM-DD HH24:MI:ss'), 'CHECK-OUT', 'CC_014');
INSERT INTO buchungsverlaeufe VALUES('BV_0244', TO_DATE('2021-06-12 14:31:40', 'YYYY-MM-DD HH24:MI:ss'), 'ABBUCHUNG', 'CC_015');
INSERT INTO buchungsverlaeufe VALUES('BV_0245', TO_DATE('2021-06-22 11:06:57', 'YYYY-MM-DD HH24:MI:ss'), 'ABBUCHUNG', 'CC_015');
INSERT INTO buchungsverlaeufe VALUES('BV_0246', TO_DATE('2021-11-15 14:22:46', 'YYYY-MM-DD HH24:MI:ss'), 'CHECK-IN', 'CC_015');
INSERT INTO buchungsverlaeufe VALUES('BV_0247', TO_DATE('2021-11-15 16:22:49', 'YYYY-MM-DD HH24:MI:ss'), 'CHECK-OUT', 'CC_015');
INSERT INTO buchungsverlaeufe VALUES('BV_0248', TO_DATE('2021-08-12 18:45:28', 'YYYY-MM-DD HH24:MI:ss'), 'CHECK-IN', 'CC_015');
INSERT INTO buchungsverlaeufe VALUES('BV_0249', TO_DATE('2021-08-12 20:45:48', 'YYYY-MM-DD HH24:MI:ss'), 'CHECK-OUT', 'CC_015');
INSERT INTO buchungsverlaeufe VALUES('BV_0250', TO_DATE('2021-01-03 10:39:54', 'YYYY-MM-DD HH24:MI:ss'), 'CHECK-IN', 'CC_015');
INSERT INTO buchungsverlaeufe VALUES('BV_0251', TO_DATE('2021-01-03 12:39:54', 'YYYY-MM-DD HH24:MI:ss'), 'CHECK-OUT', 'CC_015');
INSERT INTO buchungsverlaeufe VALUES('BV_0252', TO_DATE('2021-09-28 17:02:37', 'YYYY-MM-DD HH24:MI:ss'), 'GUTSCHRIFT', 'CC_015');
INSERT INTO buchungsverlaeufe VALUES('BV_0253', TO_DATE('2021-02-27 13:01:23', 'YYYY-MM-DD HH24:MI:ss'), 'GUTSCHRIFT', 'CC_015');
INSERT INTO buchungsverlaeufe VALUES('BV_0254', TO_DATE('2021-01-27 18:54:26', 'YYYY-MM-DD HH24:MI:ss'), 'GUTSCHRIFT', 'CC_015');
INSERT INTO buchungsverlaeufe VALUES('BV_0255', TO_DATE('2021-07-18 19:10:05', 'YYYY-MM-DD HH24:MI:ss'), 'GUTSCHRIFT', 'CC_015');
INSERT INTO buchungsverlaeufe VALUES('BV_0256', TO_DATE('2021-01-30 17:24:01', 'YYYY-MM-DD HH24:MI:ss'), 'CHECK-IN', 'CC_015');
INSERT INTO buchungsverlaeufe VALUES('BV_0257', TO_DATE('2021-01-30 19:24:02', 'YYYY-MM-DD HH24:MI:ss'), 'CHECK-OUT', 'CC_015');
INSERT INTO buchungsverlaeufe VALUES('BV_0258', TO_DATE('2021-05-01 10:14:50', 'YYYY-MM-DD HH24:MI:ss'), 'CHECK-IN', 'CC_015');
INSERT INTO buchungsverlaeufe VALUES('BV_0259', TO_DATE('2021-05-01 12:37:50', 'YYYY-MM-DD HH24:MI:ss'), 'CHECK-OUT', 'CC_015');
INSERT INTO buchungsverlaeufe VALUES('BV_0260', TO_DATE('2021-08-14 17:43:47', 'YYYY-MM-DD HH24:MI:ss'), 'ABBUCHUNG', 'CC_016');
INSERT INTO buchungsverlaeufe VALUES('BV_0261', TO_DATE('2021-11-19 20:03:21', 'YYYY-MM-DD HH24:MI:ss'), 'CHECK-IN', 'CC_016');
INSERT INTO buchungsverlaeufe VALUES('BV_0262', TO_DATE('2021-11-19 21:30:22', 'YYYY-MM-DD HH24:MI:ss'), 'CHECK-OUT', 'CC_016');
INSERT INTO buchungsverlaeufe VALUES('BV_0263', TO_DATE('2021-09-08 13:19:22', 'YYYY-MM-DD HH24:MI:ss'), 'CHECK-IN', 'CC_016');
INSERT INTO buchungsverlaeufe VALUES('BV_0264', TO_DATE('2021-09-08 15:19:49', 'YYYY-MM-DD HH24:MI:ss'), 'CHECK-OUT', 'CC_016');
INSERT INTO buchungsverlaeufe VALUES('BV_0265', TO_DATE('2021-04-17 17:51:53', 'YYYY-MM-DD HH24:MI:ss'), 'ABBUCHUNG', 'CC_016');
INSERT INTO buchungsverlaeufe VALUES('BV_0266', TO_DATE('2021-01-05 12:04:39', 'YYYY-MM-DD HH24:MI:ss'), 'GUTSCHRIFT', 'CC_016');
INSERT INTO buchungsverlaeufe VALUES('BV_0267', TO_DATE('2021-01-16 18:49:24', 'YYYY-MM-DD HH24:MI:ss'), 'CHECK-IN', 'CC_016');
INSERT INTO buchungsverlaeufe VALUES('BV_0268', TO_DATE('2021-01-16 19:49:24', 'YYYY-MM-DD HH24:MI:ss'), 'CHECK-OUT', 'CC_016');
INSERT INTO buchungsverlaeufe VALUES('BV_0269', TO_DATE('2021-05-12 09:47:44', 'YYYY-MM-DD HH24:MI:ss'), 'ABBUCHUNG', 'CC_016');
INSERT INTO buchungsverlaeufe VALUES('BV_0270', TO_DATE('2021-12-19 13:31:13', 'YYYY-MM-DD HH24:MI:ss'), 'CHECK-IN', 'CC_016');
INSERT INTO buchungsverlaeufe VALUES('BV_0271', TO_DATE('2021-12-19 15:31:24', 'YYYY-MM-DD HH24:MI:ss'), 'CHECK-OUT', 'CC_016');
INSERT INTO buchungsverlaeufe VALUES('BV_0272', TO_DATE('2021-01-09 09:31:20', 'YYYY-MM-DD HH24:MI:ss'), 'ABBUCHUNG', 'CC_016');
INSERT INTO buchungsverlaeufe VALUES('BV_0273', TO_DATE('2021-01-14 09:01:50', 'YYYY-MM-DD HH24:MI:ss'), 'GUTSCHRIFT', 'CC_016');
INSERT INTO buchungsverlaeufe VALUES('BV_0274', TO_DATE('2021-07-11 19:18:02', 'YYYY-MM-DD HH24:MI:ss'), 'CHECK-IN', 'CC_016');
INSERT INTO buchungsverlaeufe VALUES('BV_0275', TO_DATE('2021-07-11 20:24:54', 'YYYY-MM-DD HH24:MI:ss'), 'CHECK-OUT', 'CC_016');
INSERT INTO buchungsverlaeufe VALUES('BV_0276', TO_DATE('2021-11-17 15:02:51', 'YYYY-MM-DD HH24:MI:ss'), 'CHECK-IN', 'CC_016');
INSERT INTO buchungsverlaeufe VALUES('BV_0277', TO_DATE('2021-11-17 17:44:51', 'YYYY-MM-DD HH24:MI:ss'), 'CHECK-OUT', 'CC_016');
INSERT INTO buchungsverlaeufe VALUES('BV_0278', TO_DATE('2021-09-30 15:37:45', 'YYYY-MM-DD HH24:MI:ss'), 'CHECK-IN', 'CC_016');
INSERT INTO buchungsverlaeufe VALUES('BV_0279', TO_DATE('2021-09-30 16:37:50', 'YYYY-MM-DD HH24:MI:ss'), 'CHECK-OUT', 'CC_016');
INSERT INTO buchungsverlaeufe VALUES('BV_0280', TO_DATE('2021-06-30 10:09:22', 'YYYY-MM-DD HH24:MI:ss'), 'ABBUCHUNG', 'CC_017');
INSERT INTO buchungsverlaeufe VALUES('BV_0281', TO_DATE('2021-12-20 17:44:59', 'YYYY-MM-DD HH24:MI:ss'), 'ABBUCHUNG', 'CC_017');
INSERT INTO buchungsverlaeufe VALUES('BV_0282', TO_DATE('2021-03-19 20:26:18', 'YYYY-MM-DD HH24:MI:ss'), 'ABBUCHUNG', 'CC_017');
INSERT INTO buchungsverlaeufe VALUES('BV_0283', TO_DATE('2021-03-14 12:35:44', 'YYYY-MM-DD HH24:MI:ss'), 'CHECK-IN', 'CC_017');
INSERT INTO buchungsverlaeufe VALUES('BV_0284', TO_DATE('2021-03-14 13:35:44', 'YYYY-MM-DD HH24:MI:ss'), 'CHECK-OUT', 'CC_017');
INSERT INTO buchungsverlaeufe VALUES('BV_0285', TO_DATE('2021-04-24 10:04:37', 'YYYY-MM-DD HH24:MI:ss'), 'CHECK-IN', 'CC_017');
INSERT INTO buchungsverlaeufe VALUES('BV_0286', TO_DATE('2021-04-24 12:04:37', 'YYYY-MM-DD HH24:MI:ss'), 'CHECK-OUT', 'CC_017');
INSERT INTO buchungsverlaeufe VALUES('BV_0287', TO_DATE('2021-10-04 16:31:06', 'YYYY-MM-DD HH24:MI:ss'), 'CHECK-IN', 'CC_017');
INSERT INTO buchungsverlaeufe VALUES('BV_0288', TO_DATE('2021-10-04 17:31:36', 'YYYY-MM-DD HH24:MI:ss'), 'CHECK-OUT', 'CC_017');
INSERT INTO buchungsverlaeufe VALUES('BV_0289', TO_DATE('2021-06-26 09:18:08', 'YYYY-MM-DD HH24:MI:ss'), 'CHECK-IN', 'CC_017');
INSERT INTO buchungsverlaeufe VALUES('BV_0290', TO_DATE('2021-06-26 11:31:14', 'YYYY-MM-DD HH24:MI:ss'), 'CHECK-OUT', 'CC_017');
INSERT INTO buchungsverlaeufe VALUES('BV_0291', TO_DATE('2021-04-23 14:57:57', 'YYYY-MM-DD HH24:MI:ss'), 'GUTSCHRIFT', 'CC_017');
INSERT INTO buchungsverlaeufe VALUES('BV_0292', TO_DATE('2021-02-01 16:06:24', 'YYYY-MM-DD HH24:MI:ss'), 'GUTSCHRIFT', 'CC_017');
INSERT INTO buchungsverlaeufe VALUES('BV_0293', TO_DATE('2021-03-03 10:56:32', 'YYYY-MM-DD HH24:MI:ss'), 'CHECK-IN', 'CC_017');
INSERT INTO buchungsverlaeufe VALUES('BV_0294', TO_DATE('2021-03-03 12:56:32', 'YYYY-MM-DD HH24:MI:ss'), 'CHECK-OUT', 'CC_017');
INSERT INTO buchungsverlaeufe VALUES('BV_0295', TO_DATE('2021-10-20 16:18:17', 'YYYY-MM-DD HH24:MI:ss'), 'CHECK-IN', 'CC_017');
INSERT INTO buchungsverlaeufe VALUES('BV_0296', TO_DATE('2021-10-20 17:48:17', 'YYYY-MM-DD HH24:MI:ss'), 'CHECK-OUT', 'CC_017');
INSERT INTO buchungsverlaeufe VALUES('BV_0297', TO_DATE('2021-12-05 20:48:48', 'YYYY-MM-DD HH24:MI:ss'), 'CHECK-IN', 'CC_017');
INSERT INTO buchungsverlaeufe VALUES('BV_0298', TO_DATE('2021-12-05 22:48:48', 'YYYY-MM-DD HH24:MI:ss'), 'CHECK-OUT', 'CC_017');
INSERT INTO buchungsverlaeufe VALUES('BV_0299', TO_DATE('2021-02-01 17:40:16', 'YYYY-MM-DD HH24:MI:ss'), 'CHECK-IN', 'CC_018');
INSERT INTO buchungsverlaeufe VALUES('BV_0300', TO_DATE('2021-02-01 18:40:16', 'YYYY-MM-DD HH24:MI:ss'), 'CHECK-OUT', 'CC_018');
INSERT INTO buchungsverlaeufe VALUES('BV_0301', TO_DATE('2021-12-03 10:59:13', 'YYYY-MM-DD HH24:MI:ss'), 'CHECK-IN', 'CC_018');
INSERT INTO buchungsverlaeufe VALUES('BV_0302', TO_DATE('2021-12-03 12:59:44', 'YYYY-MM-DD HH24:MI:ss'), 'CHECK-OUT', 'CC_018');
INSERT INTO buchungsverlaeufe VALUES('BV_0303', TO_DATE('2021-10-04 20:28:20', 'YYYY-MM-DD HH24:MI:ss'), 'GUTSCHRIFT', 'CC_018');
INSERT INTO buchungsverlaeufe VALUES('BV_0304', TO_DATE('2021-11-08 16:17:16', 'YYYY-MM-DD HH24:MI:ss'), 'GUTSCHRIFT', 'CC_018');
INSERT INTO buchungsverlaeufe VALUES('BV_0305', TO_DATE('2021-06-30 19:19:04', 'YYYY-MM-DD HH24:MI:ss'), 'CHECK-IN', 'CC_018');
INSERT INTO buchungsverlaeufe VALUES('BV_0306', TO_DATE('2021-06-30 20:24:28', 'YYYY-MM-DD HH24:MI:ss'), 'CHECK-OUT', 'CC_018');
INSERT INTO buchungsverlaeufe VALUES('BV_0307', TO_DATE('2021-01-04 12:15:55', 'YYYY-MM-DD HH24:MI:ss'), 'ABBUCHUNG', 'CC_018');
INSERT INTO buchungsverlaeufe VALUES('BV_0308', TO_DATE('2021-11-04 13:17:05', 'YYYY-MM-DD HH24:MI:ss'), 'ABBUCHUNG', 'CC_018');
INSERT INTO buchungsverlaeufe VALUES('BV_0309', TO_DATE('2021-04-08 09:05:42', 'YYYY-MM-DD HH24:MI:ss'), 'CHECK-IN', 'CC_018');
INSERT INTO buchungsverlaeufe VALUES('BV_0310', TO_DATE('2021-04-08 11:53:42', 'YYYY-MM-DD HH24:MI:ss'), 'CHECK-OUT', 'CC_018');
INSERT INTO buchungsverlaeufe VALUES('BV_0311', TO_DATE('2021-12-21 20:01:43', 'YYYY-MM-DD HH24:MI:ss'), 'GUTSCHRIFT', 'CC_018');
INSERT INTO buchungsverlaeufe VALUES('BV_0312', TO_DATE('2021-02-16 19:51:44', 'YYYY-MM-DD HH24:MI:ss'), 'CHECK-IN', 'CC_018');
INSERT INTO buchungsverlaeufe VALUES('BV_0313', TO_DATE('2021-02-16 21:51:52', 'YYYY-MM-DD HH24:MI:ss'), 'CHECK-OUT', 'CC_018');
INSERT INTO buchungsverlaeufe VALUES('BV_0314', TO_DATE('2021-06-08 20:13:43', 'YYYY-MM-DD HH24:MI:ss'), 'GUTSCHRIFT', 'CC_018');
INSERT INTO buchungsverlaeufe VALUES('BV_0315', TO_DATE('2021-12-31 12:42:12', 'YYYY-MM-DD HH24:MI:ss'), 'ABBUCHUNG', 'CC_019');
INSERT INTO buchungsverlaeufe VALUES('BV_0316', TO_DATE('2021-05-01 12:39:45', 'YYYY-MM-DD HH24:MI:ss'), 'CHECK-IN', 'CC_019');
INSERT INTO buchungsverlaeufe VALUES('BV_0317', TO_DATE('2021-05-01 14:56:45', 'YYYY-MM-DD HH24:MI:ss'), 'CHECK-OUT', 'CC_019');
INSERT INTO buchungsverlaeufe VALUES('BV_0318', TO_DATE('2021-03-20 19:27:16', 'YYYY-MM-DD HH24:MI:ss'), 'GUTSCHRIFT', 'CC_019');
INSERT INTO buchungsverlaeufe VALUES('BV_0319', TO_DATE('2021-08-27 15:25:27', 'YYYY-MM-DD HH24:MI:ss'), 'CHECK-IN', 'CC_019');
INSERT INTO buchungsverlaeufe VALUES('BV_0320', TO_DATE('2021-08-27 17:36:27', 'YYYY-MM-DD HH24:MI:ss'), 'CHECK-OUT', 'CC_019');
INSERT INTO buchungsverlaeufe VALUES('BV_0321', TO_DATE('2021-11-18 09:59:48', 'YYYY-MM-DD HH24:MI:ss'), 'GUTSCHRIFT', 'CC_019');
INSERT INTO buchungsverlaeufe VALUES('BV_0322', TO_DATE('2021-05-02 11:58:45', 'YYYY-MM-DD HH24:MI:ss'), 'CHECK-IN', 'CC_019');
INSERT INTO buchungsverlaeufe VALUES('BV_0323', TO_DATE('2021-05-02 12:58:45', 'YYYY-MM-DD HH24:MI:ss'), 'CHECK-OUT', 'CC_019');
INSERT INTO buchungsverlaeufe VALUES('BV_0324', TO_DATE('2021-07-02 13:04:06', 'YYYY-MM-DD HH24:MI:ss'), 'ABBUCHUNG', 'CC_019');
INSERT INTO buchungsverlaeufe VALUES('BV_0325', TO_DATE('2021-10-16 09:27:43', 'YYYY-MM-DD HH24:MI:ss'), 'GUTSCHRIFT', 'CC_019');
INSERT INTO buchungsverlaeufe VALUES('BV_0326', TO_DATE('2021-04-21 12:50:35', 'YYYY-MM-DD HH24:MI:ss'), 'CHECK-IN', 'CC_019');
INSERT INTO buchungsverlaeufe VALUES('BV_0327', TO_DATE('2021-04-21 14:50:36', 'YYYY-MM-DD HH24:MI:ss'), 'CHECK-OUT', 'CC_019');
INSERT INTO buchungsverlaeufe VALUES('BV_0328', TO_DATE('2021-06-24 09:26:37', 'YYYY-MM-DD HH24:MI:ss'), 'CHECK-IN', 'CC_019');
INSERT INTO buchungsverlaeufe VALUES('BV_0329', TO_DATE('2021-06-24 11:36:47', 'YYYY-MM-DD HH24:MI:ss'), 'CHECK-OUT', 'CC_019');
INSERT INTO buchungsverlaeufe VALUES('BV_0330', TO_DATE('2021-07-19 11:02:12', 'YYYY-MM-DD HH24:MI:ss'), 'CHECK-IN', 'CC_020');
INSERT INTO buchungsverlaeufe VALUES('BV_0331', TO_DATE('2021-07-19 12:08:25', 'YYYY-MM-DD HH24:MI:ss'), 'CHECK-OUT', 'CC_020');
INSERT INTO buchungsverlaeufe VALUES('BV_0332', TO_DATE('2021-04-29 18:43:09', 'YYYY-MM-DD HH24:MI:ss'), 'ABBUCHUNG', 'CC_020');
INSERT INTO buchungsverlaeufe VALUES('BV_0333', TO_DATE('2021-08-10 20:41:27', 'YYYY-MM-DD HH24:MI:ss'), 'CHECK-IN', 'CC_020');
INSERT INTO buchungsverlaeufe VALUES('BV_0334', TO_DATE('2021-08-10 21:41:43', 'YYYY-MM-DD HH24:MI:ss'), 'CHECK-OUT', 'CC_020');
INSERT INTO buchungsverlaeufe VALUES('BV_0335', TO_DATE('2021-10-14 12:50:06', 'YYYY-MM-DD HH24:MI:ss'), 'GUTSCHRIFT', 'CC_020');
INSERT INTO buchungsverlaeufe VALUES('BV_0336', TO_DATE('2021-06-06 16:05:22', 'YYYY-MM-DD HH24:MI:ss'), 'ABBUCHUNG', 'CC_020');
INSERT INTO buchungsverlaeufe VALUES('BV_0337', TO_DATE('2021-02-14 18:54:23', 'YYYY-MM-DD HH24:MI:ss'), 'CHECK-IN', 'CC_020');
INSERT INTO buchungsverlaeufe VALUES('BV_0338', TO_DATE('2021-02-14 19:54:23', 'YYYY-MM-DD HH24:MI:ss'), 'CHECK-OUT', 'CC_020');
INSERT INTO buchungsverlaeufe VALUES('BV_0339', TO_DATE('2021-06-05 18:17:22', 'YYYY-MM-DD HH24:MI:ss'), 'GUTSCHRIFT', 'CC_020');
INSERT INTO buchungsverlaeufe VALUES('BV_0340', TO_DATE('2021-06-19 20:40:49', 'YYYY-MM-DD HH24:MI:ss'), 'GUTSCHRIFT', 'CC_020');
INSERT INTO buchungsverlaeufe VALUES('BV_0341', TO_DATE('2021-12-07 09:57:04', 'YYYY-MM-DD HH24:MI:ss'), 'CHECK-IN', 'CC_020');
INSERT INTO buchungsverlaeufe VALUES('BV_0342', TO_DATE('2021-12-07 10:57:12', 'YYYY-MM-DD HH24:MI:ss'), 'CHECK-OUT', 'CC_020');
INSERT INTO buchungsverlaeufe VALUES('BV_0343', TO_DATE('2021-08-04 16:05:42', 'YYYY-MM-DD HH24:MI:ss'), 'ABBUCHUNG', 'CC_020');
INSERT INTO buchungsverlaeufe VALUES('BV_0344', TO_DATE('2021-08-11 17:53:17', 'YYYY-MM-DD HH24:MI:ss'), 'CHECK-IN', 'CC_020');
INSERT INTO buchungsverlaeufe VALUES('BV_0345', TO_DATE('2021-08-11 18:53:18', 'YYYY-MM-DD HH24:MI:ss'), 'CHECK-OUT', 'CC_020');
INSERT INTO buchungsverlaeufe VALUES('BV_0346', TO_DATE('2021-06-08 16:09:39', 'YYYY-MM-DD HH24:MI:ss'), 'ABBUCHUNG', 'CC_020');
INSERT INTO buchungsverlaeufe VALUES('BV_0347', TO_DATE('2021-03-11 16:35:07', 'YYYY-MM-DD HH24:MI:ss'), 'ABBUCHUNG', 'CC_021');
INSERT INTO buchungsverlaeufe VALUES('BV_0348', TO_DATE('2021-01-03 14:47:07', 'YYYY-MM-DD HH24:MI:ss'), 'GUTSCHRIFT', 'CC_021');
INSERT INTO buchungsverlaeufe VALUES('BV_0349', TO_DATE('2021-02-15 09:21:10', 'YYYY-MM-DD HH24:MI:ss'), 'CHECK-IN', 'CC_021');
INSERT INTO buchungsverlaeufe VALUES('BV_0350', TO_DATE('2021-02-15 10:27:46', 'YYYY-MM-DD HH24:MI:ss'), 'CHECK-OUT', 'CC_021');
INSERT INTO buchungsverlaeufe VALUES('BV_0351', TO_DATE('2021-09-19 14:27:40', 'YYYY-MM-DD HH24:MI:ss'), 'CHECK-IN', 'CC_021');
INSERT INTO buchungsverlaeufe VALUES('BV_0352', TO_DATE('2021-09-19 15:43:40', 'YYYY-MM-DD HH24:MI:ss'), 'CHECK-OUT', 'CC_021');
INSERT INTO buchungsverlaeufe VALUES('BV_0353', TO_DATE('2021-09-04 13:43:15', 'YYYY-MM-DD HH24:MI:ss'), 'GUTSCHRIFT', 'CC_021');
INSERT INTO buchungsverlaeufe VALUES('BV_0354', TO_DATE('2021-02-24 20:18:15', 'YYYY-MM-DD HH24:MI:ss'), 'CHECK-IN', 'CC_021');
INSERT INTO buchungsverlaeufe VALUES('BV_0355', TO_DATE('2021-02-24 22:18:40', 'YYYY-MM-DD HH24:MI:ss'), 'CHECK-OUT', 'CC_021');
INSERT INTO buchungsverlaeufe VALUES('BV_0356', TO_DATE('2021-04-28 17:09:50', 'YYYY-MM-DD HH24:MI:ss'), 'GUTSCHRIFT', 'CC_021');
INSERT INTO buchungsverlaeufe VALUES('BV_0357', TO_DATE('2021-05-18 11:57:27', 'YYYY-MM-DD HH24:MI:ss'), 'CHECK-IN', 'CC_021');
INSERT INTO buchungsverlaeufe VALUES('BV_0358', TO_DATE('2021-05-18 13:57:47', 'YYYY-MM-DD HH24:MI:ss'), 'CHECK-OUT', 'CC_021');
INSERT INTO buchungsverlaeufe VALUES('BV_0359', TO_DATE('2021-07-05 10:23:32', 'YYYY-MM-DD HH24:MI:ss'), 'CHECK-IN', 'CC_021');
INSERT INTO buchungsverlaeufe VALUES('BV_0360', TO_DATE('2021-07-05 11:41:32', 'YYYY-MM-DD HH24:MI:ss'), 'CHECK-OUT', 'CC_021');
INSERT INTO buchungsverlaeufe VALUES('BV_0361', TO_DATE('2021-11-27 11:36:40', 'YYYY-MM-DD HH24:MI:ss'), 'ABBUCHUNG', 'CC_021');
INSERT INTO buchungsverlaeufe VALUES('BV_0362', TO_DATE('2021-04-06 10:35:53', 'YYYY-MM-DD HH24:MI:ss'), 'CHECK-IN', 'CC_021');
INSERT INTO buchungsverlaeufe VALUES('BV_0363', TO_DATE('2021-04-06 11:35:53', 'YYYY-MM-DD HH24:MI:ss'), 'CHECK-OUT', 'CC_021');
INSERT INTO buchungsverlaeufe VALUES('BV_0364', TO_DATE('2021-06-24 11:05:44', 'YYYY-MM-DD HH24:MI:ss'), 'CHECK-IN', 'CC_021');
INSERT INTO buchungsverlaeufe VALUES('BV_0365', TO_DATE('2021-06-24 13:35:47', 'YYYY-MM-DD HH24:MI:ss'), 'CHECK-OUT', 'CC_021');
INSERT INTO buchungsverlaeufe VALUES('BV_0366', TO_DATE('2021-06-16 14:33:30', 'YYYY-MM-DD HH24:MI:ss'), 'CHECK-IN', 'CC_021');
INSERT INTO buchungsverlaeufe VALUES('BV_0367', TO_DATE('2021-06-16 16:33:51', 'YYYY-MM-DD HH24:MI:ss'), 'CHECK-OUT', 'CC_021');
INSERT INTO buchungsverlaeufe VALUES('BV_0368', TO_DATE('2021-01-23 16:42:08', 'YYYY-MM-DD HH24:MI:ss'), 'GUTSCHRIFT', 'CC_022');
INSERT INTO buchungsverlaeufe VALUES('BV_0369', TO_DATE('2021-03-27 11:23:00', 'YYYY-MM-DD HH24:MI:ss'), 'ABBUCHUNG', 'CC_022');
INSERT INTO buchungsverlaeufe VALUES('BV_0370', TO_DATE('2021-03-30 14:57:41', 'YYYY-MM-DD HH24:MI:ss'), 'CHECK-IN', 'CC_022');
INSERT INTO buchungsverlaeufe VALUES('BV_0371', TO_DATE('2021-03-30 16:57:41', 'YYYY-MM-DD HH24:MI:ss'), 'CHECK-OUT', 'CC_022');
INSERT INTO buchungsverlaeufe VALUES('BV_0372', TO_DATE('2021-11-17 09:07:26', 'YYYY-MM-DD HH24:MI:ss'), 'ABBUCHUNG', 'CC_022');
INSERT INTO buchungsverlaeufe VALUES('BV_0373', TO_DATE('2021-03-13 17:14:02', 'YYYY-MM-DD HH24:MI:ss'), 'GUTSCHRIFT', 'CC_022');
INSERT INTO buchungsverlaeufe VALUES('BV_0374', TO_DATE('2021-10-18 17:44:04', 'YYYY-MM-DD HH24:MI:ss'), 'GUTSCHRIFT', 'CC_022');
INSERT INTO buchungsverlaeufe VALUES('BV_0375', TO_DATE('2021-06-26 10:35:11', 'YYYY-MM-DD HH24:MI:ss'), 'CHECK-IN', 'CC_022');
INSERT INTO buchungsverlaeufe VALUES('BV_0376', TO_DATE('2021-06-26 12:46:57', 'YYYY-MM-DD HH24:MI:ss'), 'CHECK-OUT', 'CC_022');
INSERT INTO buchungsverlaeufe VALUES('BV_0377', TO_DATE('2021-06-13 17:17:05', 'YYYY-MM-DD HH24:MI:ss'), 'CHECK-IN', 'CC_022');
INSERT INTO buchungsverlaeufe VALUES('BV_0378', TO_DATE('2021-06-13 19:38:05', 'YYYY-MM-DD HH24:MI:ss'), 'CHECK-OUT', 'CC_022');
INSERT INTO buchungsverlaeufe VALUES('BV_0379', TO_DATE('2021-03-18 10:28:25', 'YYYY-MM-DD HH24:MI:ss'), 'CHECK-IN', 'CC_022');
INSERT INTO buchungsverlaeufe VALUES('BV_0380', TO_DATE('2021-03-18 12:30:55', 'YYYY-MM-DD HH24:MI:ss'), 'CHECK-OUT', 'CC_022');
INSERT INTO buchungsverlaeufe VALUES('BV_0381', TO_DATE('2021-04-16 12:43:56', 'YYYY-MM-DD HH24:MI:ss'), 'GUTSCHRIFT', 'CC_022');
INSERT INTO buchungsverlaeufe VALUES('BV_0382', TO_DATE('2021-10-18 15:56:40', 'YYYY-MM-DD HH24:MI:ss'), 'GUTSCHRIFT', 'CC_022');
INSERT INTO buchungsverlaeufe VALUES('BV_0383', TO_DATE('2021-04-18 18:03:03', 'YYYY-MM-DD HH24:MI:ss'), 'GUTSCHRIFT', 'CC_022');
INSERT INTO buchungsverlaeufe VALUES('BV_0384', TO_DATE('2021-07-30 20:23:56', 'YYYY-MM-DD HH24:MI:ss'), 'ABBUCHUNG', 'CC_022');
INSERT INTO buchungsverlaeufe VALUES('BV_0385', TO_DATE('2021-01-10 16:04:23', 'YYYY-MM-DD HH24:MI:ss'), 'CHECK-IN', 'CC_022');
INSERT INTO buchungsverlaeufe VALUES('BV_0386', TO_DATE('2021-01-10 18:51:38', 'YYYY-MM-DD HH24:MI:ss'), 'CHECK-OUT', 'CC_022');
INSERT INTO buchungsverlaeufe VALUES('BV_0387', TO_DATE('2021-11-07 17:22:43', 'YYYY-MM-DD HH24:MI:ss'), 'CHECK-IN', 'CC_022');
INSERT INTO buchungsverlaeufe VALUES('BV_0388', TO_DATE('2021-11-07 19:49:43', 'YYYY-MM-DD HH24:MI:ss'), 'CHECK-OUT', 'CC_022');
INSERT INTO buchungsverlaeufe VALUES('BV_0389', TO_DATE('2021-02-03 12:12:48', 'YYYY-MM-DD HH24:MI:ss'), 'CHECK-IN', 'CC_022');
INSERT INTO buchungsverlaeufe VALUES('BV_0390', TO_DATE('2021-02-03 14:12:59', 'YYYY-MM-DD HH24:MI:ss'), 'CHECK-OUT', 'CC_022');
INSERT INTO buchungsverlaeufe VALUES('BV_0391', TO_DATE('2021-06-26 17:33:28', 'YYYY-MM-DD HH24:MI:ss'), 'CHECK-IN', 'CC_023');
INSERT INTO buchungsverlaeufe VALUES('BV_0392', TO_DATE('2021-06-26 18:33:28', 'YYYY-MM-DD HH24:MI:ss'), 'CHECK-OUT', 'CC_023');
INSERT INTO buchungsverlaeufe VALUES('BV_0393', TO_DATE('2021-11-03 15:52:46', 'YYYY-MM-DD HH24:MI:ss'), 'CHECK-IN', 'CC_023');
INSERT INTO buchungsverlaeufe VALUES('BV_0394', TO_DATE('2021-11-03 16:52:46', 'YYYY-MM-DD HH24:MI:ss'), 'CHECK-OUT', 'CC_023');
INSERT INTO buchungsverlaeufe VALUES('BV_0395', TO_DATE('2021-12-18 14:57:12', 'YYYY-MM-DD HH24:MI:ss'), 'CHECK-IN', 'CC_023');
INSERT INTO buchungsverlaeufe VALUES('BV_0396', TO_DATE('2021-12-18 16:57:15', 'YYYY-MM-DD HH24:MI:ss'), 'CHECK-OUT', 'CC_023');
INSERT INTO buchungsverlaeufe VALUES('BV_0397', TO_DATE('2021-03-18 12:10:31', 'YYYY-MM-DD HH24:MI:ss'), 'ABBUCHUNG', 'CC_023');
INSERT INTO buchungsverlaeufe VALUES('BV_0398', TO_DATE('2021-01-01 14:22:29', 'YYYY-MM-DD HH24:MI:ss'), 'ABBUCHUNG', 'CC_023');
INSERT INTO buchungsverlaeufe VALUES('BV_0399', TO_DATE('2021-11-18 09:47:36', 'YYYY-MM-DD HH24:MI:ss'), 'ABBUCHUNG', 'CC_023');
INSERT INTO buchungsverlaeufe VALUES('BV_0400', TO_DATE('2021-03-20 11:21:07', 'YYYY-MM-DD HH24:MI:ss'), 'ABBUCHUNG', 'CC_023');
INSERT INTO buchungsverlaeufe VALUES('BV_0401', TO_DATE('2021-09-26 19:27:38', 'YYYY-MM-DD HH24:MI:ss'), 'ABBUCHUNG', 'CC_023');
INSERT INTO buchungsverlaeufe VALUES('BV_0402', TO_DATE('2021-01-26 19:19:34', 'YYYY-MM-DD HH24:MI:ss'), 'GUTSCHRIFT', 'CC_023');
INSERT INTO buchungsverlaeufe VALUES('BV_0403', TO_DATE('2021-02-19 09:00:01', 'YYYY-MM-DD HH24:MI:ss'), 'CHECK-IN', 'CC_023');
INSERT INTO buchungsverlaeufe VALUES('BV_0404', TO_DATE('2021-02-19 10:07:21', 'YYYY-MM-DD HH24:MI:ss'), 'CHECK-OUT', 'CC_023');
INSERT INTO buchungsverlaeufe VALUES('BV_0405', TO_DATE('2021-07-03 17:12:21', 'YYYY-MM-DD HH24:MI:ss'), 'GUTSCHRIFT', 'CC_023');
INSERT INTO buchungsverlaeufe VALUES('BV_0406', TO_DATE('2021-10-26 15:08:03', 'YYYY-MM-DD HH24:MI:ss'), 'ABBUCHUNG', 'CC_024');
INSERT INTO buchungsverlaeufe VALUES('BV_0407', TO_DATE('2021-09-19 09:13:17', 'YYYY-MM-DD HH24:MI:ss'), 'GUTSCHRIFT', 'CC_024');
INSERT INTO buchungsverlaeufe VALUES('BV_0408', TO_DATE('2021-06-19 12:18:37', 'YYYY-MM-DD HH24:MI:ss'), 'ABBUCHUNG', 'CC_024');
INSERT INTO buchungsverlaeufe VALUES('BV_0409', TO_DATE('2021-02-05 10:19:48', 'YYYY-MM-DD HH24:MI:ss'), 'CHECK-IN', 'CC_024');
INSERT INTO buchungsverlaeufe VALUES('BV_0410', TO_DATE('2021-02-05 12:50:48', 'YYYY-MM-DD HH24:MI:ss'), 'CHECK-OUT', 'CC_024');
INSERT INTO buchungsverlaeufe VALUES('BV_0411', TO_DATE('2021-11-26 19:17:58', 'YYYY-MM-DD HH24:MI:ss'), 'GUTSCHRIFT', 'CC_024');
INSERT INTO buchungsverlaeufe VALUES('BV_0412', TO_DATE('2021-07-09 09:45:40', 'YYYY-MM-DD HH24:MI:ss'), 'GUTSCHRIFT', 'CC_024');
INSERT INTO buchungsverlaeufe VALUES('BV_0413', TO_DATE('2021-05-26 17:28:25', 'YYYY-MM-DD HH24:MI:ss'), 'GUTSCHRIFT', 'CC_024');
INSERT INTO buchungsverlaeufe VALUES('BV_0414', TO_DATE('2021-11-19 12:01:56', 'YYYY-MM-DD HH24:MI:ss'), 'ABBUCHUNG', 'CC_025');
INSERT INTO buchungsverlaeufe VALUES('BV_0415', TO_DATE('2021-02-21 16:16:12', 'YYYY-MM-DD HH24:MI:ss'), 'ABBUCHUNG', 'CC_025');
INSERT INTO buchungsverlaeufe VALUES('BV_0416', TO_DATE('2021-12-05 17:29:09', 'YYYY-MM-DD HH24:MI:ss'), 'ABBUCHUNG', 'CC_025');
INSERT INTO buchungsverlaeufe VALUES('BV_0417', TO_DATE('2021-12-15 16:57:07', 'YYYY-MM-DD HH24:MI:ss'), 'CHECK-IN', 'CC_025');
INSERT INTO buchungsverlaeufe VALUES('BV_0418', TO_DATE('2021-12-15 17:57:55', 'YYYY-MM-DD HH24:MI:ss'), 'CHECK-OUT', 'CC_025');
INSERT INTO buchungsverlaeufe VALUES('BV_0419', TO_DATE('2021-07-10 20:20:40', 'YYYY-MM-DD HH24:MI:ss'), 'CHECK-IN', 'CC_025');
INSERT INTO buchungsverlaeufe VALUES('BV_0420', TO_DATE('2021-07-10 21:20:40', 'YYYY-MM-DD HH24:MI:ss'), 'CHECK-OUT', 'CC_025');
INSERT INTO buchungsverlaeufe VALUES('BV_0421', TO_DATE('2021-12-17 20:53:02', 'YYYY-MM-DD HH24:MI:ss'), 'CHECK-IN', 'CC_025');
INSERT INTO buchungsverlaeufe VALUES('BV_0422', TO_DATE('2021-12-17 21:53:15', 'YYYY-MM-DD HH24:MI:ss'), 'CHECK-OUT', 'CC_025');
INSERT INTO buchungsverlaeufe VALUES('BV_0423', TO_DATE('2021-06-29 09:25:20', 'YYYY-MM-DD HH24:MI:ss'), 'ABBUCHUNG', 'CC_025');
INSERT INTO buchungsverlaeufe VALUES('BV_0424', TO_DATE('2021-05-02 13:27:37', 'YYYY-MM-DD HH24:MI:ss'), 'CHECK-IN', 'CC_025');
INSERT INTO buchungsverlaeufe VALUES('BV_0425', TO_DATE('2021-05-02 15:27:37', 'YYYY-MM-DD HH24:MI:ss'), 'CHECK-OUT', 'CC_025');
INSERT INTO buchungsverlaeufe VALUES('BV_0426', TO_DATE('2021-01-24 15:56:32', 'YYYY-MM-DD HH24:MI:ss'), 'GUTSCHRIFT', 'CC_025');
INSERT INTO buchungsverlaeufe VALUES('BV_0427', TO_DATE('2021-09-27 09:43:10', 'YYYY-MM-DD HH24:MI:ss'), 'ABBUCHUNG', 'CC_025');
INSERT INTO buchungsverlaeufe VALUES('BV_0428', TO_DATE('2021-07-20 09:05:38', 'YYYY-MM-DD HH24:MI:ss'), 'CHECK-IN', 'CC_025');
INSERT INTO buchungsverlaeufe VALUES('BV_0429', TO_DATE('2021-07-20 10:33:38', 'YYYY-MM-DD HH24:MI:ss'), 'CHECK-OUT', 'CC_025');
INSERT INTO buchungsverlaeufe VALUES('BV_0430', TO_DATE('2021-01-18 15:29:53', 'YYYY-MM-DD HH24:MI:ss'), 'CHECK-IN', 'CC_025');
INSERT INTO buchungsverlaeufe VALUES('BV_0431', TO_DATE('2021-01-18 17:53:53', 'YYYY-MM-DD HH24:MI:ss'), 'CHECK-OUT', 'CC_025');
INSERT INTO buchungsverlaeufe VALUES('BV_0432', TO_DATE('2021-10-26 10:13:33', 'YYYY-MM-DD HH24:MI:ss'), 'CHECK-IN', 'CC_025');
INSERT INTO buchungsverlaeufe VALUES('BV_0433', TO_DATE('2021-10-26 12:13:33', 'YYYY-MM-DD HH24:MI:ss'), 'CHECK-OUT', 'CC_025');
INSERT INTO buchungsverlaeufe VALUES('BV_0434', TO_DATE('2021-12-02 10:46:34', 'YYYY-MM-DD HH24:MI:ss'), 'CHECK-IN', 'CC_025');
INSERT INTO buchungsverlaeufe VALUES('BV_0435', TO_DATE('2021-12-02 12:46:36', 'YYYY-MM-DD HH24:MI:ss'), 'CHECK-OUT', 'CC_025');
INSERT INTO buchungsverlaeufe VALUES('BV_0436', TO_DATE('2021-06-29 17:55:52', 'YYYY-MM-DD HH24:MI:ss'), 'ABBUCHUNG', 'CC_025');
INSERT INTO buchungsverlaeufe VALUES('BV_0437', TO_DATE('2021-03-15 18:47:42', 'YYYY-MM-DD HH24:MI:ss'), 'CHECK-IN', 'CC_026');
INSERT INTO buchungsverlaeufe VALUES('BV_0438', TO_DATE('2021-03-15 20:47:42', 'YYYY-MM-DD HH24:MI:ss'), 'CHECK-OUT', 'CC_026');
INSERT INTO buchungsverlaeufe VALUES('BV_0439', TO_DATE('2021-10-03 13:37:36', 'YYYY-MM-DD HH24:MI:ss'), 'CHECK-IN', 'CC_026');
INSERT INTO buchungsverlaeufe VALUES('BV_0440', TO_DATE('2021-10-03 14:37:36', 'YYYY-MM-DD HH24:MI:ss'), 'CHECK-OUT', 'CC_026');
INSERT INTO buchungsverlaeufe VALUES('BV_0441', TO_DATE('2021-11-16 10:15:03', 'YYYY-MM-DD HH24:MI:ss'), 'GUTSCHRIFT', 'CC_026');
INSERT INTO buchungsverlaeufe VALUES('BV_0442', TO_DATE('2021-03-19 18:16:24', 'YYYY-MM-DD HH24:MI:ss'), 'ABBUCHUNG', 'CC_026');
INSERT INTO buchungsverlaeufe VALUES('BV_0443', TO_DATE('2021-06-25 14:10:45', 'YYYY-MM-DD HH24:MI:ss'), 'GUTSCHRIFT', 'CC_026');
INSERT INTO buchungsverlaeufe VALUES('BV_0444', TO_DATE('2021-10-14 20:25:25', 'YYYY-MM-DD HH24:MI:ss'), 'GUTSCHRIFT', 'CC_026');
INSERT INTO buchungsverlaeufe VALUES('BV_0445', TO_DATE('2021-11-06 15:33:43', 'YYYY-MM-DD HH24:MI:ss'), 'CHECK-IN', 'CC_026');
INSERT INTO buchungsverlaeufe VALUES('BV_0446', TO_DATE('2021-11-06 16:49:43', 'YYYY-MM-DD HH24:MI:ss'), 'CHECK-OUT', 'CC_026');
INSERT INTO buchungsverlaeufe VALUES('BV_0447', TO_DATE('2021-10-05 15:08:54', 'YYYY-MM-DD HH24:MI:ss'), 'GUTSCHRIFT', 'CC_026');
INSERT INTO buchungsverlaeufe VALUES('BV_0448', TO_DATE('2021-03-05 13:29:12', 'YYYY-MM-DD HH24:MI:ss'), 'CHECK-IN', 'CC_026');
INSERT INTO buchungsverlaeufe VALUES('BV_0449', TO_DATE('2021-03-05 14:58:12', 'YYYY-MM-DD HH24:MI:ss'), 'CHECK-OUT', 'CC_026');
INSERT INTO buchungsverlaeufe VALUES('BV_0450', TO_DATE('2021-11-04 20:18:36', 'YYYY-MM-DD HH24:MI:ss'), 'CHECK-IN', 'CC_026');
INSERT INTO buchungsverlaeufe VALUES('BV_0451', TO_DATE('2021-11-04 22:18:36', 'YYYY-MM-DD HH24:MI:ss'), 'CHECK-OUT', 'CC_026');
INSERT INTO buchungsverlaeufe VALUES('BV_0452', TO_DATE('2021-09-03 17:32:13', 'YYYY-MM-DD HH24:MI:ss'), 'GUTSCHRIFT', 'CC_026');
INSERT INTO buchungsverlaeufe VALUES('BV_0453', TO_DATE('2021-09-01 16:20:01', 'YYYY-MM-DD HH24:MI:ss'), 'GUTSCHRIFT', 'CC_026');
INSERT INTO buchungsverlaeufe VALUES('BV_0454', TO_DATE('2021-10-09 20:03:39', 'YYYY-MM-DD HH24:MI:ss'), 'ABBUCHUNG', 'CC_027');
INSERT INTO buchungsverlaeufe VALUES('BV_0455', TO_DATE('2021-01-31 16:22:10', 'YYYY-MM-DD HH24:MI:ss'), 'GUTSCHRIFT', 'CC_027');
INSERT INTO buchungsverlaeufe VALUES('BV_0456', TO_DATE('2021-04-17 19:16:01', 'YYYY-MM-DD HH24:MI:ss'), 'CHECK-IN', 'CC_027');
INSERT INTO buchungsverlaeufe VALUES('BV_0457', TO_DATE('2021-04-17 20:16:44', 'YYYY-MM-DD HH24:MI:ss'), 'CHECK-OUT', 'CC_027');
INSERT INTO buchungsverlaeufe VALUES('BV_0458', TO_DATE('2021-07-13 17:34:17', 'YYYY-MM-DD HH24:MI:ss'), 'CHECK-IN', 'CC_027');
INSERT INTO buchungsverlaeufe VALUES('BV_0459', TO_DATE('2021-07-13 19:40:17', 'YYYY-MM-DD HH24:MI:ss'), 'CHECK-OUT', 'CC_027');
INSERT INTO buchungsverlaeufe VALUES('BV_0460', TO_DATE('2021-02-13 13:36:39', 'YYYY-MM-DD HH24:MI:ss'), 'ABBUCHUNG', 'CC_027');
INSERT INTO buchungsverlaeufe VALUES('BV_0461', TO_DATE('2021-10-31 12:03:27', 'YYYY-MM-DD HH24:MI:ss'), 'GUTSCHRIFT', 'CC_027');
INSERT INTO buchungsverlaeufe VALUES('BV_0462', TO_DATE('2021-12-07 17:11:17', 'YYYY-MM-DD HH24:MI:ss'), 'CHECK-IN', 'CC_027');
INSERT INTO buchungsverlaeufe VALUES('BV_0463', TO_DATE('2021-12-07 18:11:27', 'YYYY-MM-DD HH24:MI:ss'), 'CHECK-OUT', 'CC_027');
INSERT INTO buchungsverlaeufe VALUES('BV_0464', TO_DATE('2021-04-05 10:16:27', 'YYYY-MM-DD HH24:MI:ss'), 'GUTSCHRIFT', 'CC_028');
INSERT INTO buchungsverlaeufe VALUES('BV_0465', TO_DATE('2021-12-27 18:53:26', 'YYYY-MM-DD HH24:MI:ss'), 'GUTSCHRIFT', 'CC_028');
INSERT INTO buchungsverlaeufe VALUES('BV_0466', TO_DATE('2021-04-19 12:11:40', 'YYYY-MM-DD HH24:MI:ss'), 'ABBUCHUNG', 'CC_028');
INSERT INTO buchungsverlaeufe VALUES('BV_0467', TO_DATE('2021-01-07 15:56:23', 'YYYY-MM-DD HH24:MI:ss'), 'CHECK-IN', 'CC_028');
INSERT INTO buchungsverlaeufe VALUES('BV_0468', TO_DATE('2021-01-07 17:56:23', 'YYYY-MM-DD HH24:MI:ss'), 'CHECK-OUT', 'CC_028');
INSERT INTO buchungsverlaeufe VALUES('BV_0469', TO_DATE('2021-09-05 10:51:02', 'YYYY-MM-DD HH24:MI:ss'), 'GUTSCHRIFT', 'CC_028');
INSERT INTO buchungsverlaeufe VALUES('BV_0470', TO_DATE('2021-06-06 20:50:19', 'YYYY-MM-DD HH24:MI:ss'), 'CHECK-IN', 'CC_028');
INSERT INTO buchungsverlaeufe VALUES('BV_0471', TO_DATE('2021-06-06 22:59:34', 'YYYY-MM-DD HH24:MI:ss'), 'CHECK-OUT', 'CC_028');
INSERT INTO buchungsverlaeufe VALUES('BV_0472', TO_DATE('2021-10-21 14:58:05', 'YYYY-MM-DD HH24:MI:ss'), 'CHECK-IN', 'CC_028');
INSERT INTO buchungsverlaeufe VALUES('BV_0473', TO_DATE('2021-10-21 15:58:49', 'YYYY-MM-DD HH24:MI:ss'), 'CHECK-OUT', 'CC_028');
INSERT INTO buchungsverlaeufe VALUES('BV_0474', TO_DATE('2021-05-11 11:54:53', 'YYYY-MM-DD HH24:MI:ss'), 'CHECK-IN', 'CC_028');
INSERT INTO buchungsverlaeufe VALUES('BV_0475', TO_DATE('2021-05-11 12:54:53', 'YYYY-MM-DD HH24:MI:ss'), 'CHECK-OUT', 'CC_028');
INSERT INTO buchungsverlaeufe VALUES('BV_0476', TO_DATE('2021-09-19 12:02:58', 'YYYY-MM-DD HH24:MI:ss'), 'CHECK-IN', 'CC_028');
INSERT INTO buchungsverlaeufe VALUES('BV_0477', TO_DATE('2021-09-19 13:38:58', 'YYYY-MM-DD HH24:MI:ss'), 'CHECK-OUT', 'CC_028');
INSERT INTO buchungsverlaeufe VALUES('BV_0478', TO_DATE('2021-05-11 17:00:25', 'YYYY-MM-DD HH24:MI:ss'), 'GUTSCHRIFT', 'CC_029');
INSERT INTO buchungsverlaeufe VALUES('BV_0479', TO_DATE('2021-12-06 13:24:09', 'YYYY-MM-DD HH24:MI:ss'), 'CHECK-IN', 'CC_029');
INSERT INTO buchungsverlaeufe VALUES('BV_0480', TO_DATE('2021-12-06 15:41:39', 'YYYY-MM-DD HH24:MI:ss'), 'CHECK-OUT', 'CC_029');
INSERT INTO buchungsverlaeufe VALUES('BV_0481', TO_DATE('2021-06-02 09:11:10', 'YYYY-MM-DD HH24:MI:ss'), 'CHECK-IN', 'CC_029');
INSERT INTO buchungsverlaeufe VALUES('BV_0482', TO_DATE('2021-06-02 10:21:35', 'YYYY-MM-DD HH24:MI:ss'), 'CHECK-OUT', 'CC_029');
INSERT INTO buchungsverlaeufe VALUES('BV_0483', TO_DATE('2021-07-18 17:51:08', 'YYYY-MM-DD HH24:MI:ss'), 'ABBUCHUNG', 'CC_029');
INSERT INTO buchungsverlaeufe VALUES('BV_0484', TO_DATE('2021-09-01 20:55:06', 'YYYY-MM-DD HH24:MI:ss'), 'ABBUCHUNG', 'CC_029');
INSERT INTO buchungsverlaeufe VALUES('BV_0485', TO_DATE('2021-07-17 13:22:28', 'YYYY-MM-DD HH24:MI:ss'), 'CHECK-IN', 'CC_029');
INSERT INTO buchungsverlaeufe VALUES('BV_0486', TO_DATE('2021-07-17 15:25:28', 'YYYY-MM-DD HH24:MI:ss'), 'CHECK-OUT', 'CC_029');
INSERT INTO buchungsverlaeufe VALUES('BV_0487', TO_DATE('2021-11-22 11:28:05', 'YYYY-MM-DD HH24:MI:ss'), 'CHECK-IN', 'CC_029');
INSERT INTO buchungsverlaeufe VALUES('BV_0488', TO_DATE('2021-11-22 12:40:15', 'YYYY-MM-DD HH24:MI:ss'), 'CHECK-OUT', 'CC_029');
INSERT INTO buchungsverlaeufe VALUES('BV_0489', TO_DATE('2021-05-20 15:52:47', 'YYYY-MM-DD HH24:MI:ss'), 'CHECK-IN', 'CC_029');
INSERT INTO buchungsverlaeufe VALUES('BV_0490', TO_DATE('2021-05-20 16:52:47', 'YYYY-MM-DD HH24:MI:ss'), 'CHECK-OUT', 'CC_029');
INSERT INTO buchungsverlaeufe VALUES('BV_0491', TO_DATE('2021-03-10 15:57:20', 'YYYY-MM-DD HH24:MI:ss'), 'GUTSCHRIFT', 'CC_029');
INSERT INTO buchungsverlaeufe VALUES('BV_0492', TO_DATE('2021-04-15 14:30:06', 'YYYY-MM-DD HH24:MI:ss'), 'CHECK-IN', 'CC_029');
INSERT INTO buchungsverlaeufe VALUES('BV_0493', TO_DATE('2021-04-15 16:30:14', 'YYYY-MM-DD HH24:MI:ss'), 'CHECK-OUT', 'CC_029');
INSERT INTO buchungsverlaeufe VALUES('BV_0494', TO_DATE('2021-12-23 13:58:46', 'YYYY-MM-DD HH24:MI:ss'), 'CHECK-IN', 'CC_030');
INSERT INTO buchungsverlaeufe VALUES('BV_0495', TO_DATE('2021-12-23 14:58:46', 'YYYY-MM-DD HH24:MI:ss'), 'CHECK-OUT', 'CC_030');
INSERT INTO buchungsverlaeufe VALUES('BV_0496', TO_DATE('2021-02-20 10:08:48', 'YYYY-MM-DD HH24:MI:ss'), 'GUTSCHRIFT', 'CC_030');
INSERT INTO buchungsverlaeufe VALUES('BV_0497', TO_DATE('2021-05-06 11:18:53', 'YYYY-MM-DD HH24:MI:ss'), 'GUTSCHRIFT', 'CC_030');
INSERT INTO buchungsverlaeufe VALUES('BV_0498', TO_DATE('2021-05-07 19:02:34', 'YYYY-MM-DD HH24:MI:ss'), 'ABBUCHUNG', 'CC_030');
INSERT INTO buchungsverlaeufe VALUES('BV_0499', TO_DATE('2021-01-19 10:35:24', 'YYYY-MM-DD HH24:MI:ss'), 'GUTSCHRIFT', 'CC_030');
INSERT INTO buchungsverlaeufe VALUES('BV_0500', TO_DATE('2021-08-11 18:54:06', 'YYYY-MM-DD HH24:MI:ss'), 'CHECK-IN', 'CC_030');
INSERT INTO buchungsverlaeufe VALUES('BV_0501', TO_DATE('2021-08-11 19:54:19', 'YYYY-MM-DD HH24:MI:ss'), 'CHECK-OUT', 'CC_030');
INSERT INTO buchungsverlaeufe VALUES('BV_0502', TO_DATE('2021-09-25 13:14:02', 'YYYY-MM-DD HH24:MI:ss'), 'GUTSCHRIFT', 'CC_030');
INSERT INTO buchungsverlaeufe VALUES('BV_0503', TO_DATE('2021-06-30 15:04:48', 'YYYY-MM-DD HH24:MI:ss'), 'GUTSCHRIFT', 'CC_030');
INSERT INTO buchungsverlaeufe VALUES('BV_0504', TO_DATE('2021-05-15 13:22:57', 'YYYY-MM-DD HH24:MI:ss'), 'ABBUCHUNG', 'CC_030');
INSERT INTO buchungsverlaeufe VALUES('BV_0505', TO_DATE('2021-06-26 13:54:45', 'YYYY-MM-DD HH24:MI:ss'), 'CHECK-IN', 'CC_030');
INSERT INTO buchungsverlaeufe VALUES('BV_0506', TO_DATE('2021-06-26 14:54:45', 'YYYY-MM-DD HH24:MI:ss'), 'CHECK-OUT', 'CC_030');
INSERT INTO buchungsverlaeufe VALUES('BV_0507', TO_DATE('2021-07-14 10:44:46', 'YYYY-MM-DD HH24:MI:ss'), 'GUTSCHRIFT', 'CC_030');
INSERT INTO buchungsverlaeufe VALUES('BV_0508', TO_DATE('2021-05-05 19:11:51', 'YYYY-MM-DD HH24:MI:ss'), 'GUTSCHRIFT', 'CC_030');
INSERT INTO buchungsverlaeufe VALUES('BV_0509', TO_DATE('2021-07-03 17:18:58', 'YYYY-MM-DD HH24:MI:ss'), 'GUTSCHRIFT', 'CC_030');

------------------------------------------------------------------------------------------------------------------------
-- Populate table kurse
------------------------------------------------------------------------------------------------------------------------

INSERT INTO kurse
VALUES  ('KRS_00', 'Zumba', 60, 15,
         TO_DATE('2021-07-12 17:00','YYYY-MM-DD HH24:MI','NLS_DATE_LANGUAGE=AMERICAN'),
         TO_DATE('2022-07-12 18:00','YYYY-MM-DD HH24:MI','NLS_DATE_LANGUAGE=AMERICAN'));
INSERT INTO kurse
VALUES ('KRS_01', 'Hot Iron', 30, 10,
        TO_DATE('2021-07-13 17:00','YYYY-MM-DD HH24:MI','NLS_DATE_LANGUAGE=AMERICAN'),
        TO_DATE('2022-07-13 17:30','YYYY-MM-DD HH24:MI','NLS_DATE_LANGUAGE=AMERICAN'));
INSERT INTO kurse
VALUES('KRS_02', 'Crossfit', 60, 8,
       TO_DATE('2021-07-14 17:00','YYYY-MM-DD HH24:MI','NLS_DATE_LANGUAGE=AMERICAN'),
       TO_DATE('2022-07-14 18:00','YYYY-MM-DD HH24:MI','NLS_DATE_LANGUAGE=AMERICAN'));
INSERT INTO kurse
VALUES('KRS_03', 'Functional Training', 45, 6,
       TO_DATE('2021-07-15 17:00','YYYY-MM-DD HH24:MI','NLS_DATE_LANGUAGE=AMERICAN'),
       TO_DATE('2022-07-15 17:45','YYYY-MM-DD HH24:MI','NLS_DATE_LANGUAGE=AMERICAN'));
INSERT INTO kurse
VALUES('KRS_04', 'Yoga', 60, 25,
       TO_DATE('2021-07-16 17:00','YYYY-MM-DD HH24:MI','NLS_DATE_LANGUAGE=AMERICAN'),
       TO_DATE('2022-07-16 18:00','YYYY-MM-DD HH24:MI','NLS_DATE_LANGUAGE=AMERICAN'));
INSERT INTO kurse
VALUES ('KRS_05', 'Mobility', 90, 20,
        TO_DATE('2021-07-17 17:00','YYYY-MM-DD HH24:MI','NLS_DATE_LANGUAGE=AMERICAN'),
        TO_DATE('2022-07-17 18:30','YYYY-MM-DD HH24:MI','NLS_DATE_LANGUAGE=AMERICAN'));
INSERT INTO kurse
VALUES ('KRS_06', 'Kapoeira', 120, 22,
        TO_DATE('2021-07-18 17:00','YYYY-MM-DD HH24:MI','NLS_DATE_LANGUAGE=AMERICAN'),
        TO_DATE('2022-07-18 19:00','YYYY-MM-DD HH24:MI','NLS_DATE_LANGUAGE=AMERICAN'));

------------------------------------------------------------------------------------------------------------------------
-- Populate table leitet_kurs
------------------------------------------------------------------------------------------------------------------------

INSERT INTO leitet_kurs VALUES ('KRS_00', 'M_05');
INSERT INTO leitet_kurs VALUES ('KRS_01', 'M_06');
INSERT INTO leitet_kurs VALUES ('KRS_02', 'M_08');
INSERT INTO leitet_kurs VALUES ('KRS_03', 'M_05');
INSERT INTO leitet_kurs VALUES ('KRS_04', 'M_06');
INSERT INTO leitet_kurs VALUES ('KRS_05', 'M_08');
INSERT INTO leitet_kurs VALUES ('KRS_06', 'M_05');

------------------------------------------------------------------------------------------------------------------------
-- Populate table sportgeraete
------------------------------------------------------------------------------------------------------------------------

INSERT INTO sportgeraete VALUES('SG_001','Aerobic-Stepper', 'Reebok', '742735785-X',TO_DATE('2017-03-12','YYYY-MM-DD'), TO_DATE('2021-02-06','YYYY-MM-DD'), '83,01', 'T');
INSERT INTO sportgeraete VALUES('SG_002','Aerobic-Stepper', 'Reebok', '7427357862-X',TO_DATE('2017-03-12','YYYY-MM-DD'), TO_DATE('2021-02-06','YYYY-MM-DD'), '83,01', 'F');
INSERT INTO sportgeraete VALUES('SG_003','Aerobic-Stepper', 'Reebok', '7427357835-X',TO_DATE('2017-03-12','YYYY-MM-DD'), TO_DATE('2021-02-06','YYYY-MM-DD'), '83,01', 'F');
INSERT INTO sportgeraete VALUES('SG_004','Brustpresse', 'Sport-Thieme', '663053156-8',TO_DATE('2020-08-17','YYYY-MM-DD'), TO_DATE('2020-09-09','YYYY-MM-DD'), '495,10', 'T');
INSERT INTO sportgeraete VALUES('SG_005','Beinpresse', 'Super Pro', '2109995432-2',TO_DATE('2018-01-13','YYYY-MM-DD'), TO_DATE('2020-09-13','YYYY-MM-DD'), '275,07', 'F');
INSERT INTO sportgeraete VALUES('SG_006','Crosstrainer', 'Sport-Thieme', '374455454-6',TO_DATE('2020-05-01','YYYY-MM-DD'),TO_DATE('2021-03-13','YYYY-MM-DD') , '189,54', 'F');
INSERT INTO sportgeraete VALUES('SG_007','Crosstrainer', 'Sport-Thieme', '374454534-6',TO_DATE('2020-05-01','YYYY-MM-DD'), TO_DATE('2021-03-13','YYYY-MM-DD'), '189,54', 'F');
INSERT INTO sportgeraete VALUES('SG_008','Crosstrainer', 'Sport-Thieme', '374457654-6',TO_DATE('2020-05-01','YYYY-MM-DD'), TO_DATE('2021-03-13','YYYY-MM-DD'), '189,54', 'F');
INSERT INTO sportgeraete VALUES('SG_009','Hantelbank', 'Sport-Thieme', '016260269-3',TO_DATE('2018-04-30','YYYY-MM-DD'),TO_DATE('2021-01-26','YYYY-MM-DD') , '498,02', 'T');
INSERT INTO sportgeraete VALUES('SG_010','Hantelbank', 'Sport-Thieme', '016260692-3',TO_DATE('2018-04-30','YYYY-MM-DD'),TO_DATE('2021-01-26','YYYY-MM-DD') , '498,02', 'F');
INSERT INTO sportgeraete VALUES('SG_011','Schulterpresse','Sport-Thieme', '314258743-8',TO_DATE('2020-01-08','YYYY-MM-DD'),TO_DATE('2020-11-19','YYYY-MM-DD') , '458,10', 'F');
INSERT INTO sportgeraete VALUES('SG_012','Hantelstange', 'Balanced-Body', '552930987-0',TO_DATE('2018-11-28','YYYY-MM-DD'), TO_DATE('2020-08-27','YYYY-MM-DD'), '18,40', 'T');
INSERT INTO sportgeraete VALUES('SG_013','Hantelstange', 'Balanced-Body', '552930938-0',TO_DATE('2018-11-28','YYYY-MM-DD'), TO_DATE('2020-08-27','YYYY-MM-DD'), '18,40', 'F');
INSERT INTO sportgeraete VALUES('SG_014','Bauchpresse', 'Balanced-Body', '442233095-0',TO_DATE('2015-03-13','YYYY-MM-DD'), TO_DATE('2021-05-02','YYYY-MM-DD'), '480,59', 'F');
INSERT INTO sportgeraete VALUES('SG_015','Kabelturm', 'Sport-Thieme', '853798453-1',TO_DATE('2018-05-18','YYYY-MM-DD'), TO_DATE('2020-11-08','YYYY-MM-DD'), '247,88', 'F');
INSERT INTO sportgeraete VALUES('SG_016','Kabelturm', 'Sport-Thieme', '8537984543-1',TO_DATE('2018-05-18','YYYY-MM-DD'), TO_DATE('2020-11-08','YYYY-MM-DD'), '247,88', 'F');
INSERT INTO sportgeraete VALUES('SG_017','Indoor Bikes', 'Balanced-Body', '4710340262-0',TO_DATE('2017-03-23','YYYY-MM-DD'),TO_DATE('2020-09-14','YYYY-MM-DD') , '340,78', 'F');
INSERT INTO sportgeraete VALUES('SG_018','Indoor Bikes', 'Balanced-Body', '471034025-0',TO_DATE('2017-03-23','YYYY-MM-DD'),TO_DATE('2020-09-14','YYYY-MM-DD') , '340,78', 'F');
INSERT INTO sportgeraete VALUES('SG_019','Indoor Bikes', 'Balanced-Body', '4710340887-0',TO_DATE('2017-03-23','YYYY-MM-DD'), TO_DATE('2020-09-14','YYYY-MM-DD'), '340,78', 'T');
INSERT INTO sportgeraete VALUES('SG_020','Faszienrolle', 'Balanced-Body', '812701031-6',TO_DATE('2018-03-14','YYYY-MM-DD'), TO_DATE('2021-06-02','YYYY-MM-DD'), '22,48', 'F');
INSERT INTO sportgeraete VALUES('SG_021','Faszienrolle', 'Balanced-Body', '8127010322-6',TO_DATE('2018-03-14','YYYY-MM-DD'),TO_DATE('2021-06-02','YYYY-MM-DD') , '22,48', 'F');
INSERT INTO sportgeraete VALUES('SG_022','Faszienrolle', 'Balanced-Body', '8127010333-6',TO_DATE('2018-03-14','YYYY-MM-DD'), TO_DATE('2021-06-02','YYYY-MM-DD'), '22,48', 'F');
INSERT INTO sportgeraete VALUES('SG_023','Rueckenstrecker', 'Life Fitness','746206818-4',TO_DATE('2018-11-11','YYYY-MM-DD'),TO_DATE('2021-05-09','YYYY-MM-DD'), '196,95','F');
INSERT INTO sportgeraete VALUES('SG_024','Rueckenstrecker', 'Life Fitness','746206819-4',TO_DATE('2018-11-11','YYYY-MM-DD'),TO_DATE('2021-05-09','YYYY-MM-DD') , '196,95', 'T');
INSERT INTO sportgeraete VALUES('SG_025','Laufband', 'Stages','859856964-X',TO_DATE('2013-11-09','YYYY-MM-DD'), TO_DATE('2020-08-11','YYYY-MM-DD'), '317,78', 'F');
INSERT INTO sportgeraete VALUES('SG_026','Laufband', 'Stages','85985696632-X',TO_DATE('2013-11-09','YYYY-MM-DD'), TO_DATE('2020-08-11','YYYY-MM-DD'), '317,78', 'T');
INSERT INTO sportgeraete VALUES('SG_027','Laufband', 'Stages','859856965-X',TO_DATE('2013-11-09','YYYY-MM-DD'), TO_DATE('2020-08-11','YYYY-MM-DD'), '317,78','F');
INSERT INTO sportgeraete VALUES('SG_028','Gymnastikball', 'Reebok','523936375-7',TO_DATE('2016-01-10','YYYY-MM-DD'),TO_DATE('2021-01-12','YYYY-MM-DD') , '34,39','F');
INSERT INTO sportgeraete VALUES('SG_029','Gymnastikball', 'Reebok','523936372-7',TO_DATE('2016-01-10','YYYY-MM-DD'),TO_DATE('2021-01-12','YYYY-MM-DD') , '34,39','F');
INSERT INTO sportgeraete VALUES('SG_030','Gymnastikball', 'Reebok','52393637689-7',TO_DATE('2016-01-10','YYYY-MM-DD'), TO_DATE('2021-01-12','YYYY-MM-DD'), '34,39','F');
INSERT INTO sportgeraete VALUES('SG_031','Fitnessmatte', 'Reebok','811304171-0',TO_DATE('2016-09-27','YYYY-MM-DD'),TO_DATE('2020-09-27','YYYY-MM-DD') , '399,98', 'F');
INSERT INTO sportgeraete VALUES('SG_032','Fitnessmatte', 'Reebok','8113041724-0',TO_DATE('2016-09-27','YYYY-MM-DD'), TO_DATE('2020-09-27','YYYY-MM-DD'), '399,98','F');
INSERT INTO sportgeraete VALUES('SG_033','Fitnessmatte', 'Reebok','81130417963-0',TO_DATE('2016-09-27','YYYY-MM-DD'),TO_DATE('2020-09-27','YYYY-MM-DD') , '399,98','F');
INSERT INTO sportgeraete VALUES('SG_034','Butterfly', 'Stages', '932074453-X',TO_DATE('2015-05-31','YYYY-MM-DD'), TO_DATE('2021-04-28','YYYY-MM-DD'), '476,83','F');
INSERT INTO sportgeraete VALUES('SG_035','Beinbeuger', 'Stages', '93207445234-X',TO_DATE('2015-05-31','YYYY-MM-DD'),TO_DATE('2021-04-28','YYYY-MM-DD'), '476,83','F');
INSERT INTO sportgeraete VALUES('SG_036','Latismuszug', 'Balanced-Body', '396263007-4',TO_DATE('2020-03-03','YYYY-MM-DD'), TO_DATE('2020-10-29','YYYY-MM-DD'), '490,80', 'T');
INSERT INTO sportgeraete VALUES('SG_037','Beinstrecker', 'Balanced-Body', '3962630588-4',TO_DATE('2020-03-03','YYYY-MM-DD'), TO_DATE('2020-10-29','YYYY-MM-DD'), '490,80','F');
INSERT INTO sportgeraete VALUES('SG_038','Schraegbank', 'Stages', '61518093005-0',TO_DATE('2019-09-25','YYYY-MM-DD'), TO_DATE('2020-08-11','YYYY-MM-DD'), '236,60','F');
INSERT INTO sportgeraete VALUES('SG_039','Schraegbank', 'Stages', '615180930-0',TO_DATE('2019-09-25','YYYY-MM-DD'), TO_DATE('2020-08-11','YYYY-MM-DD'), '336,60','F');
INSERT INTO sportgeraete VALUES('SG_040','Rudermaschine', 'Balanced-Body','078809144-1',TO_DATE('2016-04-20','YYYY-MM-DD'), TO_DATE('2021-02-15','YYYY-MM-DD'), '364,31','F');
INSERT INTO sportgeraete VALUES('SG_041','Abduktionsmaschine', 'Balanced-Body','078809143-1',TO_DATE('2016-04-20','YYYY-MM-DD'), TO_DATE('2021-02-15','YYYY-MM-DD'), '365,31', 'T');
INSERT INTO sportgeraete VALUES('SG_042','Adduktionsmaschine', 'Balanced-Body', '078809145-1',TO_DATE('2016-04-20','YYYY-MM-DD'), TO_DATE('2021-02-15','YYYY-MM-DD'), '378,31', 'T');

------------------------------------------------------------------------------------------------------------------------
-- Populate table steht_unter_vertrag
------------------------------------------------------------------------------------------------------------------------

INSERT INTO steht_unter_vertrag VALUES ('M_01','AV_01');
INSERT INTO steht_unter_vertrag VALUES ('M_02','AV_02');
INSERT INTO steht_unter_vertrag VALUES ('M_03','AV_03');
INSERT INTO steht_unter_vertrag VALUES ('M_04','AV_05');
INSERT INTO steht_unter_vertrag VALUES ('M_05','AV_04');
INSERT INTO steht_unter_vertrag VALUES ('M_06','AV_06');
INSERT INTO steht_unter_vertrag VALUES ('M_07','AV_07');
INSERT INTO steht_unter_vertrag VALUES ('M_08','AV_09');
INSERT INTO steht_unter_vertrag VALUES ('M_09','AV_08');

------------------------------------------------------------------------------------------------------------------------
-- Populate table trainingseinheiten
------------------------------------------------------------------------------------------------------------------------

--FIXED

INSERT INTO TRAININGSEINHEITEN VALUES ('TE_00', 'Biking', 20, 'Indoor Biking',                                        'SG_017');
INSERT INTO TRAININGSEINHEITEN VALUES ('TE_01', 'Brustpresse', 15, 'Training an Maschine mit x Gewicht',              'SG_004');
INSERT INTO TRAININGSEINHEITEN VALUES ('TE_02', 'Schulterpresse', 15, 'Training an Maschine mit x Gewicht',           'SG_011');
INSERT INTO TRAININGSEINHEITEN VALUES ('TE_03', 'Beinbeuger', 15, 'Training an Maschine mit x Gewicht',               'SG_035');
INSERT INTO TRAININGSEINHEITEN VALUES ('TE_04', 'Beinstrecker', 20, 'Training an Maschine mit x Gewicht',             'SG_037');
INSERT INTO TRAININGSEINHEITEN VALUES ('TE_05', 'Rudern', 20, 'Training an Rudermaschine mit x Gewicht',              'SG_040');
INSERT INTO TRAININGSEINHEITEN VALUES ('TE_06', 'Abduktionsmaschine', 15, 'Training an Maschine mit x Gewicht',       'SG_041');
INSERT INTO TRAININGSEINHEITEN VALUES ('TE_07', 'Adduktionsmaschine', 15, 'Training an Maschine mit x Gewicht',       'SG_042');
INSERT INTO TRAININGSEINHEITEN VALUES ('TE_08', 'Crosstrainer', 30, 'Crosstrainer Workout',                           'SG_006');
INSERT INTO TRAININGSEINHEITEN VALUES ('TE_09', 'Rueckenstrecker', 15, 'Training an der Maschine mit x Gewicht',      'SG_023');
INSERT INTO TRAININGSEINHEITEN VALUES ('TE_10', 'Bauchpresse', 15, 'Training an der Maschine mit x Gewicht',          'SG_014');
INSERT INTO TRAININGSEINHEITEN VALUES ('TE_11', 'Beinpresse', 15, 'Training an der Maschine mit x Gewicht',           'SG_005');
INSERT INTO TRAININGSEINHEITEN VALUES ('TE_12', 'Schulterpresse', 15, 'Training an der Maschine mit x Gewicht',       'SG_011');
INSERT INTO TRAININGSEINHEITEN VALUES ('TE_13', 'Butterfly', 15, 'Training an der Maschine mit x Gewicht',            'SG_034');
INSERT INTO TRAININGSEINHEITEN VALUES ('TE_14', 'Bauchtraining', 15, 'Training mit der Fitnessmatte',                 'SG_031');
INSERT INTO TRAININGSEINHEITEN VALUES ('TE_15', 'Laufband', 30, 'Laufband laufen',                                    'SG_025');
INSERT INTO TRAININGSEINHEITEN VALUES ('TE_16', 'Laufband', 45, 'Laufband laufen',                                    'SG_025');
INSERT INTO TRAININGSEINHEITEN VALUES ('TE_17', 'Bankdruecken', 15, 'An der Hantelbank mit x Gewicht',                'SG_009');
INSERT INTO TRAININGSEINHEITEN VALUES ('TE_18', 'Trizeps-Curls', 10, 'Kabelturm mit x Gewicht',                       'SG_015');
INSERT INTO TRAININGSEINHEITEN VALUES ('TE_19', 'Bizeps-Curls', 12, 'Hanteltraining mit x Gewicht',                   'SG_012');
INSERT INTO TRAININGSEINHEITEN VALUES ('TE_20', 'Schulterdruecken', 15, 'Training an Schraegbank mit x Gewicht',      'SG_038');
INSERT INTO TRAININGSEINHEITEN VALUES ('TE_29', 'Rudern', 20, 'Training an Rudermaschine mit x Gewicht',              'SG_040');
INSERT INTO TRAININGSEINHEITEN VALUES ('TE_30', 'Sit-Ups', 12, 'Training an Maschine mit x Gewicht',                  'SG_028');
INSERT INTO TRAININGSEINHEITEN VALUES ('TE_31', 'Biking', 30, 'Indoor Biking',                                        'SG_017');
INSERT INTO TRAININGSEINHEITEN VALUES ('TE_21', 'Bankdruecken', 15, 'An der Hantelbank mit x Gewicht',                'SG_009');
INSERT INTO TRAININGSEINHEITEN VALUES ('TE_22', 'Butterfly',15, 'Training an Maschine mit x Gewicht',                 'SG_034');
INSERT INTO TRAININGSEINHEITEN VALUES ('TE_23', 'Schulterdruecken', 15, 'Training an Schraegbank mit x Gewicht',      'SG_038');
INSERT INTO TRAININGSEINHEITEN VALUES ('TE_24', 'Bizeps-Curls', 15, 'Hantelstange mit x Gewicht von Unten',           'SG_012');
INSERT INTO TRAININGSEINHEITEN VALUES ('TE_25', 'Trizeps-Curls',15, 'Kabelturm mit x Gewicht von Oben',               'SG_015');
INSERT INTO TRAININGSEINHEITEN VALUES ('TE_26', 'Beinpresse',15, 'Beinpresse mit x Gewicht',                          'SG_005');
INSERT INTO TRAININGSEINHEITEN VALUES ('TE_27', 'Rueckentraining',15, 'Latismuszug mit x Gewicht',                    'SG_036');
INSERT INTO TRAININGSEINHEITEN VALUES ('TE_28', 'Bauchpresse',15, 'Bauchpresse mit x Gewicht',                        'SG_014');
INSERT INTO TRAININGSEINHEITEN VALUES ('TE_32', 'Stepper',20, 'Stepper',                                              'SG_001');
INSERT INTO TRAININGSEINHEITEN VALUES ('TE_33', 'Rudern',15, 'Rudermaschine',                                         'SG_040');
INSERT INTO TRAININGSEINHEITEN VALUES ('TE_34', 'Sit-Ups',15, 'Gymnastikball',                                        'SG_028');
INSERT INTO TRAININGSEINHEITEN VALUES ('TE_35', 'Biking',20, 'Indoor Biking',                                         'SG_017');
INSERT INTO TRAININGSEINHEITEN VALUES ('TE_36', 'Rueckentraining',15, 'Latismuszug',                                  'SG_036');
INSERT INTO TRAININGSEINHEITEN VALUES ('TE_37', 'Abduktionsmaschine', 15, 'Training an Maschine mit x Gewicht',       'SG_041');
INSERT INTO TRAININGSEINHEITEN VALUES ('TE_38', 'Adduktionsmaschine', 15, 'Training an Maschine mit x Gewicht',       'SG_042');
INSERT INTO TRAININGSEINHEITEN VALUES ('TE_39', 'Laufband', 15, 'Laufband laufen',                                       'SG_025');

INSERT INTO TRAININGSEINHEITEN VALUES ('TE_40', 'Stepper', 60, 'Aerobic Stepper',        'SG_001');
INSERT INTO TRAININGSEINHEITEN VALUES ('TE_41', 'Crosstrainer', 60, 'Crosstrainer',      'SG_006');
INSERT INTO TRAININGSEINHEITEN VALUES ('TE_42', 'Fitnessmatte', 60, 'Fitnessmatte',      'SG_031');
INSERT INTO TRAININGSEINHEITEN VALUES ('TE_43', 'Faszienlockerung', 45, 'Faszienrolle',  'SG_020');
INSERT INTO TRAININGSEINHEITEN VALUES ('TE_44', 'Biking', 90, 'Indoor Biking',           'SG_017');
INSERT INTO TRAININGSEINHEITEN VALUES ('TE_45', 'Gymnastik', 20, 'Gymnastikball',        'SG_028');
INSERT INTO TRAININGSEINHEITEN VALUES ('TE_46', 'Hantelstange', 20, 'Freihanteln',       'SG_012');


------------------------------------------------------------------------------------------------------------------------
-- Populate table trainingsplaene
------------------------------------------------------------------------------------------------------------------------

INSERT INTO trainingsplaene VALUES ('TP_01', 'Beginner Friendly', 1, 2, 6);
INSERT INTO trainingsplaene VALUES ('TP_02', 'Ganzkörper', 2, 3, 12);
INSERT INTO trainingsplaene VALUES ('TP_03', 'Muskelaufbau', 4, 6, 8);
INSERT INTO trainingsplaene VALUES ('TP_04', '12-Wochen Challenge', 5, 4, 12);
INSERT INTO trainingsplaene VALUES ('TP_05', 'Zirkeltraining', 5, 5, 12);

------------------------------------------------------------------------------------------------------------------------
-- Populate table durchfuehrungen
------------------------------------------------------------------------------------------------------------------------

-- TODO Trainingseinheiten anpassen

INSERT INTO durchfuehrungen VALUES ('DRF_001', 6, 1, 1, 0, 1, 'TE_01', 'TP_01');
INSERT INTO durchfuehrungen VALUES ('DRF_002', 7, 10, 2, 120, 2, 'TE_01', 'TP_01');
INSERT INTO durchfuehrungen VALUES ('DRF_003', 8, 10, 2, 120, 3, 'TE_01', 'TP_01');
INSERT INTO durchfuehrungen VALUES ('DRF_004', 6, 12, 3, 90, 4, 'TE_01', 'TP_01');
INSERT INTO durchfuehrungen VALUES ('DRF_005', 7, 12, 3, 90, 5, 'TE_01', 'TP_01');
INSERT INTO durchfuehrungen VALUES ('DRF_006', 8, 12, 3, 90, 6, 'TE_01', 'TP_01');
INSERT INTO durchfuehrungen VALUES ('DRF_007', 7, 15, 2, 60, 7, 'TE_01', 'TP_01');
INSERT INTO durchfuehrungen VALUES ('DRF_008', 7, 15, 2, 60, 8, 'TE_01', 'TP_01');
INSERT INTO durchfuehrungen VALUES ('DRF_009', 7, 10, 3, 90, 1, 'TE_01', 'TP_02');
INSERT INTO durchfuehrungen VALUES ('DRF_010', 8, 10, 2, 90, 2, 'TE_01', 'TP_02');
INSERT INTO durchfuehrungen VALUES ('DRF_011', 7, 12, 3, 120, 3, 'TE_01', 'TP_02');
INSERT INTO durchfuehrungen VALUES ('DRF_012', 9, 8, 1, 120, 4, 'TE_01', 'TP_02');
INSERT INTO durchfuehrungen VALUES ('DRF_013', 8, 10, 2, 90, 5, 'TE_01', 'TP_02');
INSERT INTO durchfuehrungen VALUES ('DRF_014', 9, 6, 3, 150, 6, 'TE_01', 'TP_02');
INSERT INTO durchfuehrungen VALUES ('DRF_015', 8, 10, 3, 90, 7, 'TE_01', 'TP_02');
INSERT INTO durchfuehrungen VALUES ('DRF_016', 7, 15, 2, 60, 8, 'TE_01', 'TP_02');
INSERT INTO durchfuehrungen VALUES ('DRF_017', 8, 12, 3, 60, 1, 'TE_01', 'TP_03');
INSERT INTO durchfuehrungen VALUES ('DRF_018', 8, 12, 4, 60, 2, 'TE_01', 'TP_03');
INSERT INTO durchfuehrungen VALUES ('DRF_019', 9, 10, 2, 150, 3, 'TE_01', 'TP_03');
INSERT INTO durchfuehrungen VALUES ('DRF_020', 9, 8, 3, 120, 4, 'TE_01', 'TP_03');
INSERT INTO durchfuehrungen VALUES ('DRF_021', 9, 6, 3, 120, 5, 'TE_01', 'TP_03');
INSERT INTO durchfuehrungen VALUES ('DRF_022', 8, 10, 4, 90, 6, 'TE_01', 'TP_03');
INSERT INTO durchfuehrungen VALUES ('DRF_023', 9, 5, 5, 120, 7, 'TE_01', 'TP_03');
INSERT INTO durchfuehrungen VALUES ('DRF_024', 9, 5, 3, 120, 8, 'TE_01', 'TP_03');
INSERT INTO durchfuehrungen VALUES ('DRF_025', 6, 20, 1, 60, 1, 'TE_01', 'TP_04');
INSERT INTO durchfuehrungen VALUES ('DRF_026', 6, 15, 2, 60, 2, 'TE_01', 'TP_04');
INSERT INTO durchfuehrungen VALUES ('DRF_027', 7, 12, 3, 90, 3, 'TE_01', 'TP_04');
INSERT INTO durchfuehrungen VALUES ('DRF_028', 7, 12, 3, 60, 4, 'TE_01', 'TP_04');
INSERT INTO durchfuehrungen VALUES ('DRF_029', 8, 10, 4, 90, 5, 'TE_01', 'TP_04');
INSERT INTO durchfuehrungen VALUES ('DRF_030', 8, 10, 3, 120, 6, 'TE_01', 'TP_04');
INSERT INTO durchfuehrungen VALUES ('DRF_031', 9, 8, 3, 120, 7, 'TE_01', 'TP_04');
INSERT INTO durchfuehrungen VALUES ('DRF_032', 9, 6, 4, 150, 8, 'TE_01', 'TP_04');
INSERT INTO durchfuehrungen VALUES ('DRF_033', 10, 8, 1, 120, 1, 'TE_01', 'TP_05');
INSERT INTO durchfuehrungen VALUES ('DRF_034', 9, 10, 3, 90, 2, 'TE_01', 'TP_05');
INSERT INTO durchfuehrungen VALUES ('DRF_035', 9, 10, 2, 60, 3, 'TE_01', 'TP_05');
INSERT INTO durchfuehrungen VALUES ('DRF_036', 8, 12, 3, 60, 4, 'TE_01', 'TP_05');
INSERT INTO durchfuehrungen VALUES ('DRF_037', 8, 12, 2, 90, 5, 'TE_01', 'TP_05');
INSERT INTO durchfuehrungen VALUES ('DRF_038', 8, 12, 1, 45, 6, 'TE_01', 'TP_05');
INSERT INTO durchfuehrungen VALUES ('DRF_039', 7, 15, 3, 45, 7, 'TE_01', 'TP_05');
INSERT INTO durchfuehrungen VALUES ('DRF_040', 7, 15, 2, 60, 8, 'TE_01', 'TP_05');

------------------------------------------------------------------------------------------------------------------------
-- Populate table wird_eingeteilit_in
------------------------------------------------------------------------------------------------------------------------

INSERT INTO wird_eingeteilt_in VALUES ('M_01','AE_001');
INSERT INTO wird_eingeteilt_in VALUES ('M_02','AE_002');
INSERT INTO wird_eingeteilt_in VALUES ('M_03','AE_003');
INSERT INTO wird_eingeteilt_in VALUES ('M_04','AE_004');
INSERT INTO wird_eingeteilt_in VALUES ('M_05','AE_005');
INSERT INTO wird_eingeteilt_in VALUES ('M_06','AE_006');
INSERT INTO wird_eingeteilt_in VALUES ('M_07','AE_007');
INSERT INTO wird_eingeteilt_in VALUES ('M_08','AE_008');
INSERT INTO wird_eingeteilt_in VALUES ('M_09','AE_009');
INSERT INTO wird_eingeteilt_in VALUES ('M_01','AE_010');
INSERT INTO wird_eingeteilt_in VALUES ('M_02','AE_011');
INSERT INTO wird_eingeteilt_in VALUES ('M_03','AE_012');
INSERT INTO wird_eingeteilt_in VALUES ('M_04','AE_013');
INSERT INTO wird_eingeteilt_in VALUES ('M_05','AE_014');
INSERT INTO wird_eingeteilt_in VALUES ('M_06','AE_015');
INSERT INTO wird_eingeteilt_in VALUES ('M_07','AE_016');
INSERT INTO wird_eingeteilt_in VALUES ('M_08','AE_017');
INSERT INTO wird_eingeteilt_in VALUES ('M_09','AE_018');
INSERT INTO wird_eingeteilt_in VALUES ('M_01','AE_019');
INSERT INTO wird_eingeteilt_in VALUES ('M_02','AE_020');
INSERT INTO wird_eingeteilt_in VALUES ('M_03','AE_021');
INSERT INTO wird_eingeteilt_in VALUES ('M_04','AE_022');
INSERT INTO wird_eingeteilt_in VALUES ('M_05','AE_023');
INSERT INTO wird_eingeteilt_in VALUES ('M_06','AE_024');
INSERT INTO wird_eingeteilt_in VALUES ('M_07','AE_025');
INSERT INTO wird_eingeteilt_in VALUES ('M_08','AE_026');
INSERT INTO wird_eingeteilt_in VALUES ('M_09','AE_027');
INSERT INTO wird_eingeteilt_in VALUES ('M_04','AE_028');
INSERT INTO wird_eingeteilt_in VALUES ('M_05','AE_029');
INSERT INTO wird_eingeteilt_in VALUES ('M_06','AE_030');

------------------------------------------------------------------------------------------------------------------------
-- Populate table ist_Teilnehmer
------------------------------------------------------------------------------------------------------------------------

INSERT INTO ist_teilnehmer VALUES ('KRS_00', 'C_001');
INSERT INTO ist_teilnehmer VALUES ('KRS_00', 'C_002');
INSERT INTO ist_teilnehmer VALUES ('KRS_00', 'C_004');
INSERT INTO ist_teilnehmer VALUES ('KRS_00', 'C_006');
INSERT INTO ist_teilnehmer VALUES ('KRS_00', 'C_007');
INSERT INTO ist_teilnehmer VALUES ('KRS_00', 'C_008');
INSERT INTO ist_teilnehmer VALUES ('KRS_00', 'C_009');
INSERT INTO ist_teilnehmer VALUES ('KRS_00', 'C_010');
INSERT INTO ist_teilnehmer VALUES ('KRS_00', 'C_012');
INSERT INTO ist_teilnehmer VALUES ('KRS_00', 'C_014');
INSERT INTO ist_teilnehmer VALUES ('KRS_00', 'C_015');
INSERT INTO ist_teilnehmer VALUES ('KRS_00', 'C_020');
INSERT INTO ist_teilnehmer VALUES ('KRS_00', 'C_024');
INSERT INTO ist_teilnehmer VALUES ('KRS_00', 'C_027');
INSERT INTO ist_teilnehmer VALUES ('KRS_00', 'C_001');
INSERT INTO ist_teilnehmer VALUES ('KRS_01', 'C_001');
INSERT INTO ist_teilnehmer VALUES ('KRS_01', 'C_002');
INSERT INTO ist_teilnehmer VALUES ('KRS_01', 'C_003');
INSERT INTO ist_teilnehmer VALUES ('KRS_01', 'C_006');
INSERT INTO ist_teilnehmer VALUES ('KRS_01', 'C_007');
INSERT INTO ist_teilnehmer VALUES ('KRS_01', 'C_011');
INSERT INTO ist_teilnehmer VALUES ('KRS_01', 'C_012');
INSERT INTO ist_teilnehmer VALUES ('KRS_01', 'C_013');
INSERT INTO ist_teilnehmer VALUES ('KRS_01', 'C_026');
INSERT INTO ist_teilnehmer VALUES ('KRS_01', 'C_027');
INSERT INTO ist_teilnehmer VALUES ('KRS_02', 'C_001');
INSERT INTO ist_teilnehmer VALUES ('KRS_02', 'C_002');
INSERT INTO ist_teilnehmer VALUES ('KRS_02', 'C_003');
INSERT INTO ist_teilnehmer VALUES ('KRS_02', 'C_009');
INSERT INTO ist_teilnehmer VALUES ('KRS_02', 'C_012');
INSERT INTO ist_teilnehmer VALUES ('KRS_02', 'C_016');
INSERT INTO ist_teilnehmer VALUES ('KRS_02', 'C_018');
INSERT INTO ist_teilnehmer VALUES ('KRS_02', 'C_019');
INSERT INTO ist_teilnehmer VALUES ('KRS_03', 'C_018');
INSERT INTO ist_teilnehmer VALUES ('KRS_03', 'C_019');
INSERT INTO ist_teilnehmer VALUES ('KRS_03', 'C_023');
INSERT INTO ist_teilnehmer VALUES ('KRS_03', 'C_026');
INSERT INTO ist_teilnehmer VALUES ('KRS_03', 'C_002');
INSERT INTO ist_teilnehmer VALUES ('KRS_03', 'C_005');
INSERT INTO ist_teilnehmer VALUES ('KRS_04', 'C_006');
INSERT INTO ist_teilnehmer VALUES ('KRS_04', 'C_007');
INSERT INTO ist_teilnehmer VALUES ('KRS_04', 'C_008');
INSERT INTO ist_teilnehmer VALUES ('KRS_04', 'C_009');
INSERT INTO ist_teilnehmer VALUES ('KRS_04', 'C_010');
INSERT INTO ist_teilnehmer VALUES ('KRS_04', 'C_011');
INSERT INTO ist_teilnehmer VALUES ('KRS_04', 'C_012');
INSERT INTO ist_teilnehmer VALUES ('KRS_04', 'C_013');
INSERT INTO ist_teilnehmer VALUES ('KRS_04', 'C_014');
INSERT INTO ist_teilnehmer VALUES ('KRS_04', 'C_015');
INSERT INTO ist_teilnehmer VALUES ('KRS_04', 'C_016');
INSERT INTO ist_teilnehmer VALUES ('KRS_04', 'C_017');
INSERT INTO ist_teilnehmer VALUES ('KRS_04', 'C_018');
INSERT INTO ist_teilnehmer VALUES ('KRS_04', 'C_019');
INSERT INTO ist_teilnehmer VALUES ('KRS_04', 'C_020');
INSERT INTO ist_teilnehmer VALUES ('KRS_04', 'C_021');
INSERT INTO ist_teilnehmer VALUES ('KRS_04', 'C_022');
INSERT INTO ist_teilnehmer VALUES ('KRS_04', 'C_023');
INSERT INTO ist_teilnehmer VALUES ('KRS_04', 'C_024');
INSERT INTO ist_teilnehmer VALUES ('KRS_04', 'C_025');
INSERT INTO ist_teilnehmer VALUES ('KRS_04', 'C_026');
INSERT INTO ist_teilnehmer VALUES ('KRS_04', 'C_027');
INSERT INTO ist_teilnehmer VALUES ('KRS_04', 'C_028');
INSERT INTO ist_teilnehmer VALUES ('KRS_04', 'C_002');
INSERT INTO ist_teilnehmer VALUES ('KRS_04', 'C_001');
INSERT INTO ist_teilnehmer VALUES ('KRS_05', 'C_004');
INSERT INTO ist_teilnehmer VALUES ('KRS_05', 'C_005');
INSERT INTO ist_teilnehmer VALUES ('KRS_05', 'C_006');
INSERT INTO ist_teilnehmer VALUES ('KRS_05', 'C_007');
INSERT INTO ist_teilnehmer VALUES ('KRS_05', 'C_008');
INSERT INTO ist_teilnehmer VALUES ('KRS_05', 'C_009');
INSERT INTO ist_teilnehmer VALUES ('KRS_05', 'C_010');
INSERT INTO ist_teilnehmer VALUES ('KRS_05', 'C_011');
INSERT INTO ist_teilnehmer VALUES ('KRS_05', 'C_012');
INSERT INTO ist_teilnehmer VALUES ('KRS_05', 'C_013');
INSERT INTO ist_teilnehmer VALUES ('KRS_05', 'C_014');
INSERT INTO ist_teilnehmer VALUES ('KRS_05', 'C_015');
INSERT INTO ist_teilnehmer VALUES ('KRS_05', 'C_016');
INSERT INTO ist_teilnehmer VALUES ('KRS_05', 'C_017');
INSERT INTO ist_teilnehmer VALUES ('KRS_05', 'C_018');
INSERT INTO ist_teilnehmer VALUES ('KRS_05', 'C_019');
INSERT INTO ist_teilnehmer VALUES ('KRS_05', 'C_020');
INSERT INTO ist_teilnehmer VALUES ('KRS_05', 'C_021');
INSERT INTO ist_teilnehmer VALUES ('KRS_05', 'C_022');
INSERT INTO ist_teilnehmer VALUES ('KRS_05', 'C_023');
INSERT INTO ist_teilnehmer VALUES ('KRS_06', 'C_001');
INSERT INTO ist_teilnehmer VALUES ('KRS_06', 'C_002');
INSERT INTO ist_teilnehmer VALUES ('KRS_06', 'C_003');
INSERT INTO ist_teilnehmer VALUES ('KRS_06', 'C_004');
INSERT INTO ist_teilnehmer VALUES ('KRS_06', 'C_005');
INSERT INTO ist_teilnehmer VALUES ('KRS_06', 'C_006');
INSERT INTO ist_teilnehmer VALUES ('KRS_06', 'C_007');
INSERT INTO ist_teilnehmer VALUES ('KRS_06', 'C_008');
INSERT INTO ist_teilnehmer VALUES ('KRS_06', 'C_009');
INSERT INTO ist_teilnehmer VALUES ('KRS_06', 'C_010');
INSERT INTO ist_teilnehmer VALUES ('KRS_06', 'C_011');
INSERT INTO ist_teilnehmer VALUES ('KRS_06', 'C_012');
INSERT INTO ist_teilnehmer VALUES ('KRS_06', 'C_013');
INSERT INTO ist_teilnehmer VALUES ('KRS_06', 'C_014');
INSERT INTO ist_teilnehmer VALUES ('KRS_06', 'C_015');
INSERT INTO ist_teilnehmer VALUES ('KRS_06', 'C_016');
INSERT INTO ist_teilnehmer VALUES ('KRS_06', 'C_017');
INSERT INTO ist_teilnehmer VALUES ('KRS_06', 'C_018');
INSERT INTO ist_teilnehmer VALUES ('KRS_06', 'C_019');
INSERT INTO ist_teilnehmer VALUES ('KRS_06', 'C_020');
INSERT INTO ist_teilnehmer VALUES ('KRS_06', 'C_021');
INSERT INTO ist_teilnehmer VALUES ('KRS_06', 'C_026');