------------------------------------------------------------------------------------------------------------------------
-- Populate table arbeitseinteilung
------------------------------------------------------------------------------------------------------------------------

INSERT INTO arbeitseinteilungen VALUES ('AE_001', TO_DATE('2021-12-08 09:00', 'YYYY-MM-DD HH24:MI'), TO_DATE('2021-12-08 16:30', 'YYYY-MM-DD HH24:MI'));
INSERT INTO arbeitseinteilungen VALUES ('AE_002', TO_DATE('2021-01-04 08:00', 'YYYY-MM-DD HH24:MI'), TO_DATE('2021-01-04 15:30', 'YYYY-MM-DD HH24:MI'));
INSERT INTO arbeitseinteilungen VALUES ('AE_003', TO_DATE('2021-03-15 09:30', 'YYYY-MM-DD HH24:MI'), TO_DATE('2021-03-15 16:30', 'YYYY-MM-DD HH24:MI'));
INSERT INTO arbeitseinteilungen VALUES ('AE_004', TO_DATE('2021-04-21 10:30', 'YYYY-MM-DD HH24:MI'), TO_DATE('2021-04-21 16:30', 'YYYY-MM-DD HH24:MI'));
INSERT INTO arbeitseinteilungen VALUES ('AE_005', TO_DATE('2021-05-03 11:45', 'YYYY-MM-DD HH24:MI'), TO_DATE('2021-05-03 17:30', 'YYYY-MM-DD HH24:MI'));
INSERT INTO arbeitseinteilungen VALUES ('AE_006', TO_DATE('2021-12-21 09:15', 'YYYY-MM-DD HH24:MI'), TO_DATE('2021-12-21 16:30', 'YYYY-MM-DD HH24:MI'));
INSERT INTO arbeitseinteilungen VALUES ('AE_007', TO_DATE('2021-09-04 11:45', 'YYYY-MM-DD HH24:MI'), TO_DATE('2021-09-04 20:30', 'YYYY-MM-DD HH24:MI'));
INSERT INTO arbeitseinteilungen VALUES ('AE_008', TO_DATE('2021-06-15 12:00', 'YYYY-MM-DD HH24:MI'), TO_DATE('2021-06-15 21:30', 'YYYY-MM-DD HH24:MI'));
INSERT INTO arbeitseinteilungen VALUES ('AE_009', TO_DATE('2021-09-02 11:00', 'YYYY-MM-DD HH24:MI'), TO_DATE('2021-09-02 16:30', 'YYYY-MM-DD HH24:MI'));
INSERT INTO arbeitseinteilungen VALUES ('AE_010', TO_DATE('2021-08-13 09:30', 'YYYY-MM-DD HH24:MI'), TO_DATE('2021-08-13 17:30', 'YYYY-MM-DD HH24:MI'));
INSERT INTO arbeitseinteilungen VALUES ('AE_011', TO_DATE('2021-05-03 09:30', 'YYYY-MM-DD HH24:MI'), TO_DATE('2021-05-03 15:30', 'YYYY-MM-DD HH24:MI'));
INSERT INTO arbeitseinteilungen VALUES ('AE_012', TO_DATE('2021-06-13 11:00', 'YYYY-MM-DD HH24:MI'), TO_DATE('2021-06-13 20:30', 'YYYY-MM-DD HH24:MI'));
INSERT INTO arbeitseinteilungen VALUES ('AE_013', TO_DATE('2021-12-02 08:15', 'YYYY-MM-DD HH24:MI'), TO_DATE('2021-12-02 16:30', 'YYYY-MM-DD HH24:MI'));
INSERT INTO arbeitseinteilungen VALUES ('AE_014', TO_DATE('2021-08-17 08:45', 'YYYY-MM-DD HH24:MI'), TO_DATE('2021-08-17 16:30', 'YYYY-MM-DD HH24:MI'));
INSERT INTO arbeitseinteilungen VALUES ('AE_015', TO_DATE('2021-06-24 11:45', 'YYYY-MM-DD HH24:MI'), TO_DATE('2021-06-24 19:30', 'YYYY-MM-DD HH24:MI'));
INSERT INTO arbeitseinteilungen VALUES ('AE_016', TO_DATE('2021-09-03 09:15', 'YYYY-MM-DD HH24:MI'), TO_DATE('2021-09-03 17:30', 'YYYY-MM-DD HH24:MI'));
INSERT INTO arbeitseinteilungen VALUES ('AE_017', TO_DATE('2021-09-12 11:45', 'YYYY-MM-DD HH24:MI'), TO_DATE('2021-09-12 19:30', 'YYYY-MM-DD HH24:MI'));
INSERT INTO arbeitseinteilungen VALUES ('AE_018', TO_DATE('2021-04-16 13:45', 'YYYY-MM-DD HH24:MI'), TO_DATE('2021-04-16 20:30', 'YYYY-MM-DD HH24:MI'));
INSERT INTO arbeitseinteilungen VALUES ('AE_019', TO_DATE('2021-04-06 14:00', 'YYYY-MM-DD HH24:MI'), TO_DATE('2021-04-06 21:30', 'YYYY-MM-DD HH24:MI'));
INSERT INTO arbeitseinteilungen VALUES ('AE_020', TO_DATE('2021-02-18 09:30', 'YYYY-MM-DD HH24:MI'), TO_DATE('2021-02-18 17:30', 'YYYY-MM-DD HH24:MI'));
INSERT INTO arbeitseinteilungen VALUES ('AE_021', TO_DATE('2021-02-19 14:30', 'YYYY-MM-DD HH24:MI'), TO_DATE('2021-02-19 21:30', 'YYYY-MM-DD HH24:MI'));
INSERT INTO arbeitseinteilungen VALUES ('AE_022', TO_DATE('2021-04-11 11:00', 'YYYY-MM-DD HH24:MI'), TO_DATE('2021-04-11 18:30', 'YYYY-MM-DD HH24:MI'));
INSERT INTO arbeitseinteilungen VALUES ('AE_023', TO_DATE('2021-02-15 08:30', 'YYYY-MM-DD HH24:MI'), TO_DATE('2021-02-15 16:30', 'YYYY-MM-DD HH24:MI'));
INSERT INTO arbeitseinteilungen VALUES ('AE_024', TO_DATE('2021-07-26 08:45', 'YYYY-MM-DD HH24:MI'), TO_DATE('2021-07-26 16:30', 'YYYY-MM-DD HH24:MI'));
INSERT INTO arbeitseinteilungen VALUES ('AE_025', TO_DATE('2021-09-17 11:45', 'YYYY-MM-DD HH24:MI'), TO_DATE('2021-09-17 21:30', 'YYYY-MM-DD HH24:MI'));
INSERT INTO arbeitseinteilungen VALUES ('AE_026', TO_DATE('2021-11-08 09:15', 'YYYY-MM-DD HH24:MI'), TO_DATE('2021-11-08 17:30', 'YYYY-MM-DD HH24:MI'));
INSERT INTO arbeitseinteilungen VALUES ('AE_027', TO_DATE('2021-03-06 12:00', 'YYYY-MM-DD HH24:MI'), TO_DATE('2021-03-06 20:30', 'YYYY-MM-DD HH24:MI'));
INSERT INTO arbeitseinteilungen VALUES ('AE_028', TO_DATE('2021-09-21 15:45', 'YYYY-MM-DD HH24:MI'), TO_DATE('2021-09-21 21:30', 'YYYY-MM-DD HH24:MI'));
INSERT INTO arbeitseinteilungen VALUES ('AE_029', TO_DATE('2021-05-15 14:45', 'YYYY-MM-DD HH24:MI'), TO_DATE('2021-05-15 20:30', 'YYYY-MM-DD HH24:MI'));
INSERT INTO arbeitseinteilungen VALUES ('AE_030', TO_DATE('2021-02-19 09:30', 'YYYY-MM-DD HH24:MI'), TO_DATE('2021-02-19 15:30', 'YYYY-MM-DD HH24:MI'));

COMMIT;

------------------------------------------------------------------------------------------------------------------------
-- Populate table arbeitsvertraege
------------------------------------------------------------------------------------------------------------------------

INSERT INTO arbeitsvertraege VALUES ('AV_01', '450,00', 'Aushilfe', 20);
INSERT INTO arbeitsvertraege VALUES ('AV_02', '3000,00', 'Manager',40);
INSERT INTO arbeitsvertraege VALUES ('AV_03', '850,00', 'Ausbildung', 36);
INSERT INTO arbeitsvertraege VALUES ('AV_04', '450', 'Aushilfe', 20);
INSERT INTO arbeitsvertraege VALUES ('AV_05', '2500,00', 'Trainer', 40);
INSERT INTO arbeitsvertraege VALUES ('AV_06', '2300,00', 'Trainer', 38);
INSERT INTO arbeitsvertraege VALUES ('AV_07', '450,00', 'Aushilfe', 20);
INSERT INTO arbeitsvertraege VALUES ('AV_08', '2500,00', 'Trainer', 40);
INSERT INTO arbeitsvertraege VALUES ('AV_09', '900,00', 'Ausbildung', 37);

COMMIT;

------------------------------------------------------------------------------------------------------------------------
-- Populate table krankenkassen
------------------------------------------------------------------------------------------------------------------------

INSERT INTO krankenkassen VALUES ('KK_01', 'AOK', '043 Spohn Way', '85047', 'Maibu', '728-247-6203', 'bde0@wikipedia.org', 'Brock De Paepe');
INSERT INTO krankenkassen VALUES ('KK_02', 'DAK Gesundheit', '822 Jenifer Parkway', '67782', 'Kema', '999-395-3136', 'fcromack1@livejournal.com', 'Freddie Cromack');
INSERT INTO krankenkassen VALUES ('KK_03', 'Bergische Krankenkasse', '34546 Sutteridge Hill', '23506', 'Lapas', '772-111-6293', 'mtenant2@engadget.com', 'Merrili Tenant');
INSERT INTO krankenkassen VALUES ('KK_04', 'Knappschaft', '68326 Monterey Trail', '34598', 'Inkerman', '503-523-0179', 'nmacconneely3@gizmodo.com', 'Nedi MacConneely');
INSERT INTO krankenkassen VALUES ('KK_05', 'Heimat Krankenkasse', '27 Fair Oaks Court', '24692', 'Bojonghaur', '946-648-0346', 'acallingham4@icq.com', 'Ashlie Callingham');

COMMIT;

------------------------------------------------------------------------------------------------------------------------
-- Populate table kundenkarten
------------------------------------------------------------------------------------------------------------------------

INSERT INTO kundenkarten VALUES ('CC_001', 932);
INSERT INTO kundenkarten VALUES ('CC_002', 672);
INSERT INTO kundenkarten VALUES ('CC_003', 490);
INSERT INTO kundenkarten VALUES ('CC_004', 472);
INSERT INTO kundenkarten VALUES ('CC_005', 721);
INSERT INTO kundenkarten VALUES ('CC_006', 496);
INSERT INTO kundenkarten VALUES ('CC_007', 375);
INSERT INTO kundenkarten VALUES ('CC_008', 863);
INSERT INTO kundenkarten VALUES ('CC_009', 513);
INSERT INTO kundenkarten VALUES ('CC_010', 935);
INSERT INTO kundenkarten VALUES ('CC_011', 706);
INSERT INTO kundenkarten VALUES ('CC_012', 815);
INSERT INTO kundenkarten VALUES ('CC_013', 886);
INSERT INTO kundenkarten VALUES ('CC_014', 980);
INSERT INTO kundenkarten VALUES ('CC_015', 441);
INSERT INTO kundenkarten VALUES ('CC_016', 965);
INSERT INTO kundenkarten VALUES ('CC_017', 841);
INSERT INTO kundenkarten VALUES ('CC_018', 554);
INSERT INTO kundenkarten VALUES ('CC_019', 281);
INSERT INTO kundenkarten VALUES ('CC_020', 881);
INSERT INTO kundenkarten VALUES ('CC_021', 877);
INSERT INTO kundenkarten VALUES ('CC_022', 545);
INSERT INTO kundenkarten VALUES ('CC_023', 709);
INSERT INTO kundenkarten VALUES ('CC_024', 43);
INSERT INTO kundenkarten VALUES ('CC_025', 263);
INSERT INTO kundenkarten VALUES ('CC_026', 67);
INSERT INTO kundenkarten VALUES ('CC_027', 147);
INSERT INTO kundenkarten VALUES ('CC_028', 307);
INSERT INTO kundenkarten VALUES ('CC_029', 91);
INSERT INTO kundenkarten VALUES ('CC_030', 370);

COMMIT;

------------------------------------------------------------------------------------------------------------------------
-- Populate table mitarbeiter
------------------------------------------------------------------------------------------------------------------------

INSERT INTO mitarbeiter VALUES ('M_01', 'John', 'White', 'M', TO_DATE('1993-11-21', 'YYYY-MM-DD'), '2567 Fairfield Trail', '10505', 'Partido', '429-253-6451', TO_DATE('2018-05-31', 'YYYY-MM-DD'), '4905111521802833530', 'Kreissparkasse Reutlingen', 'CY98 8265 1216 U7YJ IO7H BYPG 7TKJ', '5794577622');
INSERT INTO mitarbeiter VALUES ('M_02', 'Ann', 'Richfield', 'W', TO_DATE('1963-05-21', 'YYYY-MM-DD'), '38611 Chinook Trail', '35783', 'Adorjan', '257-966-4681', TO_DATE('2017-02-26', 'YYYY-MM-DD'), '4913458837624582', 'Volksbank Esslingen', 'AE67 7159 7140 0060 4918 096', '0375143017');
INSERT INTO mitarbeiter VALUES ('M_03', 'Birgitta', 'Ford', 'W', TO_DATE('2000-02-01', 'YYYY-MM-DD'), '2 Park Meadow Crossing', '27508', 'Pizarro', '720-560-6783', TO_DATE('2019-03-02', 'YYYY-MM-DD'), '3539438117305926', 'Kreissparkasse Reutlingen', 'SA68 017S AXJU XGSV K5FM UODT', '6168138420');
INSERT INTO mitarbeiter VALUES ('M_04', 'Joe', 'Hayball', 'M', TO_DATE('1990-04-21','YYYY-MM-DD'), '416 Corben Center', '91044', 'Évry', '174-901-6314', TO_DATE('2013-02-23', 'YYYY-MM-DD'), '36616504490435', 'Volksbank Esslingen', 'CR11 6772 2103 0916 5410 9', '9052299420');
INSERT INTO mitarbeiter VALUES ('M_05', 'Nichol', 'Caddie', 'W', TO_DATE('1996-09-08','YYYY-MM-DD'), '55 Shasta Circle', '23456', 'Nancheng', '736-311-6065', TO_DATE('2021-06-23', 'YYYY-MM-DD'), '3575066775849862', 'Kreissparkasse Reutlingen', 'EE34 2799 1496 6641 5869', '3723113745');
INSERT INTO mitarbeiter VALUES ('M_06', 'Mike', 'Works', 'M', TO_DATE('1994-10-23','YYYY-MM-DD'), '9 Hauk Alley', '46926', 'Fengqiao', '866-656-5629', TO_DATE('2016-01-23', 'YYYY-MM-DD'), '3542201933015953', 'Volksbank Esslingen', 'EE03 0469 3847 3223 5259', '5722486647');
INSERT INTO mitarbeiter VALUES ('M_07', 'Alexander', 'Keedy', 'M', TO_DATE('1992-07-09','YYYY-MM-DD'), '0 Cambridge Junction', '62400', 'Camocim', '936-498-8488', TO_DATE('2017-06-01', 'YYYY-MM-DD'), '5108758794541089', 'Kreissparkasse Reutlingen', 'BR49 4039 9267 3208 4117 2372 832E L', '6283119190');
INSERT INTO mitarbeiter VALUES ('M_08', 'Mary', 'Baal', 'W', TO_DATE('2005-05-16','YYYY-MM-DD'), '06 Kingsford Trail', '5782', 'Kumagunnam', '971-136-0196', TO_DATE('2021-06-01', 'YYYY-MM-DD'), '6709308779133280089', 'Commerzbank Böblingen', 'MU50 BPRZ 1170 5450 9760 4580 652Z LO', '7619692177');
INSERT INTO mitarbeiter VALUES ('M_09', 'Susan', 'Filer', 'W', TO_DATE('1991-12-03','YYYY-MM-DD'), '0 Kings Trail', '14936', 'Bayt al ‘Awābī', '366-470-1994', TO_DATE('2015-04-26', 'YYYY-MM-DD'), '4041596338772', 'Volksbank Esslingen', 'AD67 2643 1046 JPZH ZY6P OZXO', '4591229556');

COMMIT;

------------------------------------------------------------------------------------------------------------------------
-- Populate table trainer
------------------------------------------------------------------------------------------------------------------------

INSERT INTO trainer VALUES ('M_05','A');
INSERT INTO trainer VALUES ('M_06','C');
INSERT INTO trainer VALUES ('M_08','B');

COMMIT;

------------------------------------------------------------------------------------------------------------------------
-- Populate table kunden
------------------------------------------------------------------------------------------------------------------------

INSERT INTO kunden VALUES ('C_001', 'Edward', 'Beedell', 'M', TO_DATE('2003-03-06', 'YYYY-MM-DD'), '3434 Ludington Road', '72555', 'Metzingen', '349-664-0426', 'ebeedell0@artisteer.com', '201472312178856', 'Kreissparkasse Reutlingen', 'AE47 8291 2055 4254 6814 121', '1270086561', '2345654334',                           'CC_001', 'KK_01','M_05');
INSERT INTO kunden VALUES ('C_002', 'Cobb', 'Rechert', 'M', TO_DATE('1960-05-08','YYYY-MM-DD'), '5707 Dahle Lane', '72764', 'Reutlingen', '559-780-7427', 'crechert1@dedecms.com', '374283446353401', 'Volksbank Tuebingen', 'AE22 7776 7586 9708 0072 060', '5941514867', '765434567',                                        'CC_002', 'KK_02','M_05');
INSERT INTO kunden VALUES ('C_003', 'Kincaid', 'Bruffell', 'M', TO_DATE('1997-03-15','YYYY-MM-DD'), '6 Stuart Plaza', '72070', 'Tuebingen', '804-578-2321', 'kbruffell2@narod.ru', '374288814456298', 'Kreissparkasse Reutlingen', 'MT95 FLLR 0524 8P7Z 9DFX CERP OI4L 8EX', '1507925840', '765498765',                       'CC_003', 'KK_03','M_08');
INSERT INTO kunden VALUES ('C_004', 'Odey', 'Heigho', 'M', TO_DATE('1993-07-15','YYYY-MM-DD'), '069 Starling Center', '70794', 'Filderstadt', '617-311-9109', 'oheigho3@360.cn', '3587150308041712', 'Kreissparkasse Reutlingen', 'SI97 9575 7390 8904 381', '8849256787', '234566',                                                 'CC_004', 'KK_04','M_06');
INSERT INTO kunden VALUES ('C_005', 'Lorrin', 'Butterwick', 'M', TO_DATE('1989-04-17','YYYY-MM-DD'), '29 Atwood Crossing', '72654', 'Neckartenzlingen', '107-668-0849', 'lbutterwick4@who.int', '30268482031579', 'Volksbank Tuebingen', 'HU54 7024 0989 8888 1601 9252 3398', '3312674980', '65432354',                                'CC_005', 'KK_05','M_08');
INSERT INTO kunden VALUES ('C_006', 'Melodie', 'Tadman', 'W', TO_DATE('1979-07-08','YYYY-MM-DD'), '61 Mockingbird Pass', '72622', 'Nuertingen', '325-447-9871', 'mtadman5@msu.edu', '3558991730162153', 'Kreissparkasse Reutlingen', 'DK35 3976 9707 4443 96', '7291311918', '34256534',                                            'CC_006', 'KK_01','M_06');
INSERT INTO kunden VALUES ('C_007', 'Ossie', 'Dat', 'W',TO_DATE( '1981-08-24','YYYY-MM-DD'), '56 Riverside Junction', '73230', 'Kirchheim', '504-995-2187', 'odat6@ca.gov', '3563157786886078', 'Volksbank Tuebingen', 'SM42 O356 3567 320E LE4W WSLK QQP', '3467202799', '3423462',                                       'CC_007', 'KK_02','M_08');
INSERT INTO kunden VALUES ('C_008', 'Shelley', 'Woolam', 'W', TO_DATE('1997-06-21','YYYY-MM-DD'), '86 Dennis Hill', '72764', 'Reutlingen', '769-455-5316', 'swoolam7@google.pl', '675971503749615545', 'Commerzbank Esslingen', 'FR09 8363 1485 82SC NHCL O1UZ D86', '0088637506','5432456',                                    'CC_008', 'KK_03','M_06');
INSERT INTO kunden VALUES ('C_009', 'Ashlee', 'Chstney', 'W', TO_DATE('1986-12-15','YYYY-MM-DD'), '71 Lerdahl Terrace', '72764', 'Reutlingen', '986-887-8186', 'achstney8@chronoengine.com', '5100134301200312', 'Volksbank Tuebingen', 'GT74 PWWM 8AIK WSJD 3WHQ 9LJG YCZS', '9603555584', '345654',                              'CC_009', 'KK_04','M_08');
INSERT INTO kunden VALUES ('C_010', 'Rockey', 'Stapele', 'W', TO_DATE('2002-05-20','YYYY-MM-DD'), '035 Quincy Trail', '72764', 'Reutlingen', '370-444-9021', 'rstapele9@e-recht24.de', '4026400321100954', 'Kreissparkasse Reutlingen', 'DK73 6552 1457 7113 46', '1859805795', '218542',                                         'CC_010', 'KK_05','M_05');
INSERT INTO kunden VALUES ('C_011', 'Gideon', 'Annon', 'M', TO_DATE('1973-08-06','YYYY-MM-DD'), '266 Gina Pass', '72764', 'Reutlingen', '123-181-7464', 'gannona@exblog.jp', '4917981460579175', 'Volksbank Tuebingen', 'DO50 7IDN 1918 6038 7729 3274 7258', '3164876106', '454332',                                            'CC_011', 'KK_01','M_06');
INSERT INTO kunden VALUES ('C_012', 'Spike', 'Jaukovic', 'M', TO_DATE('1969-05-04','YYYY-MM-DD'), '9 Crescent Oaks Trail', '72555', 'Metzingen', '506-212-9422', 'sjaukovicb@walmart.com', '4905028235441236854', 'Kreissparkasse Reutlingen', 'FR82 8212 3140 56ZF CUP2 R0AH P49', '9273820891', '524573',                    'CC_012', 'KK_02','M_05');
INSERT INTO kunden VALUES ('C_013', 'Lyndel', 'Brockie', 'W', TO_DATE('1982-05-25','YYYY-MM-DD'), '143 Vera Way', '72555', 'Metzingen', '557-135-7150', 'lbrockiec@yale.edu', '6706989677694710852', 'Volksbank Tuebingen', 'PL76 2964 8362 3582 4258 2087 0634', '9847018863', '9872345',                                      'CC_013', 'KK_03','M_08');
INSERT INTO kunden VALUES ('C_014', 'Pancho', 'Abramzon', 'M', TO_DATE('1960-07-02','YYYY-MM-DD'), '665 Eastwood Lane', '72555', 'Metzingen', '878-143-7305', 'pabramzond@tumblr.com', '3574328611904199', 'Commerzbank Esslingen', 'CH43 5469 8SJD ISVF RZE7 9', '2072540356', '3456765',                                'CC_014', 'KK_04','M_06');
INSERT INTO kunden VALUES ('C_015', 'Culver', 'Jukes', 'M',TO_DATE('1968-02-29','YYYY-MM-DD') , '640 Jackson Junction', '72622', 'Nuertingen', '183-961-1505', 'cjukese@google.co.uk', '5375071592293440', 'Volksbank Tuebingen', 'GT85 Q2SP HQND CDUC CJVZ WQMF GANA', '0592061558', '45672',                                  'CC_015', 'KK_05','M_06');
INSERT INTO kunden VALUES ('C_016', 'Orelle', 'Sizeland', 'W', TO_DATE('1992-03-01','YYYY-MM-DD'), '23045 3rd Street', '72622', 'Nuertingen', '223-493-0493', 'osizelandf@reddit.com', '3584841244961814', 'Kreissparkasse Reutlingen', 'AD39 7657 2906 YUIN KRDN SKMY', '4345174740', '452842',                            'CC_016', 'KK_01','M_05');
INSERT INTO kunden VALUES ('C_017', 'Renaud', 'Goricke', 'M', TO_DATE('2003-02-20','YYYY-MM-DD'), '8604 Luster Lane', '73230', 'Kirchheim', '422-608-6380', 'rgorickeg@microsoft.com', '3565814365140594', 'Commerzbank Esslingen', 'IS07 5405 4488 6321 3775 6623 11', '7477752442', '76432326',                               'CC_017', 'KK_02','M_08');
INSERT INTO kunden VALUES ('C_018', 'Ewen', 'Fieldhouse', 'W',TO_DATE('1974-06-03','YYYY-MM-DD'), '11 Graedel Center', '73230', 'Kirchheim', '136-101-2947', 'efieldhouseh@house.gov', '3554568601994999', 'Commerzbank Esslingen', 'RS96 8568 2229 8589 5679 80', '5121495188', '83248',                                       'CC_018', 'KK_03','M_05');
INSERT INTO kunden VALUES ('C_019', 'Shane', 'Tayler', 'W', TO_DATE('1980-09-07','YYYY-MM-DD'), '98 Longview Circle', '70794', 'Filderstadt', '393-601-2272', 'stayleri@fotki.com', '675971911381757030', 'Volksbank Tuebingen', 'BE05 3532 8340 4353', '1428661964', '342357654',                                              'CC_019', 'KK_04','M_08');
INSERT INTO kunden VALUES ('C_020', 'Alla', 'Plom', 'W', TO_DATE('2002-04-18','YYYY-MM-DD'), '34825 Fairfield Street', '70794', 'Filderstadt', '755-220-6157', 'aplomj@senate.gov', '3551728126143075', 'Volksbank Tuebingen', 'DE26 4076 4280 5549 3250 60', '8073295865', '6543223456',                                          'CC_020', 'KK_05','M_08');
INSERT INTO kunden VALUES ('C_021', 'Saloma', 'Billington', 'W', TO_DATE('1966-10-03','YYYY-MM-DD'), '215 Clyde Gallagher Lane', '72070', 'Tuebingen', '545-684-8284', 'sbillingtonk@who.int', '4844191902682615', 'Kreissparkasse Reutlingen', 'RO61 LTBT OMO5 QTBW IPPS G5SH', '9145201315', '87654345114',             'CC_021', 'KK_01','M_06');
INSERT INTO kunden VALUES ('C_022', 'Scarlett', 'Neiland', 'W', TO_DATE('1961-11-16','YYYY-MM-DD'), '5 Tomscot Alley', '72070', 'Tuebingen', '263-920-3319', 'sneilandl@wisc.edu', '5610909989414683471', 'Commerzbank Esslingen', 'CR24 9959 9737 3032 4311 1', '9060258320', '42678723',                                         'CC_022', 'KK_02','M_05');
INSERT INTO kunden VALUES ('C_023', 'Morlee', 'Whetland', 'W', TO_DATE('1971-02-25','YYYY-MM-DD'), '181 Browning Trail', '72070', 'Tuebingen', '639-239-1190', 'mwhetlandm@tinyurl.com', '3573361733944075', 'Kreissparkasse Reutlingen', 'FR15 3978 6840 32FM YXSN NCEJ G06', '1963569296', '3252484',                     'CC_023', 'KK_03','M_05');
INSERT INTO kunden VALUES ('C_024', 'Danika', 'Redrup', 'W', TO_DATE('1973-11-30','YYYY-MM-DD'), '31 Sutteridge Avenue', '72654', 'Neckartenzlingen', '634-111-5788', 'dredrupn@upenn.edu', '3552522694084400', 'Commerzbank Esslingen', 'ES94 8467 4921 5571 1869 2405', '9351926044', '674533221',                               'CC_024', 'KK_04','M_08');
INSERT INTO kunden VALUES ('C_025', 'Gwynne', 'Buckston', 'W', TO_DATE('1988-05-03','YYYY-MM-DD'), '3536 South Court', '72654', 'Neckartenzlingen', '356-526-6409', 'gbuckstono@jigsy.com', '3567660433898590', 'Commerzbank Esslingen', 'SM19 W112 5432 807U ISYT ISWH U1V', '4783268703', '31487654323',                          'CC_025', 'KK_05','M_06');
INSERT INTO kunden VALUES ('C_026', 'Jewel', 'Glanville', 'W', TO_DATE('1972-04-19','YYYY-MM-DD'), '17962 Dunning Plaza', '73230', 'Kirchheim', '825-647-0335', 'jglanvillep@netvibes.com', '3554637768008024', 'Kreissparkasse Reutlingen', 'BR55 5218 7183 1744 1537 6750 929U G', '6709294625', '3494646134',                 'CC_026', 'KK_01','M_05');
INSERT INTO kunden VALUES ('C_027', 'Flinn', 'Gammade', 'M', TO_DATE('1960-04-06','YYYY-MM-DD'), '592 Stone Corner Park', '72070', 'Tuebingen', '885-899-0077', 'fgammadeq@sogou.com', '3574326855216023', 'Kreissparkasse Reutlingen', 'PS11 VAIP 6DHO J7ZG 3XLE OOQY EAHI G', '9211279763', '3259831123',                        'CC_027', 'KK_02','M_05');
INSERT INTO kunden VALUES ('C_028', 'Nevsa', 'Druce', 'W',TO_DATE('1974-01-30','YYYY-MM-DD'), '288 Del Sol Place', '73230', 'Kirchheim', '630-274-3008', 'ndrucer@globo.com', '371070886291214', 'Kreissparkasse Reutlingen', 'HR66 3358 0587 7925 4912 0', '8838545480', '24543765',                                         'CC_028', 'KK_03','M_06');
INSERT INTO kunden VALUES ('C_029', 'Justine', 'Currey', 'W', TO_DATE('1986-05-19','YYYY-MM-DD'), '9 Barnett Way', '72654', 'Neckartenzlingen', '203-803-2392', 'jcurreys@dropbox.com', '4041377808043', 'Commerzbank Esslingen', 'TR14 8350 6TPO A9UN TQSI 6V6Z HD', '8404974624', '753831236',                                     'CC_029', 'KK_04','M_08');
INSERT INTO kunden VALUES ('C_030', 'Curr', 'Kidwell', 'M', TO_DATE('1971-03-11','YYYY-MM-DD'), '58 Northview Way', '72622', 'Nuertingen', '675-699-0035', 'ckidwellt@sbwire.com', '30210235305728', 'Volksbank Tuebingen', 'DE44 3178 2662 3985 8122 91', '2040548335', '3495324924',                                              'CC_030', 'KK_05','M_05');

COMMIT;

------------------------------------------------------------------------------------------------------------------------
-- Populate table buchungsverlaeufe
------------------------------------------------------------------------------------------------------------------------

INSERT INTO buchungsverlaeufe VALUES('BV_0000', TO_DATE('2021-12-06 09:01:34', 'YYYY-MM-DD HH24:MI:ss'), 'CHECK-IN', 'CC_001');
INSERT INTO buchungsverlaeufe VALUES('BV_0001', TO_DATE('2021-12-06 10:46:34', 'YYYY-MM-DD HH24:MI:ss'), 'CHECK-OUT', 'CC_001');
INSERT INTO buchungsverlaeufe VALUES('BV_0002', TO_DATE('2021-06-04 11:46:52', 'YYYY-MM-DD HH24:MI:ss'), 'CHECK-IN', 'CC_001');
INSERT INTO buchungsverlaeufe VALUES('BV_0003', TO_DATE('2021-06-04 13:56:52', 'YYYY-MM-DD HH24:MI:ss'), 'CHECK-OUT', 'CC_001');
INSERT INTO buchungsverlaeufe VALUES('BV_0004', TO_DATE('2021-02-23 16:55:06', 'YYYY-MM-DD HH24:MI:ss'), 'GUTSCHRIFT', 'CC_001');
INSERT INTO buchungsverlaeufe VALUES('BV_0005', TO_DATE('2021-11-05 17:29:48', 'YYYY-MM-DD HH24:MI:ss'), 'ABBUCHUNG', 'CC_001');
INSERT INTO buchungsverlaeufe VALUES('BV_0006', TO_DATE('2021-10-18 14:44:47', 'YYYY-MM-DD HH24:MI:ss'), 'ABBUCHUNG', 'CC_001');
INSERT INTO buchungsverlaeufe VALUES('BV_0007', TO_DATE('2021-07-04 18:59:03', 'YYYY-MM-DD HH24:MI:ss'), 'CHECK-IN', 'CC_001');
INSERT INTO buchungsverlaeufe VALUES('BV_0008', TO_DATE('2021-07-04 20:59:03', 'YYYY-MM-DD HH24:MI:ss'), 'CHECK-OUT', 'CC_001');
INSERT INTO buchungsverlaeufe VALUES('BV_0009', TO_DATE('2021-02-22 14:18:40', 'YYYY-MM-DD HH24:MI:ss'), 'GUTSCHRIFT', 'CC_001');
INSERT INTO buchungsverlaeufe VALUES('BV_0010', TO_DATE('2021-07-06 15:18:46', 'YYYY-MM-DD HH24:MI:ss'), 'CHECK-IN', 'CC_001');
INSERT INTO buchungsverlaeufe VALUES('BV_0011', TO_DATE('2021-07-06 17:18:46', 'YYYY-MM-DD HH24:MI:ss'), 'CHECK-OUT', 'CC_001');
INSERT INTO buchungsverlaeufe VALUES('BV_0012', TO_DATE('2021-04-13 18:23:47', 'YYYY-MM-DD HH24:MI:ss'), 'CHECK-IN', 'CC_001');
INSERT INTO buchungsverlaeufe VALUES('BV_0013', TO_DATE('2021-04-13 20:23:47', 'YYYY-MM-DD HH24:MI:ss'), 'CHECK-OUT', 'CC_001');
INSERT INTO buchungsverlaeufe VALUES('BV_0014', TO_DATE('2021-03-09 13:16:11', 'YYYY-MM-DD HH24:MI:ss'), 'GUTSCHRIFT', 'CC_001');
INSERT INTO buchungsverlaeufe VALUES('BV_0015', TO_DATE('2021-01-19 11:50:42', 'YYYY-MM-DD HH24:MI:ss'), 'GUTSCHRIFT', 'CC_001');
INSERT INTO buchungsverlaeufe VALUES('BV_0016', TO_DATE('2021-06-05 18:57:55', 'YYYY-MM-DD HH24:MI:ss'), 'GUTSCHRIFT', 'CC_002');
INSERT INTO buchungsverlaeufe VALUES('BV_0017', TO_DATE('2021-12-25 10:59:57', 'YYYY-MM-DD HH24:MI:ss'), 'CHECK-IN', 'CC_002');
INSERT INTO buchungsverlaeufe VALUES('BV_0018', TO_DATE('2021-12-25 12:59:57', 'YYYY-MM-DD HH24:MI:ss'), 'CHECK-OUT', 'CC_002');
INSERT INTO buchungsverlaeufe VALUES('BV_0019', TO_DATE('2021-10-23 19:42:37', 'YYYY-MM-DD HH24:MI:ss'), 'GUTSCHRIFT', 'CC_002');
INSERT INTO buchungsverlaeufe VALUES('BV_0020', TO_DATE('2021-02-07 14:38:00', 'YYYY-MM-DD HH24:MI:ss'), 'ABBUCHUNG', 'CC_002');
INSERT INTO buchungsverlaeufe VALUES('BV_0021', TO_DATE('2021-10-16 12:16:17', 'YYYY-MM-DD HH24:MI:ss'), 'GUTSCHRIFT', 'CC_002');
INSERT INTO buchungsverlaeufe VALUES('BV_0022', TO_DATE('2021-07-31 12:10:28', 'YYYY-MM-DD HH24:MI:ss'), 'CHECK-IN', 'CC_002');
INSERT INTO buchungsverlaeufe VALUES('BV_0023', TO_DATE('2021-07-31 14:30:28', 'YYYY-MM-DD HH24:MI:ss'), 'CHECK-OUT', 'CC_002');
INSERT INTO buchungsverlaeufe VALUES('BV_0024', TO_DATE('2021-11-17 09:27:53', 'YYYY-MM-DD HH24:MI:ss'), 'CHECK-IN', 'CC_002');
INSERT INTO buchungsverlaeufe VALUES('BV_0025', TO_DATE('2021-11-17 10:27:53', 'YYYY-MM-DD HH24:MI:ss'), 'CHECK-OUT', 'CC_002');
INSERT INTO buchungsverlaeufe VALUES('BV_0026', TO_DATE('2021-02-25 09:27:19', 'YYYY-MM-DD HH24:MI:ss'), 'CHECK-IN', 'CC_002');
INSERT INTO buchungsverlaeufe VALUES('BV_0027', TO_DATE('2021-02-25 11:39:34', 'YYYY-MM-DD HH24:MI:ss'), 'CHECK-OUT', 'CC_002');
INSERT INTO buchungsverlaeufe VALUES('BV_0028', TO_DATE('2021-08-31 18:31:48', 'YYYY-MM-DD HH24:MI:ss'), 'CHECK-IN', 'CC_002');
INSERT INTO buchungsverlaeufe VALUES('BV_0029', TO_DATE('2021-08-31 19:31:48', 'YYYY-MM-DD HH24:MI:ss'), 'CHECK-OUT', 'CC_002');
INSERT INTO buchungsverlaeufe VALUES('BV_0030', TO_DATE('2021-09-20 19:18:31', 'YYYY-MM-DD HH24:MI:ss'), 'CHECK-IN', 'CC_002');
INSERT INTO buchungsverlaeufe VALUES('BV_0031', TO_DATE('2021-09-20 21:18:31', 'YYYY-MM-DD HH24:MI:ss'), 'CHECK-OUT', 'CC_002');
INSERT INTO buchungsverlaeufe VALUES('BV_0032', TO_DATE('2021-12-22 13:02:30', 'YYYY-MM-DD HH24:MI:ss'), 'CHECK-IN', 'CC_002');
INSERT INTO buchungsverlaeufe VALUES('BV_0033', TO_DATE('2021-12-22 14:17:30', 'YYYY-MM-DD HH24:MI:ss'), 'CHECK-OUT', 'CC_002');
INSERT INTO buchungsverlaeufe VALUES('BV_0034', TO_DATE('2021-08-03 18:31:53', 'YYYY-MM-DD HH24:MI:ss'), 'ABBUCHUNG', 'CC_002');
INSERT INTO buchungsverlaeufe VALUES('BV_0035', TO_DATE('2021-11-04 19:14:00', 'YYYY-MM-DD HH24:MI:ss'), 'GUTSCHRIFT', 'CC_002');
INSERT INTO buchungsverlaeufe VALUES('BV_0036', TO_DATE('2021-02-05 19:26:29', 'YYYY-MM-DD HH24:MI:ss'), 'GUTSCHRIFT', 'CC_003');
INSERT INTO buchungsverlaeufe VALUES('BV_0037', TO_DATE('2021-08-31 11:30:08', 'YYYY-MM-DD HH24:MI:ss'), 'ABBUCHUNG', 'CC_003');
INSERT INTO buchungsverlaeufe VALUES('BV_0038', TO_DATE('2021-07-25 20:14:57', 'YYYY-MM-DD HH24:MI:ss'), 'CHECK-IN', 'CC_003');
INSERT INTO buchungsverlaeufe VALUES('BV_0039', TO_DATE('2021-07-25 21:14:57', 'YYYY-MM-DD HH24:MI:ss'), 'CHECK-OUT', 'CC_003');
INSERT INTO buchungsverlaeufe VALUES('BV_0040', TO_DATE('2021-02-16 16:34:08', 'YYYY-MM-DD HH24:MI:ss'), 'CHECK-IN', 'CC_003');
INSERT INTO buchungsverlaeufe VALUES('BV_0041', TO_DATE('2021-02-16 18:34:51', 'YYYY-MM-DD HH24:MI:ss'), 'CHECK-OUT', 'CC_003');
INSERT INTO buchungsverlaeufe VALUES('BV_0042', TO_DATE('2021-09-19 17:02:23', 'YYYY-MM-DD HH24:MI:ss'), 'CHECK-IN', 'CC_003');
INSERT INTO buchungsverlaeufe VALUES('BV_0043', TO_DATE('2021-09-19 19:51:55', 'YYYY-MM-DD HH24:MI:ss'), 'CHECK-OUT', 'CC_003');
INSERT INTO buchungsverlaeufe VALUES('BV_0044', TO_DATE('2021-06-21 17:30:04', 'YYYY-MM-DD HH24:MI:ss'), 'CHECK-IN', 'CC_003');
INSERT INTO buchungsverlaeufe VALUES('BV_0045', TO_DATE('2021-06-21 19:57:25', 'YYYY-MM-DD HH24:MI:ss'), 'CHECK-OUT', 'CC_003');
INSERT INTO buchungsverlaeufe VALUES('BV_0046', TO_DATE('2021-02-10 14:24:12', 'YYYY-MM-DD HH24:MI:ss'), 'ABBUCHUNG', 'CC_003');
INSERT INTO buchungsverlaeufe VALUES('BV_0047', TO_DATE('2021-10-07 09:34:38', 'YYYY-MM-DD HH24:MI:ss'), 'ABBUCHUNG', 'CC_003');
INSERT INTO buchungsverlaeufe VALUES('BV_0048', TO_DATE('2021-12-16 14:30:08', 'YYYY-MM-DD HH24:MI:ss'), 'ABBUCHUNG', 'CC_003');
INSERT INTO buchungsverlaeufe VALUES('BV_0049', TO_DATE('2021-10-06 20:26:23', 'YYYY-MM-DD HH24:MI:ss'), 'ABBUCHUNG', 'CC_003');
INSERT INTO buchungsverlaeufe VALUES('BV_0050', TO_DATE('2021-01-16 09:50:06', 'YYYY-MM-DD HH24:MI:ss'), 'CHECK-IN', 'CC_003');
INSERT INTO buchungsverlaeufe VALUES('BV_0051', TO_DATE('2021-01-16 11:50:21', 'YYYY-MM-DD HH24:MI:ss'), 'CHECK-OUT', 'CC_003');
INSERT INTO buchungsverlaeufe VALUES('BV_0052', TO_DATE('2021-12-01 09:18:34', 'YYYY-MM-DD HH24:MI:ss'), 'CHECK-IN', 'CC_003');
INSERT INTO buchungsverlaeufe VALUES('BV_0053', TO_DATE('2021-12-01 11:18:51', 'YYYY-MM-DD HH24:MI:ss'), 'CHECK-OUT', 'CC_003');
INSERT INTO buchungsverlaeufe VALUES('BV_0054', TO_DATE('2021-06-26 12:49:03', 'YYYY-MM-DD HH24:MI:ss'), 'ABBUCHUNG', 'CC_003');
INSERT INTO buchungsverlaeufe VALUES('BV_0055', TO_DATE('2021-08-12 11:16:43', 'YYYY-MM-DD HH24:MI:ss'), 'ABBUCHUNG', 'CC_004');
INSERT INTO buchungsverlaeufe VALUES('BV_0056', TO_DATE('2021-09-30 19:56:42', 'YYYY-MM-DD HH24:MI:ss'), 'ABBUCHUNG', 'CC_004');
INSERT INTO buchungsverlaeufe VALUES('BV_0057', TO_DATE('2021-07-07 20:55:18', 'YYYY-MM-DD HH24:MI:ss'), 'ABBUCHUNG', 'CC_004');
INSERT INTO buchungsverlaeufe VALUES('BV_0058', TO_DATE('2021-10-25 14:22:35', 'YYYY-MM-DD HH24:MI:ss'), 'CHECK-IN', 'CC_004');
INSERT INTO buchungsverlaeufe VALUES('BV_0059', TO_DATE('2021-10-25 15:28:35', 'YYYY-MM-DD HH24:MI:ss'), 'CHECK-OUT', 'CC_004');
INSERT INTO buchungsverlaeufe VALUES('BV_0060', TO_DATE('2021-05-02 15:10:40', 'YYYY-MM-DD HH24:MI:ss'), 'CHECK-IN', 'CC_004');
INSERT INTO buchungsverlaeufe VALUES('BV_0061', TO_DATE('2021-05-02 17:24:40', 'YYYY-MM-DD HH24:MI:ss'), 'CHECK-OUT', 'CC_004');
INSERT INTO buchungsverlaeufe VALUES('BV_0062', TO_DATE('2021-02-20 14:37:24', 'YYYY-MM-DD HH24:MI:ss'), 'CHECK-IN', 'CC_004');
INSERT INTO buchungsverlaeufe VALUES('BV_0063', TO_DATE('2021-02-20 15:37:24', 'YYYY-MM-DD HH24:MI:ss'), 'CHECK-OUT', 'CC_004');
INSERT INTO buchungsverlaeufe VALUES('BV_0064', TO_DATE('2021-01-28 11:19:43', 'YYYY-MM-DD HH24:MI:ss'), 'CHECK-IN', 'CC_004');
INSERT INTO buchungsverlaeufe VALUES('BV_0065', TO_DATE('2021-01-28 13:54:44', 'YYYY-MM-DD HH24:MI:ss'), 'CHECK-OUT', 'CC_004');
INSERT INTO buchungsverlaeufe VALUES('BV_0066', TO_DATE('2021-06-14 11:57:28', 'YYYY-MM-DD HH24:MI:ss'), 'CHECK-IN', 'CC_004');
INSERT INTO buchungsverlaeufe VALUES('BV_0067', TO_DATE('2021-06-14 13:57:30', 'YYYY-MM-DD HH24:MI:ss'), 'CHECK-OUT', 'CC_004');
INSERT INTO buchungsverlaeufe VALUES('BV_0068', TO_DATE('2021-03-25 12:30:02', 'YYYY-MM-DD HH24:MI:ss'), 'CHECK-IN', 'CC_004');
INSERT INTO buchungsverlaeufe VALUES('BV_0069', TO_DATE('2021-03-25 14:48:58', 'YYYY-MM-DD HH24:MI:ss'), 'CHECK-OUT', 'CC_004');
INSERT INTO buchungsverlaeufe VALUES('BV_0070', TO_DATE('2021-05-26 16:35:32', 'YYYY-MM-DD HH24:MI:ss'), 'CHECK-IN', 'CC_004');
INSERT INTO buchungsverlaeufe VALUES('BV_0071', TO_DATE('2021-05-26 17:43:32', 'YYYY-MM-DD HH24:MI:ss'), 'CHECK-OUT', 'CC_004');
INSERT INTO buchungsverlaeufe VALUES('BV_0072', TO_DATE('2021-09-17 17:02:24', 'YYYY-MM-DD HH24:MI:ss'), 'GUTSCHRIFT', 'CC_004');
INSERT INTO buchungsverlaeufe VALUES('BV_0073', TO_DATE('2021-06-22 17:30:50', 'YYYY-MM-DD HH24:MI:ss'), 'CHECK-IN', 'CC_004');
INSERT INTO buchungsverlaeufe VALUES('BV_0074', TO_DATE('2021-06-22 18:31:50', 'YYYY-MM-DD HH24:MI:ss'), 'CHECK-OUT', 'CC_004');
INSERT INTO buchungsverlaeufe VALUES('BV_0075', TO_DATE('2021-12-24 20:04:41', 'YYYY-MM-DD HH24:MI:ss'), 'GUTSCHRIFT', 'CC_004');
INSERT INTO buchungsverlaeufe VALUES('BV_0076', TO_DATE('2021-01-06 19:18:21', 'YYYY-MM-DD HH24:MI:ss'), 'CHECK-IN', 'CC_004');
INSERT INTO buchungsverlaeufe VALUES('BV_0077', TO_DATE('2021-01-06 20:30:21', 'YYYY-MM-DD HH24:MI:ss'), 'CHECK-OUT', 'CC_004');
INSERT INTO buchungsverlaeufe VALUES('BV_0078', TO_DATE('2021-10-08 15:03:03', 'YYYY-MM-DD HH24:MI:ss'), 'CHECK-IN', 'CC_004');
INSERT INTO buchungsverlaeufe VALUES('BV_0079', TO_DATE('2021-10-08 17:22:32', 'YYYY-MM-DD HH24:MI:ss'), 'CHECK-OUT', 'CC_004');
INSERT INTO buchungsverlaeufe VALUES('BV_0080', TO_DATE('2021-02-26 19:13:54', 'YYYY-MM-DD HH24:MI:ss'), 'CHECK-IN', 'CC_004');
INSERT INTO buchungsverlaeufe VALUES('BV_0081', TO_DATE('2021-02-26 20:35:54', 'YYYY-MM-DD HH24:MI:ss'), 'CHECK-OUT', 'CC_004');
INSERT INTO buchungsverlaeufe VALUES('BV_0082', TO_DATE('2021-07-31 11:16:48', 'YYYY-MM-DD HH24:MI:ss'), 'ABBUCHUNG', 'CC_005');
INSERT INTO buchungsverlaeufe VALUES('BV_0083', TO_DATE('2021-10-31 17:45:02', 'YYYY-MM-DD HH24:MI:ss'), 'ABBUCHUNG', 'CC_005');
INSERT INTO buchungsverlaeufe VALUES('BV_0084', TO_DATE('2021-12-07 19:03:59', 'YYYY-MM-DD HH24:MI:ss'), 'CHECK-IN', 'CC_005');
INSERT INTO buchungsverlaeufe VALUES('BV_0085', TO_DATE('2021-12-07 20:05:59', 'YYYY-MM-DD HH24:MI:ss'), 'CHECK-OUT', 'CC_005');
INSERT INTO buchungsverlaeufe VALUES('BV_0086', TO_DATE('2021-04-03 10:10:41', 'YYYY-MM-DD HH24:MI:ss'), 'GUTSCHRIFT', 'CC_005');
INSERT INTO buchungsverlaeufe VALUES('BV_0087', TO_DATE('2021-01-05 12:30:52', 'YYYY-MM-DD HH24:MI:ss'), 'CHECK-IN', 'CC_005');
INSERT INTO buchungsverlaeufe VALUES('BV_0088', TO_DATE('2021-01-05 13:34:52', 'YYYY-MM-DD HH24:MI:ss'), 'CHECK-OUT', 'CC_005');
INSERT INTO buchungsverlaeufe VALUES('BV_0089', TO_DATE('2021-02-17 11:00:34', 'YYYY-MM-DD HH24:MI:ss'), 'GUTSCHRIFT', 'CC_005');
INSERT INTO buchungsverlaeufe VALUES('BV_0090', TO_DATE('2021-02-22 12:11:41', 'YYYY-MM-DD HH24:MI:ss'), 'CHECK-IN', 'CC_005');
INSERT INTO buchungsverlaeufe VALUES('BV_0091', TO_DATE('2021-02-22 13:25:41', 'YYYY-MM-DD HH24:MI:ss'), 'CHECK-OUT', 'CC_005');
INSERT INTO buchungsverlaeufe VALUES('BV_0092', TO_DATE('2021-05-28 10:09:56', 'YYYY-MM-DD HH24:MI:ss'), 'ABBUCHUNG', 'CC_005');
INSERT INTO buchungsverlaeufe VALUES('BV_0093', TO_DATE('2021-11-19 11:48:35', 'YYYY-MM-DD HH24:MI:ss'), 'CHECK-IN', 'CC_005');
INSERT INTO buchungsverlaeufe VALUES('BV_0094', TO_DATE('2021-11-19 13:48:40', 'YYYY-MM-DD HH24:MI:ss'), 'CHECK-OUT', 'CC_005');
INSERT INTO buchungsverlaeufe VALUES('BV_0095', TO_DATE('2021-07-27 18:23:31', 'YYYY-MM-DD HH24:MI:ss'), 'ABBUCHUNG', 'CC_006');
INSERT INTO buchungsverlaeufe VALUES('BV_0096', TO_DATE('2021-03-06 09:24:32', 'YYYY-MM-DD HH24:MI:ss'), 'GUTSCHRIFT', 'CC_006');
INSERT INTO buchungsverlaeufe VALUES('BV_0097', TO_DATE('2021-06-02 13:50:13', 'YYYY-MM-DD HH24:MI:ss'), 'ABBUCHUNG', 'CC_006');
INSERT INTO buchungsverlaeufe VALUES('BV_0098', TO_DATE('2021-10-21 13:08:00', 'YYYY-MM-DD HH24:MI:ss'), 'CHECK-IN', 'CC_006');
INSERT INTO buchungsverlaeufe VALUES('BV_0099', TO_DATE('2021-10-21 14:37:47', 'YYYY-MM-DD HH24:MI:ss'), 'CHECK-OUT', 'CC_006');
INSERT INTO buchungsverlaeufe VALUES('BV_0100', TO_DATE('2021-07-27 15:40:42', 'YYYY-MM-DD HH24:MI:ss'), 'GUTSCHRIFT', 'CC_006');
INSERT INTO buchungsverlaeufe VALUES('BV_0101', TO_DATE('2021-02-25 11:44:22', 'YYYY-MM-DD HH24:MI:ss'), 'CHECK-IN', 'CC_006');
INSERT INTO buchungsverlaeufe VALUES('BV_0102', TO_DATE('2021-02-25 13:44:40', 'YYYY-MM-DD HH24:MI:ss'), 'CHECK-OUT', 'CC_006');
INSERT INTO buchungsverlaeufe VALUES('BV_0103', TO_DATE('2021-10-08 11:19:10', 'YYYY-MM-DD HH24:MI:ss'), 'CHECK-IN', 'CC_006');
INSERT INTO buchungsverlaeufe VALUES('BV_0104', TO_DATE('2021-10-08 13:45:24', 'YYYY-MM-DD HH24:MI:ss'), 'CHECK-OUT', 'CC_006');
INSERT INTO buchungsverlaeufe VALUES('BV_0105', TO_DATE('2021-10-30 15:10:29', 'YYYY-MM-DD HH24:MI:ss'), 'ABBUCHUNG', 'CC_006');
INSERT INTO buchungsverlaeufe VALUES('BV_0106', TO_DATE('2021-04-18 10:32:45', 'YYYY-MM-DD HH24:MI:ss'), 'CHECK-IN', 'CC_006');
INSERT INTO buchungsverlaeufe VALUES('BV_0107', TO_DATE('2021-04-18 12:57:50', 'YYYY-MM-DD HH24:MI:ss'), 'CHECK-OUT', 'CC_006');
INSERT INTO buchungsverlaeufe VALUES('BV_0108', TO_DATE('2021-08-28 18:01:48', 'YYYY-MM-DD HH24:MI:ss'), 'ABBUCHUNG', 'CC_006');
INSERT INTO buchungsverlaeufe VALUES('BV_0109', TO_DATE('2021-04-18 18:08:24', 'YYYY-MM-DD HH24:MI:ss'), 'CHECK-IN', 'CC_006');
INSERT INTO buchungsverlaeufe VALUES('BV_0110', TO_DATE('2021-04-18 20:58:47', 'YYYY-MM-DD HH24:MI:ss'), 'CHECK-OUT', 'CC_006');
INSERT INTO buchungsverlaeufe VALUES('BV_0111', TO_DATE('2021-10-17 18:06:10', 'YYYY-MM-DD HH24:MI:ss'), 'CHECK-IN', 'CC_006');
INSERT INTO buchungsverlaeufe VALUES('BV_0112', TO_DATE('2021-10-17 20:19:10', 'YYYY-MM-DD HH24:MI:ss'), 'CHECK-OUT', 'CC_006');
INSERT INTO buchungsverlaeufe VALUES('BV_0113', TO_DATE('2021-05-28 12:15:57', 'YYYY-MM-DD HH24:MI:ss'), 'ABBUCHUNG', 'CC_006');
INSERT INTO buchungsverlaeufe VALUES('BV_0114', TO_DATE('2021-11-03 10:06:49', 'YYYY-MM-DD HH24:MI:ss'), 'GUTSCHRIFT', 'CC_006');
INSERT INTO buchungsverlaeufe VALUES('BV_0115', TO_DATE('2021-08-14 15:38:11', 'YYYY-MM-DD HH24:MI:ss'), 'CHECK-IN', 'CC_006');
INSERT INTO buchungsverlaeufe VALUES('BV_0116', TO_DATE('2021-08-14 16:40:44', 'YYYY-MM-DD HH24:MI:ss'), 'CHECK-OUT', 'CC_006');
INSERT INTO buchungsverlaeufe VALUES('BV_0117', TO_DATE('2021-06-05 17:51:04', 'YYYY-MM-DD HH24:MI:ss'), 'CHECK-IN', 'CC_007');
INSERT INTO buchungsverlaeufe VALUES('BV_0118', TO_DATE('2021-06-05 19:51:24', 'YYYY-MM-DD HH24:MI:ss'), 'CHECK-OUT', 'CC_007');
INSERT INTO buchungsverlaeufe VALUES('BV_0119', TO_DATE('2021-09-14 17:22:18', 'YYYY-MM-DD HH24:MI:ss'), 'CHECK-IN', 'CC_007');
INSERT INTO buchungsverlaeufe VALUES('BV_0120', TO_DATE('2021-09-14 18:22:18', 'YYYY-MM-DD HH24:MI:ss'), 'CHECK-OUT', 'CC_007');
INSERT INTO buchungsverlaeufe VALUES('BV_0121', TO_DATE('2021-02-12 20:56:35', 'YYYY-MM-DD HH24:MI:ss'), 'CHECK-IN', 'CC_007');
INSERT INTO buchungsverlaeufe VALUES('BV_0122', TO_DATE('2021-02-12 21:56:37', 'YYYY-MM-DD HH24:MI:ss'), 'CHECK-OUT', 'CC_007');
INSERT INTO buchungsverlaeufe VALUES('BV_0123', TO_DATE('2021-04-26 10:08:49', 'YYYY-MM-DD HH24:MI:ss'), 'ABBUCHUNG', 'CC_007');
INSERT INTO buchungsverlaeufe VALUES('BV_0124', TO_DATE('2021-03-15 20:29:48', 'YYYY-MM-DD HH24:MI:ss'), 'ABBUCHUNG', 'CC_007');
INSERT INTO buchungsverlaeufe VALUES('BV_0125', TO_DATE('2021-03-08 13:24:09', 'YYYY-MM-DD HH24:MI:ss'), 'CHECK-IN', 'CC_007');
INSERT INTO buchungsverlaeufe VALUES('BV_0126', TO_DATE('2021-03-08 15:47:43', 'YYYY-MM-DD HH24:MI:ss'), 'CHECK-OUT', 'CC_007');
INSERT INTO buchungsverlaeufe VALUES('BV_0127', TO_DATE('2021-07-29 20:43:46', 'YYYY-MM-DD HH24:MI:ss'), 'CHECK-IN', 'CC_007');
INSERT INTO buchungsverlaeufe VALUES('BV_0128', TO_DATE('2021-07-29 22:43:46', 'YYYY-MM-DD HH24:MI:ss'), 'CHECK-OUT', 'CC_007');
INSERT INTO buchungsverlaeufe VALUES('BV_0129', TO_DATE('2021-02-28 13:35:10', 'YYYY-MM-DD HH24:MI:ss'), 'ABBUCHUNG', 'CC_008');
INSERT INTO buchungsverlaeufe VALUES('BV_0130', TO_DATE('2021-04-10 20:06:12', 'YYYY-MM-DD HH24:MI:ss'), 'CHECK-IN', 'CC_008');
INSERT INTO buchungsverlaeufe VALUES('BV_0131', TO_DATE('2021-04-10 21:35:34', 'YYYY-MM-DD HH24:MI:ss'), 'CHECK-OUT', 'CC_008');
INSERT INTO buchungsverlaeufe VALUES('BV_0132', TO_DATE('2021-12-22 19:09:56', 'YYYY-MM-DD HH24:MI:ss'), 'GUTSCHRIFT', 'CC_008');
INSERT INTO buchungsverlaeufe VALUES('BV_0133', TO_DATE('2021-01-07 20:54:55', 'YYYY-MM-DD HH24:MI:ss'), 'ABBUCHUNG', 'CC_008');
INSERT INTO buchungsverlaeufe VALUES('BV_0134', TO_DATE('2021-12-15 20:00:03', 'YYYY-MM-DD HH24:MI:ss'), 'GUTSCHRIFT', 'CC_008');
INSERT INTO buchungsverlaeufe VALUES('BV_0135', TO_DATE('2021-02-19 12:02:27', 'YYYY-MM-DD HH24:MI:ss'), 'GUTSCHRIFT', 'CC_008');
INSERT INTO buchungsverlaeufe VALUES('BV_0136', TO_DATE('2021-04-25 20:38:14', 'YYYY-MM-DD HH24:MI:ss'), 'ABBUCHUNG', 'CC_008');
INSERT INTO buchungsverlaeufe VALUES('BV_0137', TO_DATE('2021-03-01 20:52:10', 'YYYY-MM-DD HH24:MI:ss'), 'ABBUCHUNG', 'CC_008');
INSERT INTO buchungsverlaeufe VALUES('BV_0138', TO_DATE('2021-08-30 17:12:39', 'YYYY-MM-DD HH24:MI:ss'), 'CHECK-IN', 'CC_008');
INSERT INTO buchungsverlaeufe VALUES('BV_0139', TO_DATE('2021-08-30 18:46:39', 'YYYY-MM-DD HH24:MI:ss'), 'CHECK-OUT', 'CC_008');
INSERT INTO buchungsverlaeufe VALUES('BV_0140', TO_DATE('2021-08-21 11:31:53', 'YYYY-MM-DD HH24:MI:ss'), 'GUTSCHRIFT', 'CC_008');
INSERT INTO buchungsverlaeufe VALUES('BV_0141', TO_DATE('2021-08-09 19:50:01', 'YYYY-MM-DD HH24:MI:ss'), 'ABBUCHUNG', 'CC_008');
INSERT INTO buchungsverlaeufe VALUES('BV_0142', TO_DATE('2021-12-03 14:19:57', 'YYYY-MM-DD HH24:MI:ss'), 'CHECK-IN', 'CC_008');
INSERT INTO buchungsverlaeufe VALUES('BV_0143', TO_DATE('2021-12-03 16:34:57', 'YYYY-MM-DD HH24:MI:ss'), 'CHECK-OUT', 'CC_008');
INSERT INTO buchungsverlaeufe VALUES('BV_0144', TO_DATE('2021-08-09 10:10:40', 'YYYY-MM-DD HH24:MI:ss'), 'GUTSCHRIFT', 'CC_009');
INSERT INTO buchungsverlaeufe VALUES('BV_0145', TO_DATE('2021-12-29 13:11:07', 'YYYY-MM-DD HH24:MI:ss'), 'GUTSCHRIFT', 'CC_009');
INSERT INTO buchungsverlaeufe VALUES('BV_0146', TO_DATE('2021-08-15 13:19:36', 'YYYY-MM-DD HH24:MI:ss'), 'CHECK-IN', 'CC_009');
INSERT INTO buchungsverlaeufe VALUES('BV_0147', TO_DATE('2021-08-15 14:48:39', 'YYYY-MM-DD HH24:MI:ss'), 'CHECK-OUT', 'CC_009');
INSERT INTO buchungsverlaeufe VALUES('BV_0148', TO_DATE('2021-09-19 09:25:47', 'YYYY-MM-DD HH24:MI:ss'), 'GUTSCHRIFT', 'CC_009');
INSERT INTO buchungsverlaeufe VALUES('BV_0149', TO_DATE('2021-08-16 12:31:41', 'YYYY-MM-DD HH24:MI:ss'), 'CHECK-IN', 'CC_009');
INSERT INTO buchungsverlaeufe VALUES('BV_0150', TO_DATE('2021-08-16 13:49:43', 'YYYY-MM-DD HH24:MI:ss'), 'CHECK-OUT', 'CC_009');
INSERT INTO buchungsverlaeufe VALUES('BV_0151', TO_DATE('2021-10-31 19:00:37', 'YYYY-MM-DD HH24:MI:ss'), 'CHECK-IN', 'CC_009');
INSERT INTO buchungsverlaeufe VALUES('BV_0152', TO_DATE('2021-10-31 20:25:37', 'YYYY-MM-DD HH24:MI:ss'), 'CHECK-OUT', 'CC_009');
INSERT INTO buchungsverlaeufe VALUES('BV_0153', TO_DATE('2021-10-04 18:13:35', 'YYYY-MM-DD HH24:MI:ss'), 'GUTSCHRIFT', 'CC_009');
INSERT INTO buchungsverlaeufe VALUES('BV_0154', TO_DATE('2021-11-21 11:32:23', 'YYYY-MM-DD HH24:MI:ss'), 'ABBUCHUNG', 'CC_009');
INSERT INTO buchungsverlaeufe VALUES('BV_0155', TO_DATE('2021-02-11 17:58:16', 'YYYY-MM-DD HH24:MI:ss'), 'CHECK-IN', 'CC_009');
INSERT INTO buchungsverlaeufe VALUES('BV_0156', TO_DATE('2021-02-11 19:58:46', 'YYYY-MM-DD HH24:MI:ss'), 'CHECK-OUT', 'CC_009');
INSERT INTO buchungsverlaeufe VALUES('BV_0157', TO_DATE('2021-09-27 12:49:10', 'YYYY-MM-DD HH24:MI:ss'), 'GUTSCHRIFT', 'CC_009');
INSERT INTO buchungsverlaeufe VALUES('BV_0158', TO_DATE('2021-12-08 14:26:57', 'YYYY-MM-DD HH24:MI:ss'), 'ABBUCHUNG', 'CC_009');
INSERT INTO buchungsverlaeufe VALUES('BV_0159', TO_DATE('2021-07-21 16:54:21', 'YYYY-MM-DD HH24:MI:ss'), 'CHECK-IN', 'CC_009');
INSERT INTO buchungsverlaeufe VALUES('BV_0160', TO_DATE('2021-07-21 17:54:38', 'YYYY-MM-DD HH24:MI:ss'), 'CHECK-OUT', 'CC_009');
INSERT INTO buchungsverlaeufe VALUES('BV_0161', TO_DATE('2021-12-21 10:37:11', 'YYYY-MM-DD HH24:MI:ss'), 'GUTSCHRIFT', 'CC_009');
INSERT INTO buchungsverlaeufe VALUES('BV_0162', TO_DATE('2021-04-21 09:29:10', 'YYYY-MM-DD HH24:MI:ss'), 'CHECK-IN', 'CC_009');
INSERT INTO buchungsverlaeufe VALUES('BV_0163', TO_DATE('2021-04-21 11:58:10', 'YYYY-MM-DD HH24:MI:ss'), 'CHECK-OUT', 'CC_009');
INSERT INTO buchungsverlaeufe VALUES('BV_0164', TO_DATE('2021-02-06 12:14:09', 'YYYY-MM-DD HH24:MI:ss'), 'ABBUCHUNG', 'CC_010');
INSERT INTO buchungsverlaeufe VALUES('BV_0165', TO_DATE('2021-06-20 15:30:18', 'YYYY-MM-DD HH24:MI:ss'), 'ABBUCHUNG', 'CC_010');
INSERT INTO buchungsverlaeufe VALUES('BV_0166', TO_DATE('2021-05-19 09:36:39', 'YYYY-MM-DD HH24:MI:ss'), 'CHECK-IN', 'CC_010');
INSERT INTO buchungsverlaeufe VALUES('BV_0167', TO_DATE('2021-05-19 11:36:39', 'YYYY-MM-DD HH24:MI:ss'), 'CHECK-OUT', 'CC_010');
INSERT INTO buchungsverlaeufe VALUES('BV_0168', TO_DATE('2021-08-04 11:22:14', 'YYYY-MM-DD HH24:MI:ss'), 'CHECK-IN', 'CC_010');
INSERT INTO buchungsverlaeufe VALUES('BV_0169', TO_DATE('2021-08-04 13:55:54', 'YYYY-MM-DD HH24:MI:ss'), 'CHECK-OUT', 'CC_010');
INSERT INTO buchungsverlaeufe VALUES('BV_0170', TO_DATE('2021-01-22 09:38:46', 'YYYY-MM-DD HH24:MI:ss'), 'ABBUCHUNG', 'CC_010');
INSERT INTO buchungsverlaeufe VALUES('BV_0171', TO_DATE('2021-08-24 09:48:04', 'YYYY-MM-DD HH24:MI:ss'), 'ABBUCHUNG', 'CC_010');
INSERT INTO buchungsverlaeufe VALUES('BV_0172', TO_DATE('2021-03-18 14:26:43', 'YYYY-MM-DD HH24:MI:ss'), 'GUTSCHRIFT', 'CC_010');
INSERT INTO buchungsverlaeufe VALUES('BV_0173', TO_DATE('2021-04-18 16:22:43', 'YYYY-MM-DD HH24:MI:ss'), 'ABBUCHUNG', 'CC_010');
INSERT INTO buchungsverlaeufe VALUES('BV_0174', TO_DATE('2021-04-25 13:46:52', 'YYYY-MM-DD HH24:MI:ss'), 'CHECK-IN', 'CC_011');
INSERT INTO buchungsverlaeufe VALUES('BV_0175', TO_DATE('2021-04-25 15:46:52', 'YYYY-MM-DD HH24:MI:ss'), 'CHECK-OUT', 'CC_011');
INSERT INTO buchungsverlaeufe VALUES('BV_0176', TO_DATE('2021-07-13 15:02:31', 'YYYY-MM-DD HH24:MI:ss'), 'CHECK-IN', 'CC_011');
INSERT INTO buchungsverlaeufe VALUES('BV_0177', TO_DATE('2021-07-13 16:36:31', 'YYYY-MM-DD HH24:MI:ss'), 'CHECK-OUT', 'CC_011');
INSERT INTO buchungsverlaeufe VALUES('BV_0178', TO_DATE('2021-03-11 12:00:46', 'YYYY-MM-DD HH24:MI:ss'), 'CHECK-IN', 'CC_011');
INSERT INTO buchungsverlaeufe VALUES('BV_0179', TO_DATE('2021-03-11 14:58:56', 'YYYY-MM-DD HH24:MI:ss'), 'CHECK-OUT', 'CC_011');
INSERT INTO buchungsverlaeufe VALUES('BV_0180', TO_DATE('2021-08-21 15:57:37', 'YYYY-MM-DD HH24:MI:ss'), 'CHECK-IN', 'CC_011');
INSERT INTO buchungsverlaeufe VALUES('BV_0181', TO_DATE('2021-08-21 17:57:59', 'YYYY-MM-DD HH24:MI:ss'), 'CHECK-OUT', 'CC_011');
INSERT INTO buchungsverlaeufe VALUES('BV_0182', TO_DATE('2021-05-08 12:17:18', 'YYYY-MM-DD HH24:MI:ss'), 'CHECK-IN', 'CC_011');
INSERT INTO buchungsverlaeufe VALUES('BV_0183', TO_DATE('2021-05-08 14:21:48', 'YYYY-MM-DD HH24:MI:ss'), 'CHECK-OUT', 'CC_011');
INSERT INTO buchungsverlaeufe VALUES('BV_0184', TO_DATE('2021-01-10 14:06:35', 'YYYY-MM-DD HH24:MI:ss'), 'CHECK-IN', 'CC_011');
INSERT INTO buchungsverlaeufe VALUES('BV_0185', TO_DATE('2021-01-10 15:06:35', 'YYYY-MM-DD HH24:MI:ss'), 'CHECK-OUT', 'CC_011');
INSERT INTO buchungsverlaeufe VALUES('BV_0186', TO_DATE('2021-07-10 18:50:34', 'YYYY-MM-DD HH24:MI:ss'), 'CHECK-IN', 'CC_011');
INSERT INTO buchungsverlaeufe VALUES('BV_0187', TO_DATE('2021-07-10 19:50:34', 'YYYY-MM-DD HH24:MI:ss'), 'CHECK-OUT', 'CC_011');
INSERT INTO buchungsverlaeufe VALUES('BV_0188', TO_DATE('2021-12-19 18:53:23', 'YYYY-MM-DD HH24:MI:ss'), 'CHECK-IN', 'CC_011');
INSERT INTO buchungsverlaeufe VALUES('BV_0189', TO_DATE('2021-12-19 20:53:23', 'YYYY-MM-DD HH24:MI:ss'), 'CHECK-OUT', 'CC_011');
INSERT INTO buchungsverlaeufe VALUES('BV_0190', TO_DATE('2021-10-01 17:14:16', 'YYYY-MM-DD HH24:MI:ss'), 'CHECK-IN', 'CC_011');
INSERT INTO buchungsverlaeufe VALUES('BV_0191', TO_DATE('2021-10-01 19:51:47', 'YYYY-MM-DD HH24:MI:ss'), 'CHECK-OUT', 'CC_011');
INSERT INTO buchungsverlaeufe VALUES('BV_0192', TO_DATE('2021-08-04 15:38:11', 'YYYY-MM-DD HH24:MI:ss'), 'ABBUCHUNG', 'CC_011');
INSERT INTO buchungsverlaeufe VALUES('BV_0193', TO_DATE('2021-01-26 19:32:48', 'YYYY-MM-DD HH24:MI:ss'), 'GUTSCHRIFT', 'CC_011');
INSERT INTO buchungsverlaeufe VALUES('BV_0194', TO_DATE('2021-11-27 13:15:47', 'YYYY-MM-DD HH24:MI:ss'), 'CHECK-IN', 'CC_011');
INSERT INTO buchungsverlaeufe VALUES('BV_0195', TO_DATE('2021-11-27 14:15:47', 'YYYY-MM-DD HH24:MI:ss'), 'CHECK-OUT', 'CC_011');
INSERT INTO buchungsverlaeufe VALUES('BV_0196', TO_DATE('2021-12-01 09:28:24', 'YYYY-MM-DD HH24:MI:ss'), 'CHECK-IN', 'CC_012');
INSERT INTO buchungsverlaeufe VALUES('BV_0197', TO_DATE('2021-12-01 10:37:24', 'YYYY-MM-DD HH24:MI:ss'), 'CHECK-OUT', 'CC_012');
INSERT INTO buchungsverlaeufe VALUES('BV_0198', TO_DATE('2021-07-07 19:52:49', 'YYYY-MM-DD HH24:MI:ss'), 'ABBUCHUNG', 'CC_012');
INSERT INTO buchungsverlaeufe VALUES('BV_0199', TO_DATE('2021-08-15 09:32:06', 'YYYY-MM-DD HH24:MI:ss'), 'GUTSCHRIFT', 'CC_012');
INSERT INTO buchungsverlaeufe VALUES('BV_0200', TO_DATE('2021-01-04 11:30:25', 'YYYY-MM-DD HH24:MI:ss'), 'ABBUCHUNG', 'CC_012');
INSERT INTO buchungsverlaeufe VALUES('BV_0201', TO_DATE('2021-11-20 09:32:01', 'YYYY-MM-DD HH24:MI:ss'), 'CHECK-IN', 'CC_012');
INSERT INTO buchungsverlaeufe VALUES('BV_0202', TO_DATE('2021-11-20 11:33:06', 'YYYY-MM-DD HH24:MI:ss'), 'CHECK-OUT', 'CC_012');
INSERT INTO buchungsverlaeufe VALUES('BV_0203', TO_DATE('2021-06-23 19:43:54', 'YYYY-MM-DD HH24:MI:ss'), 'GUTSCHRIFT', 'CC_012');
INSERT INTO buchungsverlaeufe VALUES('BV_0204', TO_DATE('2021-06-13 14:32:37', 'YYYY-MM-DD HH24:MI:ss'), 'ABBUCHUNG', 'CC_012');
INSERT INTO buchungsverlaeufe VALUES('BV_0205', TO_DATE('2021-05-07 15:16:55', 'YYYY-MM-DD HH24:MI:ss'), 'CHECK-IN', 'CC_012');
INSERT INTO buchungsverlaeufe VALUES('BV_0206', TO_DATE('2021-05-07 17:37:55', 'YYYY-MM-DD HH24:MI:ss'), 'CHECK-OUT', 'CC_012');
INSERT INTO buchungsverlaeufe VALUES('BV_0207', TO_DATE('2021-10-20 20:00:51', 'YYYY-MM-DD HH24:MI:ss'), 'GUTSCHRIFT', 'CC_012');
INSERT INTO buchungsverlaeufe VALUES('BV_0208', TO_DATE('2021-07-08 13:22:41', 'YYYY-MM-DD HH24:MI:ss'), 'CHECK-IN', 'CC_012');
INSERT INTO buchungsverlaeufe VALUES('BV_0209', TO_DATE('2021-07-08 14:39:42', 'YYYY-MM-DD HH24:MI:ss'), 'CHECK-OUT', 'CC_012');
INSERT INTO buchungsverlaeufe VALUES('BV_0210', TO_DATE('2021-06-20 16:42:22', 'YYYY-MM-DD HH24:MI:ss'), 'ABBUCHUNG', 'CC_012');
INSERT INTO buchungsverlaeufe VALUES('BV_0211', TO_DATE('2021-06-21 11:55:20', 'YYYY-MM-DD HH24:MI:ss'), 'ABBUCHUNG', 'CC_012');
INSERT INTO buchungsverlaeufe VALUES('BV_0212', TO_DATE('2021-03-29 18:03:59', 'YYYY-MM-DD HH24:MI:ss'), 'GUTSCHRIFT', 'CC_012');
INSERT INTO buchungsverlaeufe VALUES('BV_0213', TO_DATE('2021-05-29 13:23:23', 'YYYY-MM-DD HH24:MI:ss'), 'CHECK-IN', 'CC_012');
INSERT INTO buchungsverlaeufe VALUES('BV_0214', TO_DATE('2021-05-29 15:24:23', 'YYYY-MM-DD HH24:MI:ss'), 'CHECK-OUT', 'CC_012');
INSERT INTO buchungsverlaeufe VALUES('BV_0215', TO_DATE('2021-03-23 10:22:12', 'YYYY-MM-DD HH24:MI:ss'), 'CHECK-IN', 'CC_013');
INSERT INTO buchungsverlaeufe VALUES('BV_0216', TO_DATE('2021-03-23 12:22:15', 'YYYY-MM-DD HH24:MI:ss'), 'CHECK-OUT', 'CC_013');
INSERT INTO buchungsverlaeufe VALUES('BV_0217', TO_DATE('2021-08-04 19:13:57', 'YYYY-MM-DD HH24:MI:ss'), 'CHECK-IN', 'CC_013');
INSERT INTO buchungsverlaeufe VALUES('BV_0218', TO_DATE('2021-08-04 20:13:57', 'YYYY-MM-DD HH24:MI:ss'), 'CHECK-OUT', 'CC_013');
INSERT INTO buchungsverlaeufe VALUES('BV_0219', TO_DATE('2021-10-10 19:27:30', 'YYYY-MM-DD HH24:MI:ss'), 'ABBUCHUNG', 'CC_013');
INSERT INTO buchungsverlaeufe VALUES('BV_0220', TO_DATE('2021-04-08 11:00:34', 'YYYY-MM-DD HH24:MI:ss'), 'GUTSCHRIFT', 'CC_013');
INSERT INTO buchungsverlaeufe VALUES('BV_0221', TO_DATE('2021-05-27 13:35:37', 'YYYY-MM-DD HH24:MI:ss'), 'CHECK-IN', 'CC_013');
INSERT INTO buchungsverlaeufe VALUES('BV_0222', TO_DATE('2021-05-27 15:35:37', 'YYYY-MM-DD HH24:MI:ss'), 'CHECK-OUT', 'CC_013');
INSERT INTO buchungsverlaeufe VALUES('BV_0223', TO_DATE('2021-06-29 09:32:13', 'YYYY-MM-DD HH24:MI:ss'), 'CHECK-IN', 'CC_013');
INSERT INTO buchungsverlaeufe VALUES('BV_0224', TO_DATE('2021-06-29 10:32:20', 'YYYY-MM-DD HH24:MI:ss'), 'CHECK-OUT', 'CC_013');
INSERT INTO buchungsverlaeufe VALUES('BV_0225', TO_DATE('2021-05-23 15:16:14', 'YYYY-MM-DD HH24:MI:ss'), 'ABBUCHUNG', 'CC_013');
INSERT INTO buchungsverlaeufe VALUES('BV_0226', TO_DATE('2021-04-15 18:18:43', 'YYYY-MM-DD HH24:MI:ss'), 'ABBUCHUNG', 'CC_014');
INSERT INTO buchungsverlaeufe VALUES('BV_0227', TO_DATE('2021-01-26 20:46:14', 'YYYY-MM-DD HH24:MI:ss'), 'CHECK-IN', 'CC_014');
INSERT INTO buchungsverlaeufe VALUES('BV_0228', TO_DATE('2021-01-26 22:50:14', 'YYYY-MM-DD HH24:MI:ss'), 'CHECK-OUT', 'CC_014');
INSERT INTO buchungsverlaeufe VALUES('BV_0229', TO_DATE('2021-12-29 15:10:10', 'YYYY-MM-DD HH24:MI:ss'), 'GUTSCHRIFT', 'CC_014');
INSERT INTO buchungsverlaeufe VALUES('BV_0230', TO_DATE('2021-02-12 18:38:53', 'YYYY-MM-DD HH24:MI:ss'), 'CHECK-IN', 'CC_014');
INSERT INTO buchungsverlaeufe VALUES('BV_0231', TO_DATE('2021-02-12 19:38:54', 'YYYY-MM-DD HH24:MI:ss'), 'CHECK-OUT', 'CC_014');
INSERT INTO buchungsverlaeufe VALUES('BV_0232', TO_DATE('2021-09-30 19:23:49', 'YYYY-MM-DD HH24:MI:ss'), 'ABBUCHUNG', 'CC_014');
INSERT INTO buchungsverlaeufe VALUES('BV_0233', TO_DATE('2021-03-08 14:35:44', 'YYYY-MM-DD HH24:MI:ss'), 'GUTSCHRIFT', 'CC_014');
INSERT INTO buchungsverlaeufe VALUES('BV_0234', TO_DATE('2021-03-15 12:23:01', 'YYYY-MM-DD HH24:MI:ss'), 'GUTSCHRIFT', 'CC_014');
INSERT INTO buchungsverlaeufe VALUES('BV_0235', TO_DATE('2021-11-21 20:57:36', 'YYYY-MM-DD HH24:MI:ss'), 'CHECK-IN', 'CC_014');
INSERT INTO buchungsverlaeufe VALUES('BV_0236', TO_DATE('2021-11-21 22:57:57', 'YYYY-MM-DD HH24:MI:ss'), 'CHECK-OUT', 'CC_014');
INSERT INTO buchungsverlaeufe VALUES('BV_0237', TO_DATE('2021-10-04 13:44:55', 'YYYY-MM-DD HH24:MI:ss'), 'ABBUCHUNG', 'CC_014');
INSERT INTO buchungsverlaeufe VALUES('BV_0238', TO_DATE('2021-07-23 13:12:02', 'YYYY-MM-DD HH24:MI:ss'), 'ABBUCHUNG', 'CC_014');
INSERT INTO buchungsverlaeufe VALUES('BV_0239', TO_DATE('2021-12-18 20:18:56', 'YYYY-MM-DD HH24:MI:ss'), 'GUTSCHRIFT', 'CC_014');
INSERT INTO buchungsverlaeufe VALUES('BV_0240', TO_DATE('2021-01-27 10:26:07', 'YYYY-MM-DD HH24:MI:ss'), 'GUTSCHRIFT', 'CC_014');
INSERT INTO buchungsverlaeufe VALUES('BV_0241', TO_DATE('2021-04-03 16:19:46', 'YYYY-MM-DD HH24:MI:ss'), 'ABBUCHUNG', 'CC_014');
INSERT INTO buchungsverlaeufe VALUES('BV_0242', TO_DATE('2021-03-19 14:34:43', 'YYYY-MM-DD HH24:MI:ss'), 'CHECK-IN', 'CC_014');
INSERT INTO buchungsverlaeufe VALUES('BV_0243', TO_DATE('2021-03-19 15:34:43', 'YYYY-MM-DD HH24:MI:ss'), 'CHECK-OUT', 'CC_014');
INSERT INTO buchungsverlaeufe VALUES('BV_0244', TO_DATE('2021-06-12 14:31:40', 'YYYY-MM-DD HH24:MI:ss'), 'ABBUCHUNG', 'CC_015');
INSERT INTO buchungsverlaeufe VALUES('BV_0245', TO_DATE('2021-06-22 11:06:57', 'YYYY-MM-DD HH24:MI:ss'), 'ABBUCHUNG', 'CC_015');
INSERT INTO buchungsverlaeufe VALUES('BV_0246', TO_DATE('2021-11-15 14:22:46', 'YYYY-MM-DD HH24:MI:ss'), 'CHECK-IN', 'CC_015');
INSERT INTO buchungsverlaeufe VALUES('BV_0247', TO_DATE('2021-11-15 16:22:49', 'YYYY-MM-DD HH24:MI:ss'), 'CHECK-OUT', 'CC_015');
INSERT INTO buchungsverlaeufe VALUES('BV_0248', TO_DATE('2021-08-12 18:45:28', 'YYYY-MM-DD HH24:MI:ss'), 'CHECK-IN', 'CC_015');
INSERT INTO buchungsverlaeufe VALUES('BV_0249', TO_DATE('2021-08-12 20:45:48', 'YYYY-MM-DD HH24:MI:ss'), 'CHECK-OUT', 'CC_015');
INSERT INTO buchungsverlaeufe VALUES('BV_0250', TO_DATE('2021-01-03 10:39:54', 'YYYY-MM-DD HH24:MI:ss'), 'CHECK-IN', 'CC_015');
INSERT INTO buchungsverlaeufe VALUES('BV_0251', TO_DATE('2021-01-03 12:39:54', 'YYYY-MM-DD HH24:MI:ss'), 'CHECK-OUT', 'CC_015');
INSERT INTO buchungsverlaeufe VALUES('BV_0252', TO_DATE('2021-09-28 17:02:37', 'YYYY-MM-DD HH24:MI:ss'), 'GUTSCHRIFT', 'CC_015');
INSERT INTO buchungsverlaeufe VALUES('BV_0253', TO_DATE('2021-02-27 13:01:23', 'YYYY-MM-DD HH24:MI:ss'), 'GUTSCHRIFT', 'CC_015');
INSERT INTO buchungsverlaeufe VALUES('BV_0254', TO_DATE('2021-01-27 18:54:26', 'YYYY-MM-DD HH24:MI:ss'), 'GUTSCHRIFT', 'CC_015');
INSERT INTO buchungsverlaeufe VALUES('BV_0255', TO_DATE('2021-07-18 19:10:05', 'YYYY-MM-DD HH24:MI:ss'), 'GUTSCHRIFT', 'CC_015');
INSERT INTO buchungsverlaeufe VALUES('BV_0256', TO_DATE('2021-01-30 17:24:01', 'YYYY-MM-DD HH24:MI:ss'), 'CHECK-IN', 'CC_015');
INSERT INTO buchungsverlaeufe VALUES('BV_0257', TO_DATE('2021-01-30 19:24:02', 'YYYY-MM-DD HH24:MI:ss'), 'CHECK-OUT', 'CC_015');
INSERT INTO buchungsverlaeufe VALUES('BV_0258', TO_DATE('2021-05-01 10:14:50', 'YYYY-MM-DD HH24:MI:ss'), 'CHECK-IN', 'CC_015');
INSERT INTO buchungsverlaeufe VALUES('BV_0259', TO_DATE('2021-05-01 12:37:50', 'YYYY-MM-DD HH24:MI:ss'), 'CHECK-OUT', 'CC_015');
INSERT INTO buchungsverlaeufe VALUES('BV_0260', TO_DATE('2021-08-14 17:43:47', 'YYYY-MM-DD HH24:MI:ss'), 'ABBUCHUNG', 'CC_016');
INSERT INTO buchungsverlaeufe VALUES('BV_0261', TO_DATE('2021-11-19 20:03:21', 'YYYY-MM-DD HH24:MI:ss'), 'CHECK-IN', 'CC_016');
INSERT INTO buchungsverlaeufe VALUES('BV_0262', TO_DATE('2021-11-19 21:30:22', 'YYYY-MM-DD HH24:MI:ss'), 'CHECK-OUT', 'CC_016');
INSERT INTO buchungsverlaeufe VALUES('BV_0263', TO_DATE('2021-09-08 13:19:22', 'YYYY-MM-DD HH24:MI:ss'), 'CHECK-IN', 'CC_016');
INSERT INTO buchungsverlaeufe VALUES('BV_0264', TO_DATE('2021-09-08 15:19:49', 'YYYY-MM-DD HH24:MI:ss'), 'CHECK-OUT', 'CC_016');
INSERT INTO buchungsverlaeufe VALUES('BV_0265', TO_DATE('2021-04-17 17:51:53', 'YYYY-MM-DD HH24:MI:ss'), 'ABBUCHUNG', 'CC_016');
INSERT INTO buchungsverlaeufe VALUES('BV_0266', TO_DATE('2021-01-05 12:04:39', 'YYYY-MM-DD HH24:MI:ss'), 'GUTSCHRIFT', 'CC_016');
INSERT INTO buchungsverlaeufe VALUES('BV_0267', TO_DATE('2021-01-16 18:49:24', 'YYYY-MM-DD HH24:MI:ss'), 'CHECK-IN', 'CC_016');
INSERT INTO buchungsverlaeufe VALUES('BV_0268', TO_DATE('2021-01-16 19:49:24', 'YYYY-MM-DD HH24:MI:ss'), 'CHECK-OUT', 'CC_016');
INSERT INTO buchungsverlaeufe VALUES('BV_0269', TO_DATE('2021-05-12 09:47:44', 'YYYY-MM-DD HH24:MI:ss'), 'ABBUCHUNG', 'CC_016');
INSERT INTO buchungsverlaeufe VALUES('BV_0270', TO_DATE('2021-12-19 13:31:13', 'YYYY-MM-DD HH24:MI:ss'), 'CHECK-IN', 'CC_016');
INSERT INTO buchungsverlaeufe VALUES('BV_0271', TO_DATE('2021-12-19 15:31:24', 'YYYY-MM-DD HH24:MI:ss'), 'CHECK-OUT', 'CC_016');
INSERT INTO buchungsverlaeufe VALUES('BV_0272', TO_DATE('2021-01-09 09:31:20', 'YYYY-MM-DD HH24:MI:ss'), 'ABBUCHUNG', 'CC_016');
INSERT INTO buchungsverlaeufe VALUES('BV_0273', TO_DATE('2021-01-14 09:01:50', 'YYYY-MM-DD HH24:MI:ss'), 'GUTSCHRIFT', 'CC_016');
INSERT INTO buchungsverlaeufe VALUES('BV_0274', TO_DATE('2021-07-11 19:18:02', 'YYYY-MM-DD HH24:MI:ss'), 'CHECK-IN', 'CC_016');
INSERT INTO buchungsverlaeufe VALUES('BV_0275', TO_DATE('2021-07-11 20:24:54', 'YYYY-MM-DD HH24:MI:ss'), 'CHECK-OUT', 'CC_016');
INSERT INTO buchungsverlaeufe VALUES('BV_0276', TO_DATE('2021-11-17 15:02:51', 'YYYY-MM-DD HH24:MI:ss'), 'CHECK-IN', 'CC_016');
INSERT INTO buchungsverlaeufe VALUES('BV_0277', TO_DATE('2021-11-17 17:44:51', 'YYYY-MM-DD HH24:MI:ss'), 'CHECK-OUT', 'CC_016');
INSERT INTO buchungsverlaeufe VALUES('BV_0278', TO_DATE('2021-09-30 15:37:45', 'YYYY-MM-DD HH24:MI:ss'), 'CHECK-IN', 'CC_016');
INSERT INTO buchungsverlaeufe VALUES('BV_0279', TO_DATE('2021-09-30 16:37:50', 'YYYY-MM-DD HH24:MI:ss'), 'CHECK-OUT', 'CC_016');
INSERT INTO buchungsverlaeufe VALUES('BV_0280', TO_DATE('2021-06-30 10:09:22', 'YYYY-MM-DD HH24:MI:ss'), 'ABBUCHUNG', 'CC_017');
INSERT INTO buchungsverlaeufe VALUES('BV_0281', TO_DATE('2021-12-20 17:44:59', 'YYYY-MM-DD HH24:MI:ss'), 'ABBUCHUNG', 'CC_017');
INSERT INTO buchungsverlaeufe VALUES('BV_0282', TO_DATE('2021-03-19 20:26:18', 'YYYY-MM-DD HH24:MI:ss'), 'ABBUCHUNG', 'CC_017');
INSERT INTO buchungsverlaeufe VALUES('BV_0283', TO_DATE('2021-03-14 12:35:44', 'YYYY-MM-DD HH24:MI:ss'), 'CHECK-IN', 'CC_017');
INSERT INTO buchungsverlaeufe VALUES('BV_0284', TO_DATE('2021-03-14 13:35:44', 'YYYY-MM-DD HH24:MI:ss'), 'CHECK-OUT', 'CC_017');
INSERT INTO buchungsverlaeufe VALUES('BV_0285', TO_DATE('2021-04-24 10:04:37', 'YYYY-MM-DD HH24:MI:ss'), 'CHECK-IN', 'CC_017');
INSERT INTO buchungsverlaeufe VALUES('BV_0286', TO_DATE('2021-04-24 12:04:37', 'YYYY-MM-DD HH24:MI:ss'), 'CHECK-OUT', 'CC_017');
INSERT INTO buchungsverlaeufe VALUES('BV_0287', TO_DATE('2021-10-04 16:31:06', 'YYYY-MM-DD HH24:MI:ss'), 'CHECK-IN', 'CC_017');
INSERT INTO buchungsverlaeufe VALUES('BV_0288', TO_DATE('2021-10-04 17:31:36', 'YYYY-MM-DD HH24:MI:ss'), 'CHECK-OUT', 'CC_017');
INSERT INTO buchungsverlaeufe VALUES('BV_0289', TO_DATE('2021-06-26 09:18:08', 'YYYY-MM-DD HH24:MI:ss'), 'CHECK-IN', 'CC_017');
INSERT INTO buchungsverlaeufe VALUES('BV_0290', TO_DATE('2021-06-26 11:31:14', 'YYYY-MM-DD HH24:MI:ss'), 'CHECK-OUT', 'CC_017');
INSERT INTO buchungsverlaeufe VALUES('BV_0291', TO_DATE('2021-04-23 14:57:57', 'YYYY-MM-DD HH24:MI:ss'), 'GUTSCHRIFT', 'CC_017');
INSERT INTO buchungsverlaeufe VALUES('BV_0292', TO_DATE('2021-02-01 16:06:24', 'YYYY-MM-DD HH24:MI:ss'), 'GUTSCHRIFT', 'CC_017');
INSERT INTO buchungsverlaeufe VALUES('BV_0293', TO_DATE('2021-03-03 10:56:32', 'YYYY-MM-DD HH24:MI:ss'), 'CHECK-IN', 'CC_017');
INSERT INTO buchungsverlaeufe VALUES('BV_0294', TO_DATE('2021-03-03 12:56:32', 'YYYY-MM-DD HH24:MI:ss'), 'CHECK-OUT', 'CC_017');
INSERT INTO buchungsverlaeufe VALUES('BV_0295', TO_DATE('2021-10-20 16:18:17', 'YYYY-MM-DD HH24:MI:ss'), 'CHECK-IN', 'CC_017');
INSERT INTO buchungsverlaeufe VALUES('BV_0296', TO_DATE('2021-10-20 17:48:17', 'YYYY-MM-DD HH24:MI:ss'), 'CHECK-OUT', 'CC_017');
INSERT INTO buchungsverlaeufe VALUES('BV_0297', TO_DATE('2021-12-05 20:48:48', 'YYYY-MM-DD HH24:MI:ss'), 'CHECK-IN', 'CC_017');
INSERT INTO buchungsverlaeufe VALUES('BV_0298', TO_DATE('2021-12-05 22:48:48', 'YYYY-MM-DD HH24:MI:ss'), 'CHECK-OUT', 'CC_017');
INSERT INTO buchungsverlaeufe VALUES('BV_0299', TO_DATE('2021-02-01 17:40:16', 'YYYY-MM-DD HH24:MI:ss'), 'CHECK-IN', 'CC_018');
INSERT INTO buchungsverlaeufe VALUES('BV_0300', TO_DATE('2021-02-01 18:40:16', 'YYYY-MM-DD HH24:MI:ss'), 'CHECK-OUT', 'CC_018');
INSERT INTO buchungsverlaeufe VALUES('BV_0301', TO_DATE('2021-12-03 10:59:13', 'YYYY-MM-DD HH24:MI:ss'), 'CHECK-IN', 'CC_018');
INSERT INTO buchungsverlaeufe VALUES('BV_0302', TO_DATE('2021-12-03 12:59:44', 'YYYY-MM-DD HH24:MI:ss'), 'CHECK-OUT', 'CC_018');
INSERT INTO buchungsverlaeufe VALUES('BV_0303', TO_DATE('2021-10-04 20:28:20', 'YYYY-MM-DD HH24:MI:ss'), 'GUTSCHRIFT', 'CC_018');
INSERT INTO buchungsverlaeufe VALUES('BV_0304', TO_DATE('2021-11-08 16:17:16', 'YYYY-MM-DD HH24:MI:ss'), 'GUTSCHRIFT', 'CC_018');
INSERT INTO buchungsverlaeufe VALUES('BV_0305', TO_DATE('2021-06-30 19:19:04', 'YYYY-MM-DD HH24:MI:ss'), 'CHECK-IN', 'CC_018');
INSERT INTO buchungsverlaeufe VALUES('BV_0306', TO_DATE('2021-06-30 20:24:28', 'YYYY-MM-DD HH24:MI:ss'), 'CHECK-OUT', 'CC_018');
INSERT INTO buchungsverlaeufe VALUES('BV_0307', TO_DATE('2021-01-04 12:15:55', 'YYYY-MM-DD HH24:MI:ss'), 'ABBUCHUNG', 'CC_018');
INSERT INTO buchungsverlaeufe VALUES('BV_0308', TO_DATE('2021-11-04 13:17:05', 'YYYY-MM-DD HH24:MI:ss'), 'ABBUCHUNG', 'CC_018');
INSERT INTO buchungsverlaeufe VALUES('BV_0309', TO_DATE('2021-04-08 09:05:42', 'YYYY-MM-DD HH24:MI:ss'), 'CHECK-IN', 'CC_018');
INSERT INTO buchungsverlaeufe VALUES('BV_0310', TO_DATE('2021-04-08 11:53:42', 'YYYY-MM-DD HH24:MI:ss'), 'CHECK-OUT', 'CC_018');
INSERT INTO buchungsverlaeufe VALUES('BV_0311', TO_DATE('2021-12-21 20:01:43', 'YYYY-MM-DD HH24:MI:ss'), 'GUTSCHRIFT', 'CC_018');
INSERT INTO buchungsverlaeufe VALUES('BV_0312', TO_DATE('2021-02-16 19:51:44', 'YYYY-MM-DD HH24:MI:ss'), 'CHECK-IN', 'CC_018');
INSERT INTO buchungsverlaeufe VALUES('BV_0313', TO_DATE('2021-02-16 21:51:52', 'YYYY-MM-DD HH24:MI:ss'), 'CHECK-OUT', 'CC_018');
INSERT INTO buchungsverlaeufe VALUES('BV_0314', TO_DATE('2021-06-08 20:13:43', 'YYYY-MM-DD HH24:MI:ss'), 'GUTSCHRIFT', 'CC_018');
INSERT INTO buchungsverlaeufe VALUES('BV_0315', TO_DATE('2021-12-31 12:42:12', 'YYYY-MM-DD HH24:MI:ss'), 'ABBUCHUNG', 'CC_019');
INSERT INTO buchungsverlaeufe VALUES('BV_0316', TO_DATE('2021-05-01 12:39:45', 'YYYY-MM-DD HH24:MI:ss'), 'CHECK-IN', 'CC_019');
INSERT INTO buchungsverlaeufe VALUES('BV_0317', TO_DATE('2021-05-01 14:56:45', 'YYYY-MM-DD HH24:MI:ss'), 'CHECK-OUT', 'CC_019');
INSERT INTO buchungsverlaeufe VALUES('BV_0318', TO_DATE('2021-03-20 19:27:16', 'YYYY-MM-DD HH24:MI:ss'), 'GUTSCHRIFT', 'CC_019');
INSERT INTO buchungsverlaeufe VALUES('BV_0319', TO_DATE('2021-08-27 15:25:27', 'YYYY-MM-DD HH24:MI:ss'), 'CHECK-IN', 'CC_019');
INSERT INTO buchungsverlaeufe VALUES('BV_0320', TO_DATE('2021-08-27 17:36:27', 'YYYY-MM-DD HH24:MI:ss'), 'CHECK-OUT', 'CC_019');
INSERT INTO buchungsverlaeufe VALUES('BV_0321', TO_DATE('2021-11-18 09:59:48', 'YYYY-MM-DD HH24:MI:ss'), 'GUTSCHRIFT', 'CC_019');
INSERT INTO buchungsverlaeufe VALUES('BV_0322', TO_DATE('2021-05-02 11:58:45', 'YYYY-MM-DD HH24:MI:ss'), 'CHECK-IN', 'CC_019');
INSERT INTO buchungsverlaeufe VALUES('BV_0323', TO_DATE('2021-05-02 12:58:45', 'YYYY-MM-DD HH24:MI:ss'), 'CHECK-OUT', 'CC_019');
INSERT INTO buchungsverlaeufe VALUES('BV_0324', TO_DATE('2021-07-02 13:04:06', 'YYYY-MM-DD HH24:MI:ss'), 'ABBUCHUNG', 'CC_019');
INSERT INTO buchungsverlaeufe VALUES('BV_0325', TO_DATE('2021-10-16 09:27:43', 'YYYY-MM-DD HH24:MI:ss'), 'GUTSCHRIFT', 'CC_019');
INSERT INTO buchungsverlaeufe VALUES('BV_0326', TO_DATE('2021-04-21 12:50:35', 'YYYY-MM-DD HH24:MI:ss'), 'CHECK-IN', 'CC_019');
INSERT INTO buchungsverlaeufe VALUES('BV_0327', TO_DATE('2021-04-21 14:50:36', 'YYYY-MM-DD HH24:MI:ss'), 'CHECK-OUT', 'CC_019');
INSERT INTO buchungsverlaeufe VALUES('BV_0328', TO_DATE('2021-06-24 09:26:37', 'YYYY-MM-DD HH24:MI:ss'), 'CHECK-IN', 'CC_019');
INSERT INTO buchungsverlaeufe VALUES('BV_0329', TO_DATE('2021-06-24 11:36:47', 'YYYY-MM-DD HH24:MI:ss'), 'CHECK-OUT', 'CC_019');
INSERT INTO buchungsverlaeufe VALUES('BV_0330', TO_DATE('2021-07-19 11:02:12', 'YYYY-MM-DD HH24:MI:ss'), 'CHECK-IN', 'CC_020');
INSERT INTO buchungsverlaeufe VALUES('BV_0331', TO_DATE('2021-07-19 12:08:25', 'YYYY-MM-DD HH24:MI:ss'), 'CHECK-OUT', 'CC_020');
INSERT INTO buchungsverlaeufe VALUES('BV_0332', TO_DATE('2021-04-29 18:43:09', 'YYYY-MM-DD HH24:MI:ss'), 'ABBUCHUNG', 'CC_020');
INSERT INTO buchungsverlaeufe VALUES('BV_0333', TO_DATE('2021-08-10 20:41:27', 'YYYY-MM-DD HH24:MI:ss'), 'CHECK-IN', 'CC_020');
INSERT INTO buchungsverlaeufe VALUES('BV_0334', TO_DATE('2021-08-10 21:41:43', 'YYYY-MM-DD HH24:MI:ss'), 'CHECK-OUT', 'CC_020');
INSERT INTO buchungsverlaeufe VALUES('BV_0335', TO_DATE('2021-10-14 12:50:06', 'YYYY-MM-DD HH24:MI:ss'), 'GUTSCHRIFT', 'CC_020');
INSERT INTO buchungsverlaeufe VALUES('BV_0336', TO_DATE('2021-06-06 16:05:22', 'YYYY-MM-DD HH24:MI:ss'), 'ABBUCHUNG', 'CC_020');
INSERT INTO buchungsverlaeufe VALUES('BV_0337', TO_DATE('2021-02-14 18:54:23', 'YYYY-MM-DD HH24:MI:ss'), 'CHECK-IN', 'CC_020');
INSERT INTO buchungsverlaeufe VALUES('BV_0338', TO_DATE('2021-02-14 19:54:23', 'YYYY-MM-DD HH24:MI:ss'), 'CHECK-OUT', 'CC_020');
INSERT INTO buchungsverlaeufe VALUES('BV_0339', TO_DATE('2021-06-05 18:17:22', 'YYYY-MM-DD HH24:MI:ss'), 'GUTSCHRIFT', 'CC_020');
INSERT INTO buchungsverlaeufe VALUES('BV_0340', TO_DATE('2021-06-19 20:40:49', 'YYYY-MM-DD HH24:MI:ss'), 'GUTSCHRIFT', 'CC_020');
INSERT INTO buchungsverlaeufe VALUES('BV_0341', TO_DATE('2021-12-07 09:57:04', 'YYYY-MM-DD HH24:MI:ss'), 'CHECK-IN', 'CC_020');
INSERT INTO buchungsverlaeufe VALUES('BV_0342', TO_DATE('2021-12-07 10:57:12', 'YYYY-MM-DD HH24:MI:ss'), 'CHECK-OUT', 'CC_020');
INSERT INTO buchungsverlaeufe VALUES('BV_0343', TO_DATE('2021-08-04 16:05:42', 'YYYY-MM-DD HH24:MI:ss'), 'ABBUCHUNG', 'CC_020');
INSERT INTO buchungsverlaeufe VALUES('BV_0344', TO_DATE('2021-08-11 17:53:17', 'YYYY-MM-DD HH24:MI:ss'), 'CHECK-IN', 'CC_020');
INSERT INTO buchungsverlaeufe VALUES('BV_0345', TO_DATE('2021-08-11 18:53:18', 'YYYY-MM-DD HH24:MI:ss'), 'CHECK-OUT', 'CC_020');
INSERT INTO buchungsverlaeufe VALUES('BV_0346', TO_DATE('2021-06-08 16:09:39', 'YYYY-MM-DD HH24:MI:ss'), 'ABBUCHUNG', 'CC_020');
INSERT INTO buchungsverlaeufe VALUES('BV_0347', TO_DATE('2021-03-11 16:35:07', 'YYYY-MM-DD HH24:MI:ss'), 'ABBUCHUNG', 'CC_021');
INSERT INTO buchungsverlaeufe VALUES('BV_0348', TO_DATE('2021-01-03 14:47:07', 'YYYY-MM-DD HH24:MI:ss'), 'GUTSCHRIFT', 'CC_021');
INSERT INTO buchungsverlaeufe VALUES('BV_0349', TO_DATE('2021-02-15 09:21:10', 'YYYY-MM-DD HH24:MI:ss'), 'CHECK-IN', 'CC_021');
INSERT INTO buchungsverlaeufe VALUES('BV_0350', TO_DATE('2021-02-15 10:27:46', 'YYYY-MM-DD HH24:MI:ss'), 'CHECK-OUT', 'CC_021');
INSERT INTO buchungsverlaeufe VALUES('BV_0351', TO_DATE('2021-09-19 14:27:40', 'YYYY-MM-DD HH24:MI:ss'), 'CHECK-IN', 'CC_021');
INSERT INTO buchungsverlaeufe VALUES('BV_0352', TO_DATE('2021-09-19 15:43:40', 'YYYY-MM-DD HH24:MI:ss'), 'CHECK-OUT', 'CC_021');
INSERT INTO buchungsverlaeufe VALUES('BV_0353', TO_DATE('2021-09-04 13:43:15', 'YYYY-MM-DD HH24:MI:ss'), 'GUTSCHRIFT', 'CC_021');
INSERT INTO buchungsverlaeufe VALUES('BV_0354', TO_DATE('2021-02-24 20:18:15', 'YYYY-MM-DD HH24:MI:ss'), 'CHECK-IN', 'CC_021');
INSERT INTO buchungsverlaeufe VALUES('BV_0355', TO_DATE('2021-02-24 22:18:40', 'YYYY-MM-DD HH24:MI:ss'), 'CHECK-OUT', 'CC_021');
INSERT INTO buchungsverlaeufe VALUES('BV_0356', TO_DATE('2021-04-28 17:09:50', 'YYYY-MM-DD HH24:MI:ss'), 'GUTSCHRIFT', 'CC_021');
INSERT INTO buchungsverlaeufe VALUES('BV_0357', TO_DATE('2021-05-18 11:57:27', 'YYYY-MM-DD HH24:MI:ss'), 'CHECK-IN', 'CC_021');
INSERT INTO buchungsverlaeufe VALUES('BV_0358', TO_DATE('2021-05-18 13:57:47', 'YYYY-MM-DD HH24:MI:ss'), 'CHECK-OUT', 'CC_021');
INSERT INTO buchungsverlaeufe VALUES('BV_0359', TO_DATE('2021-07-05 10:23:32', 'YYYY-MM-DD HH24:MI:ss'), 'CHECK-IN', 'CC_021');
INSERT INTO buchungsverlaeufe VALUES('BV_0360', TO_DATE('2021-07-05 11:41:32', 'YYYY-MM-DD HH24:MI:ss'), 'CHECK-OUT', 'CC_021');
INSERT INTO buchungsverlaeufe VALUES('BV_0361', TO_DATE('2021-11-27 11:36:40', 'YYYY-MM-DD HH24:MI:ss'), 'ABBUCHUNG', 'CC_021');
INSERT INTO buchungsverlaeufe VALUES('BV_0362', TO_DATE('2021-04-06 10:35:53', 'YYYY-MM-DD HH24:MI:ss'), 'CHECK-IN', 'CC_021');
INSERT INTO buchungsverlaeufe VALUES('BV_0363', TO_DATE('2021-04-06 11:35:53', 'YYYY-MM-DD HH24:MI:ss'), 'CHECK-OUT', 'CC_021');
INSERT INTO buchungsverlaeufe VALUES('BV_0364', TO_DATE('2021-06-24 11:05:44', 'YYYY-MM-DD HH24:MI:ss'), 'CHECK-IN', 'CC_021');
INSERT INTO buchungsverlaeufe VALUES('BV_0365', TO_DATE('2021-06-24 13:35:47', 'YYYY-MM-DD HH24:MI:ss'), 'CHECK-OUT', 'CC_021');
INSERT INTO buchungsverlaeufe VALUES('BV_0366', TO_DATE('2021-06-16 14:33:30', 'YYYY-MM-DD HH24:MI:ss'), 'CHECK-IN', 'CC_021');
INSERT INTO buchungsverlaeufe VALUES('BV_0367', TO_DATE('2021-06-16 16:33:51', 'YYYY-MM-DD HH24:MI:ss'), 'CHECK-OUT', 'CC_021');
INSERT INTO buchungsverlaeufe VALUES('BV_0368', TO_DATE('2021-01-23 16:42:08', 'YYYY-MM-DD HH24:MI:ss'), 'GUTSCHRIFT', 'CC_022');
INSERT INTO buchungsverlaeufe VALUES('BV_0369', TO_DATE('2021-03-27 11:23:00', 'YYYY-MM-DD HH24:MI:ss'), 'ABBUCHUNG', 'CC_022');
INSERT INTO buchungsverlaeufe VALUES('BV_0370', TO_DATE('2021-03-30 14:57:41', 'YYYY-MM-DD HH24:MI:ss'), 'CHECK-IN', 'CC_022');
INSERT INTO buchungsverlaeufe VALUES('BV_0371', TO_DATE('2021-03-30 16:57:41', 'YYYY-MM-DD HH24:MI:ss'), 'CHECK-OUT', 'CC_022');
INSERT INTO buchungsverlaeufe VALUES('BV_0372', TO_DATE('2021-11-17 09:07:26', 'YYYY-MM-DD HH24:MI:ss'), 'ABBUCHUNG', 'CC_022');
INSERT INTO buchungsverlaeufe VALUES('BV_0373', TO_DATE('2021-03-13 17:14:02', 'YYYY-MM-DD HH24:MI:ss'), 'GUTSCHRIFT', 'CC_022');
INSERT INTO buchungsverlaeufe VALUES('BV_0374', TO_DATE('2021-10-18 17:44:04', 'YYYY-MM-DD HH24:MI:ss'), 'GUTSCHRIFT', 'CC_022');
INSERT INTO buchungsverlaeufe VALUES('BV_0375', TO_DATE('2021-06-26 10:35:11', 'YYYY-MM-DD HH24:MI:ss'), 'CHECK-IN', 'CC_022');
INSERT INTO buchungsverlaeufe VALUES('BV_0376', TO_DATE('2021-06-26 12:46:57', 'YYYY-MM-DD HH24:MI:ss'), 'CHECK-OUT', 'CC_022');
INSERT INTO buchungsverlaeufe VALUES('BV_0377', TO_DATE('2021-06-13 17:17:05', 'YYYY-MM-DD HH24:MI:ss'), 'CHECK-IN', 'CC_022');
INSERT INTO buchungsverlaeufe VALUES('BV_0378', TO_DATE('2021-06-13 19:38:05', 'YYYY-MM-DD HH24:MI:ss'), 'CHECK-OUT', 'CC_022');
INSERT INTO buchungsverlaeufe VALUES('BV_0379', TO_DATE('2021-03-18 10:28:25', 'YYYY-MM-DD HH24:MI:ss'), 'CHECK-IN', 'CC_022');
INSERT INTO buchungsverlaeufe VALUES('BV_0380', TO_DATE('2021-03-18 12:30:55', 'YYYY-MM-DD HH24:MI:ss'), 'CHECK-OUT', 'CC_022');
INSERT INTO buchungsverlaeufe VALUES('BV_0381', TO_DATE('2021-04-16 12:43:56', 'YYYY-MM-DD HH24:MI:ss'), 'GUTSCHRIFT', 'CC_022');
INSERT INTO buchungsverlaeufe VALUES('BV_0382', TO_DATE('2021-10-18 15:56:40', 'YYYY-MM-DD HH24:MI:ss'), 'GUTSCHRIFT', 'CC_022');
INSERT INTO buchungsverlaeufe VALUES('BV_0383', TO_DATE('2021-04-18 18:03:03', 'YYYY-MM-DD HH24:MI:ss'), 'GUTSCHRIFT', 'CC_022');
INSERT INTO buchungsverlaeufe VALUES('BV_0384', TO_DATE('2021-07-30 20:23:56', 'YYYY-MM-DD HH24:MI:ss'), 'ABBUCHUNG', 'CC_022');
INSERT INTO buchungsverlaeufe VALUES('BV_0385', TO_DATE('2021-01-10 16:04:23', 'YYYY-MM-DD HH24:MI:ss'), 'CHECK-IN', 'CC_022');
INSERT INTO buchungsverlaeufe VALUES('BV_0386', TO_DATE('2021-01-10 18:51:38', 'YYYY-MM-DD HH24:MI:ss'), 'CHECK-OUT', 'CC_022');
INSERT INTO buchungsverlaeufe VALUES('BV_0387', TO_DATE('2021-11-07 17:22:43', 'YYYY-MM-DD HH24:MI:ss'), 'CHECK-IN', 'CC_022');
INSERT INTO buchungsverlaeufe VALUES('BV_0388', TO_DATE('2021-11-07 19:49:43', 'YYYY-MM-DD HH24:MI:ss'), 'CHECK-OUT', 'CC_022');
INSERT INTO buchungsverlaeufe VALUES('BV_0389', TO_DATE('2021-02-03 12:12:48', 'YYYY-MM-DD HH24:MI:ss'), 'CHECK-IN', 'CC_022');
INSERT INTO buchungsverlaeufe VALUES('BV_0390', TO_DATE('2021-02-03 14:12:59', 'YYYY-MM-DD HH24:MI:ss'), 'CHECK-OUT', 'CC_022');
INSERT INTO buchungsverlaeufe VALUES('BV_0391', TO_DATE('2021-06-26 17:33:28', 'YYYY-MM-DD HH24:MI:ss'), 'CHECK-IN', 'CC_023');
INSERT INTO buchungsverlaeufe VALUES('BV_0392', TO_DATE('2021-06-26 18:33:28', 'YYYY-MM-DD HH24:MI:ss'), 'CHECK-OUT', 'CC_023');
INSERT INTO buchungsverlaeufe VALUES('BV_0393', TO_DATE('2021-11-03 15:52:46', 'YYYY-MM-DD HH24:MI:ss'), 'CHECK-IN', 'CC_023');
INSERT INTO buchungsverlaeufe VALUES('BV_0394', TO_DATE('2021-11-03 16:52:46', 'YYYY-MM-DD HH24:MI:ss'), 'CHECK-OUT', 'CC_023');
INSERT INTO buchungsverlaeufe VALUES('BV_0395', TO_DATE('2021-12-18 14:57:12', 'YYYY-MM-DD HH24:MI:ss'), 'CHECK-IN', 'CC_023');
INSERT INTO buchungsverlaeufe VALUES('BV_0396', TO_DATE('2021-12-18 16:57:15', 'YYYY-MM-DD HH24:MI:ss'), 'CHECK-OUT', 'CC_023');
INSERT INTO buchungsverlaeufe VALUES('BV_0397', TO_DATE('2021-03-18 12:10:31', 'YYYY-MM-DD HH24:MI:ss'), 'ABBUCHUNG', 'CC_023');
INSERT INTO buchungsverlaeufe VALUES('BV_0398', TO_DATE('2021-01-01 14:22:29', 'YYYY-MM-DD HH24:MI:ss'), 'ABBUCHUNG', 'CC_023');
INSERT INTO buchungsverlaeufe VALUES('BV_0399', TO_DATE('2021-11-18 09:47:36', 'YYYY-MM-DD HH24:MI:ss'), 'ABBUCHUNG', 'CC_023');
INSERT INTO buchungsverlaeufe VALUES('BV_0400', TO_DATE('2021-03-20 11:21:07', 'YYYY-MM-DD HH24:MI:ss'), 'ABBUCHUNG', 'CC_023');
INSERT INTO buchungsverlaeufe VALUES('BV_0401', TO_DATE('2021-09-26 19:27:38', 'YYYY-MM-DD HH24:MI:ss'), 'ABBUCHUNG', 'CC_023');
INSERT INTO buchungsverlaeufe VALUES('BV_0402', TO_DATE('2021-01-26 19:19:34', 'YYYY-MM-DD HH24:MI:ss'), 'GUTSCHRIFT', 'CC_023');
INSERT INTO buchungsverlaeufe VALUES('BV_0403', TO_DATE('2021-02-19 09:00:01', 'YYYY-MM-DD HH24:MI:ss'), 'CHECK-IN', 'CC_023');
INSERT INTO buchungsverlaeufe VALUES('BV_0404', TO_DATE('2021-02-19 10:07:21', 'YYYY-MM-DD HH24:MI:ss'), 'CHECK-OUT', 'CC_023');
INSERT INTO buchungsverlaeufe VALUES('BV_0405', TO_DATE('2021-07-03 17:12:21', 'YYYY-MM-DD HH24:MI:ss'), 'GUTSCHRIFT', 'CC_023');
INSERT INTO buchungsverlaeufe VALUES('BV_0406', TO_DATE('2021-10-26 15:08:03', 'YYYY-MM-DD HH24:MI:ss'), 'ABBUCHUNG', 'CC_024');
INSERT INTO buchungsverlaeufe VALUES('BV_0407', TO_DATE('2021-09-19 09:13:17', 'YYYY-MM-DD HH24:MI:ss'), 'GUTSCHRIFT', 'CC_024');
INSERT INTO buchungsverlaeufe VALUES('BV_0408', TO_DATE('2021-06-19 12:18:37', 'YYYY-MM-DD HH24:MI:ss'), 'ABBUCHUNG', 'CC_024');
INSERT INTO buchungsverlaeufe VALUES('BV_0409', TO_DATE('2021-02-05 10:19:48', 'YYYY-MM-DD HH24:MI:ss'), 'CHECK-IN', 'CC_024');
INSERT INTO buchungsverlaeufe VALUES('BV_0410', TO_DATE('2021-02-05 12:50:48', 'YYYY-MM-DD HH24:MI:ss'), 'CHECK-OUT', 'CC_024');
INSERT INTO buchungsverlaeufe VALUES('BV_0411', TO_DATE('2021-11-26 19:17:58', 'YYYY-MM-DD HH24:MI:ss'), 'GUTSCHRIFT', 'CC_024');
INSERT INTO buchungsverlaeufe VALUES('BV_0412', TO_DATE('2021-07-09 09:45:40', 'YYYY-MM-DD HH24:MI:ss'), 'GUTSCHRIFT', 'CC_024');
INSERT INTO buchungsverlaeufe VALUES('BV_0413', TO_DATE('2021-05-26 17:28:25', 'YYYY-MM-DD HH24:MI:ss'), 'GUTSCHRIFT', 'CC_024');
INSERT INTO buchungsverlaeufe VALUES('BV_0414', TO_DATE('2021-11-19 12:01:56', 'YYYY-MM-DD HH24:MI:ss'), 'ABBUCHUNG', 'CC_025');
INSERT INTO buchungsverlaeufe VALUES('BV_0415', TO_DATE('2021-02-21 16:16:12', 'YYYY-MM-DD HH24:MI:ss'), 'ABBUCHUNG', 'CC_025');
INSERT INTO buchungsverlaeufe VALUES('BV_0416', TO_DATE('2021-12-05 17:29:09', 'YYYY-MM-DD HH24:MI:ss'), 'ABBUCHUNG', 'CC_025');
INSERT INTO buchungsverlaeufe VALUES('BV_0417', TO_DATE('2021-12-15 16:57:07', 'YYYY-MM-DD HH24:MI:ss'), 'CHECK-IN', 'CC_025');
INSERT INTO buchungsverlaeufe VALUES('BV_0418', TO_DATE('2021-12-15 17:57:55', 'YYYY-MM-DD HH24:MI:ss'), 'CHECK-OUT', 'CC_025');
INSERT INTO buchungsverlaeufe VALUES('BV_0419', TO_DATE('2021-07-10 20:20:40', 'YYYY-MM-DD HH24:MI:ss'), 'CHECK-IN', 'CC_025');
INSERT INTO buchungsverlaeufe VALUES('BV_0420', TO_DATE('2021-07-10 21:20:40', 'YYYY-MM-DD HH24:MI:ss'), 'CHECK-OUT', 'CC_025');
INSERT INTO buchungsverlaeufe VALUES('BV_0421', TO_DATE('2021-12-17 20:53:02', 'YYYY-MM-DD HH24:MI:ss'), 'CHECK-IN', 'CC_025');
INSERT INTO buchungsverlaeufe VALUES('BV_0422', TO_DATE('2021-12-17 21:53:15', 'YYYY-MM-DD HH24:MI:ss'), 'CHECK-OUT', 'CC_025');
INSERT INTO buchungsverlaeufe VALUES('BV_0423', TO_DATE('2021-06-29 09:25:20', 'YYYY-MM-DD HH24:MI:ss'), 'ABBUCHUNG', 'CC_025');
INSERT INTO buchungsverlaeufe VALUES('BV_0424', TO_DATE('2021-05-02 13:27:37', 'YYYY-MM-DD HH24:MI:ss'), 'CHECK-IN', 'CC_025');
INSERT INTO buchungsverlaeufe VALUES('BV_0425', TO_DATE('2021-05-02 15:27:37', 'YYYY-MM-DD HH24:MI:ss'), 'CHECK-OUT', 'CC_025');
INSERT INTO buchungsverlaeufe VALUES('BV_0426', TO_DATE('2021-01-24 15:56:32', 'YYYY-MM-DD HH24:MI:ss'), 'GUTSCHRIFT', 'CC_025');
INSERT INTO buchungsverlaeufe VALUES('BV_0427', TO_DATE('2021-09-27 09:43:10', 'YYYY-MM-DD HH24:MI:ss'), 'ABBUCHUNG', 'CC_025');
INSERT INTO buchungsverlaeufe VALUES('BV_0428', TO_DATE('2021-07-20 09:05:38', 'YYYY-MM-DD HH24:MI:ss'), 'CHECK-IN', 'CC_025');
INSERT INTO buchungsverlaeufe VALUES('BV_0429', TO_DATE('2021-07-20 10:33:38', 'YYYY-MM-DD HH24:MI:ss'), 'CHECK-OUT', 'CC_025');
INSERT INTO buchungsverlaeufe VALUES('BV_0430', TO_DATE('2021-01-18 15:29:53', 'YYYY-MM-DD HH24:MI:ss'), 'CHECK-IN', 'CC_025');
INSERT INTO buchungsverlaeufe VALUES('BV_0431', TO_DATE('2021-01-18 17:53:53', 'YYYY-MM-DD HH24:MI:ss'), 'CHECK-OUT', 'CC_025');
INSERT INTO buchungsverlaeufe VALUES('BV_0432', TO_DATE('2021-10-26 10:13:33', 'YYYY-MM-DD HH24:MI:ss'), 'CHECK-IN', 'CC_025');
INSERT INTO buchungsverlaeufe VALUES('BV_0433', TO_DATE('2021-10-26 12:13:33', 'YYYY-MM-DD HH24:MI:ss'), 'CHECK-OUT', 'CC_025');
INSERT INTO buchungsverlaeufe VALUES('BV_0434', TO_DATE('2021-12-02 10:46:34', 'YYYY-MM-DD HH24:MI:ss'), 'CHECK-IN', 'CC_025');
INSERT INTO buchungsverlaeufe VALUES('BV_0435', TO_DATE('2021-12-02 12:46:36', 'YYYY-MM-DD HH24:MI:ss'), 'CHECK-OUT', 'CC_025');
INSERT INTO buchungsverlaeufe VALUES('BV_0436', TO_DATE('2021-06-29 17:55:52', 'YYYY-MM-DD HH24:MI:ss'), 'ABBUCHUNG', 'CC_025');
INSERT INTO buchungsverlaeufe VALUES('BV_0437', TO_DATE('2021-03-15 18:47:42', 'YYYY-MM-DD HH24:MI:ss'), 'CHECK-IN', 'CC_026');
INSERT INTO buchungsverlaeufe VALUES('BV_0438', TO_DATE('2021-03-15 20:47:42', 'YYYY-MM-DD HH24:MI:ss'), 'CHECK-OUT', 'CC_026');
INSERT INTO buchungsverlaeufe VALUES('BV_0439', TO_DATE('2021-10-03 13:37:36', 'YYYY-MM-DD HH24:MI:ss'), 'CHECK-IN', 'CC_026');
INSERT INTO buchungsverlaeufe VALUES('BV_0440', TO_DATE('2021-10-03 14:37:36', 'YYYY-MM-DD HH24:MI:ss'), 'CHECK-OUT', 'CC_026');
INSERT INTO buchungsverlaeufe VALUES('BV_0441', TO_DATE('2021-11-16 10:15:03', 'YYYY-MM-DD HH24:MI:ss'), 'GUTSCHRIFT', 'CC_026');
INSERT INTO buchungsverlaeufe VALUES('BV_0442', TO_DATE('2021-03-19 18:16:24', 'YYYY-MM-DD HH24:MI:ss'), 'ABBUCHUNG', 'CC_026');
INSERT INTO buchungsverlaeufe VALUES('BV_0443', TO_DATE('2021-06-25 14:10:45', 'YYYY-MM-DD HH24:MI:ss'), 'GUTSCHRIFT', 'CC_026');
INSERT INTO buchungsverlaeufe VALUES('BV_0444', TO_DATE('2021-10-14 20:25:25', 'YYYY-MM-DD HH24:MI:ss'), 'GUTSCHRIFT', 'CC_026');
INSERT INTO buchungsverlaeufe VALUES('BV_0445', TO_DATE('2021-11-06 15:33:43', 'YYYY-MM-DD HH24:MI:ss'), 'CHECK-IN', 'CC_026');
INSERT INTO buchungsverlaeufe VALUES('BV_0446', TO_DATE('2021-11-06 16:49:43', 'YYYY-MM-DD HH24:MI:ss'), 'CHECK-OUT', 'CC_026');
INSERT INTO buchungsverlaeufe VALUES('BV_0447', TO_DATE('2021-10-05 15:08:54', 'YYYY-MM-DD HH24:MI:ss'), 'GUTSCHRIFT', 'CC_026');
INSERT INTO buchungsverlaeufe VALUES('BV_0448', TO_DATE('2021-03-05 13:29:12', 'YYYY-MM-DD HH24:MI:ss'), 'CHECK-IN', 'CC_026');
INSERT INTO buchungsverlaeufe VALUES('BV_0449', TO_DATE('2021-03-05 14:58:12', 'YYYY-MM-DD HH24:MI:ss'), 'CHECK-OUT', 'CC_026');
INSERT INTO buchungsverlaeufe VALUES('BV_0450', TO_DATE('2021-11-04 20:18:36', 'YYYY-MM-DD HH24:MI:ss'), 'CHECK-IN', 'CC_026');
INSERT INTO buchungsverlaeufe VALUES('BV_0451', TO_DATE('2021-11-04 22:18:36', 'YYYY-MM-DD HH24:MI:ss'), 'CHECK-OUT', 'CC_026');
INSERT INTO buchungsverlaeufe VALUES('BV_0452', TO_DATE('2021-09-03 17:32:13', 'YYYY-MM-DD HH24:MI:ss'), 'GUTSCHRIFT', 'CC_026');
INSERT INTO buchungsverlaeufe VALUES('BV_0453', TO_DATE('2021-09-01 16:20:01', 'YYYY-MM-DD HH24:MI:ss'), 'GUTSCHRIFT', 'CC_026');
INSERT INTO buchungsverlaeufe VALUES('BV_0454', TO_DATE('2021-10-09 20:03:39', 'YYYY-MM-DD HH24:MI:ss'), 'ABBUCHUNG', 'CC_027');
INSERT INTO buchungsverlaeufe VALUES('BV_0455', TO_DATE('2021-01-31 16:22:10', 'YYYY-MM-DD HH24:MI:ss'), 'GUTSCHRIFT', 'CC_027');
INSERT INTO buchungsverlaeufe VALUES('BV_0456', TO_DATE('2021-04-17 19:16:01', 'YYYY-MM-DD HH24:MI:ss'), 'CHECK-IN', 'CC_027');
INSERT INTO buchungsverlaeufe VALUES('BV_0457', TO_DATE('2021-04-17 20:16:44', 'YYYY-MM-DD HH24:MI:ss'), 'CHECK-OUT', 'CC_027');
INSERT INTO buchungsverlaeufe VALUES('BV_0458', TO_DATE('2021-07-13 17:34:17', 'YYYY-MM-DD HH24:MI:ss'), 'CHECK-IN', 'CC_027');
INSERT INTO buchungsverlaeufe VALUES('BV_0459', TO_DATE('2021-07-13 19:40:17', 'YYYY-MM-DD HH24:MI:ss'), 'CHECK-OUT', 'CC_027');
INSERT INTO buchungsverlaeufe VALUES('BV_0460', TO_DATE('2021-02-13 13:36:39', 'YYYY-MM-DD HH24:MI:ss'), 'ABBUCHUNG', 'CC_027');
INSERT INTO buchungsverlaeufe VALUES('BV_0461', TO_DATE('2021-10-31 12:03:27', 'YYYY-MM-DD HH24:MI:ss'), 'GUTSCHRIFT', 'CC_027');
INSERT INTO buchungsverlaeufe VALUES('BV_0462', TO_DATE('2021-12-07 17:11:17', 'YYYY-MM-DD HH24:MI:ss'), 'CHECK-IN', 'CC_027');
INSERT INTO buchungsverlaeufe VALUES('BV_0463', TO_DATE('2021-12-07 18:11:27', 'YYYY-MM-DD HH24:MI:ss'), 'CHECK-OUT', 'CC_027');
INSERT INTO buchungsverlaeufe VALUES('BV_0464', TO_DATE('2021-04-05 10:16:27', 'YYYY-MM-DD HH24:MI:ss'), 'GUTSCHRIFT', 'CC_028');
INSERT INTO buchungsverlaeufe VALUES('BV_0465', TO_DATE('2021-12-27 18:53:26', 'YYYY-MM-DD HH24:MI:ss'), 'GUTSCHRIFT', 'CC_028');
INSERT INTO buchungsverlaeufe VALUES('BV_0466', TO_DATE('2021-04-19 12:11:40', 'YYYY-MM-DD HH24:MI:ss'), 'ABBUCHUNG', 'CC_028');
INSERT INTO buchungsverlaeufe VALUES('BV_0467', TO_DATE('2021-01-07 15:56:23', 'YYYY-MM-DD HH24:MI:ss'), 'CHECK-IN', 'CC_028');
INSERT INTO buchungsverlaeufe VALUES('BV_0468', TO_DATE('2021-01-07 17:56:23', 'YYYY-MM-DD HH24:MI:ss'), 'CHECK-OUT', 'CC_028');
INSERT INTO buchungsverlaeufe VALUES('BV_0469', TO_DATE('2021-09-05 10:51:02', 'YYYY-MM-DD HH24:MI:ss'), 'GUTSCHRIFT', 'CC_028');
INSERT INTO buchungsverlaeufe VALUES('BV_0470', TO_DATE('2021-06-06 20:50:19', 'YYYY-MM-DD HH24:MI:ss'), 'CHECK-IN', 'CC_028');
INSERT INTO buchungsverlaeufe VALUES('BV_0471', TO_DATE('2021-06-06 22:59:34', 'YYYY-MM-DD HH24:MI:ss'), 'CHECK-OUT', 'CC_028');
INSERT INTO buchungsverlaeufe VALUES('BV_0472', TO_DATE('2021-10-21 14:58:05', 'YYYY-MM-DD HH24:MI:ss'), 'CHECK-IN', 'CC_028');
INSERT INTO buchungsverlaeufe VALUES('BV_0473', TO_DATE('2021-10-21 15:58:49', 'YYYY-MM-DD HH24:MI:ss'), 'CHECK-OUT', 'CC_028');
INSERT INTO buchungsverlaeufe VALUES('BV_0474', TO_DATE('2021-05-11 11:54:53', 'YYYY-MM-DD HH24:MI:ss'), 'CHECK-IN', 'CC_028');
INSERT INTO buchungsverlaeufe VALUES('BV_0475', TO_DATE('2021-05-11 12:54:53', 'YYYY-MM-DD HH24:MI:ss'), 'CHECK-OUT', 'CC_028');
INSERT INTO buchungsverlaeufe VALUES('BV_0476', TO_DATE('2021-09-19 12:02:58', 'YYYY-MM-DD HH24:MI:ss'), 'CHECK-IN', 'CC_028');
INSERT INTO buchungsverlaeufe VALUES('BV_0477', TO_DATE('2021-09-19 13:38:58', 'YYYY-MM-DD HH24:MI:ss'), 'CHECK-OUT', 'CC_028');
INSERT INTO buchungsverlaeufe VALUES('BV_0478', TO_DATE('2021-05-11 17:00:25', 'YYYY-MM-DD HH24:MI:ss'), 'GUTSCHRIFT', 'CC_029');
INSERT INTO buchungsverlaeufe VALUES('BV_0479', TO_DATE('2021-12-06 13:24:09', 'YYYY-MM-DD HH24:MI:ss'), 'CHECK-IN', 'CC_029');
INSERT INTO buchungsverlaeufe VALUES('BV_0480', TO_DATE('2021-12-06 15:41:39', 'YYYY-MM-DD HH24:MI:ss'), 'CHECK-OUT', 'CC_029');
INSERT INTO buchungsverlaeufe VALUES('BV_0481', TO_DATE('2021-06-02 09:11:10', 'YYYY-MM-DD HH24:MI:ss'), 'CHECK-IN', 'CC_029');
INSERT INTO buchungsverlaeufe VALUES('BV_0482', TO_DATE('2021-06-02 10:21:35', 'YYYY-MM-DD HH24:MI:ss'), 'CHECK-OUT', 'CC_029');
INSERT INTO buchungsverlaeufe VALUES('BV_0483', TO_DATE('2021-07-18 17:51:08', 'YYYY-MM-DD HH24:MI:ss'), 'ABBUCHUNG', 'CC_029');
INSERT INTO buchungsverlaeufe VALUES('BV_0484', TO_DATE('2021-09-01 20:55:06', 'YYYY-MM-DD HH24:MI:ss'), 'ABBUCHUNG', 'CC_029');
INSERT INTO buchungsverlaeufe VALUES('BV_0485', TO_DATE('2021-07-17 13:22:28', 'YYYY-MM-DD HH24:MI:ss'), 'CHECK-IN', 'CC_029');
INSERT INTO buchungsverlaeufe VALUES('BV_0486', TO_DATE('2021-07-17 15:25:28', 'YYYY-MM-DD HH24:MI:ss'), 'CHECK-OUT', 'CC_029');
INSERT INTO buchungsverlaeufe VALUES('BV_0487', TO_DATE('2021-11-22 11:28:05', 'YYYY-MM-DD HH24:MI:ss'), 'CHECK-IN', 'CC_029');
INSERT INTO buchungsverlaeufe VALUES('BV_0488', TO_DATE('2021-11-22 12:40:15', 'YYYY-MM-DD HH24:MI:ss'), 'CHECK-OUT', 'CC_029');
INSERT INTO buchungsverlaeufe VALUES('BV_0489', TO_DATE('2021-05-20 15:52:47', 'YYYY-MM-DD HH24:MI:ss'), 'CHECK-IN', 'CC_029');
INSERT INTO buchungsverlaeufe VALUES('BV_0490', TO_DATE('2021-05-20 16:52:47', 'YYYY-MM-DD HH24:MI:ss'), 'CHECK-OUT', 'CC_029');
INSERT INTO buchungsverlaeufe VALUES('BV_0491', TO_DATE('2021-03-10 15:57:20', 'YYYY-MM-DD HH24:MI:ss'), 'GUTSCHRIFT', 'CC_029');
INSERT INTO buchungsverlaeufe VALUES('BV_0492', TO_DATE('2021-04-15 14:30:06', 'YYYY-MM-DD HH24:MI:ss'), 'CHECK-IN', 'CC_029');
INSERT INTO buchungsverlaeufe VALUES('BV_0493', TO_DATE('2021-04-15 16:30:14', 'YYYY-MM-DD HH24:MI:ss'), 'CHECK-OUT', 'CC_029');
INSERT INTO buchungsverlaeufe VALUES('BV_0494', TO_DATE('2021-12-23 13:58:46', 'YYYY-MM-DD HH24:MI:ss'), 'CHECK-IN', 'CC_030');
INSERT INTO buchungsverlaeufe VALUES('BV_0495', TO_DATE('2021-12-23 14:58:46', 'YYYY-MM-DD HH24:MI:ss'), 'CHECK-OUT', 'CC_030');
INSERT INTO buchungsverlaeufe VALUES('BV_0496', TO_DATE('2021-02-20 10:08:48', 'YYYY-MM-DD HH24:MI:ss'), 'GUTSCHRIFT', 'CC_030');
INSERT INTO buchungsverlaeufe VALUES('BV_0497', TO_DATE('2021-05-06 11:18:53', 'YYYY-MM-DD HH24:MI:ss'), 'GUTSCHRIFT', 'CC_030');
INSERT INTO buchungsverlaeufe VALUES('BV_0498', TO_DATE('2021-05-07 19:02:34', 'YYYY-MM-DD HH24:MI:ss'), 'ABBUCHUNG', 'CC_030');
INSERT INTO buchungsverlaeufe VALUES('BV_0499', TO_DATE('2021-01-19 10:35:24', 'YYYY-MM-DD HH24:MI:ss'), 'GUTSCHRIFT', 'CC_030');
INSERT INTO buchungsverlaeufe VALUES('BV_0500', TO_DATE('2021-08-11 18:54:06', 'YYYY-MM-DD HH24:MI:ss'), 'CHECK-IN', 'CC_030');
INSERT INTO buchungsverlaeufe VALUES('BV_0501', TO_DATE('2021-08-11 19:54:19', 'YYYY-MM-DD HH24:MI:ss'), 'CHECK-OUT', 'CC_030');
INSERT INTO buchungsverlaeufe VALUES('BV_0502', TO_DATE('2021-09-25 13:14:02', 'YYYY-MM-DD HH24:MI:ss'), 'GUTSCHRIFT', 'CC_030');
INSERT INTO buchungsverlaeufe VALUES('BV_0503', TO_DATE('2021-06-30 15:04:48', 'YYYY-MM-DD HH24:MI:ss'), 'GUTSCHRIFT', 'CC_030');
INSERT INTO buchungsverlaeufe VALUES('BV_0504', TO_DATE('2021-05-15 13:22:57', 'YYYY-MM-DD HH24:MI:ss'), 'ABBUCHUNG', 'CC_030');
INSERT INTO buchungsverlaeufe VALUES('BV_0505', TO_DATE('2021-06-26 13:54:45', 'YYYY-MM-DD HH24:MI:ss'), 'CHECK-IN', 'CC_030');
INSERT INTO buchungsverlaeufe VALUES('BV_0506', TO_DATE('2021-06-26 14:54:45', 'YYYY-MM-DD HH24:MI:ss'), 'CHECK-OUT', 'CC_030');
INSERT INTO buchungsverlaeufe VALUES('BV_0507', TO_DATE('2021-07-14 10:44:46', 'YYYY-MM-DD HH24:MI:ss'), 'GUTSCHRIFT', 'CC_030');
INSERT INTO buchungsverlaeufe VALUES('BV_0508', TO_DATE('2021-05-05 19:11:51', 'YYYY-MM-DD HH24:MI:ss'), 'GUTSCHRIFT', 'CC_030');
INSERT INTO buchungsverlaeufe VALUES('BV_0509', TO_DATE('2021-07-03 17:18:58', 'YYYY-MM-DD HH24:MI:ss'), 'GUTSCHRIFT', 'CC_030');

COMMIT;

------------------------------------------------------------------------------------------------------------------------
-- Populate table kurse
------------------------------------------------------------------------------------------------------------------------

INSERT INTO kurse VALUES  ('KRS_00', 'Zumba', 60, 15, TO_DATE('2021-07-12 17:00','YYYY-MM-DD HH24:MI','NLS_DATE_LANGUAGE=AMERICAN'), TO_DATE('2022-07-12 18:00','YYYY-MM-DD HH24:MI','NLS_DATE_LANGUAGE=AMERICAN'));
INSERT INTO kurse VALUES ('KRS_01', 'Hot Iron', 30, 10, TO_DATE('2021-07-13 17:00','YYYY-MM-DD HH24:MI','NLS_DATE_LANGUAGE=AMERICAN'), TO_DATE('2022-07-13 17:30','YYYY-MM-DD HH24:MI','NLS_DATE_LANGUAGE=AMERICAN'));
INSERT INTO kurse VALUES('KRS_02', 'Crossfit', 60, 8, TO_DATE('2021-07-14 17:00','YYYY-MM-DD HH24:MI','NLS_DATE_LANGUAGE=AMERICAN'), TO_DATE('2022-07-14 18:00','YYYY-MM-DD HH24:MI','NLS_DATE_LANGUAGE=AMERICAN'));
INSERT INTO kurse VALUES('KRS_03', 'Functional Training', 45, 6, TO_DATE('2021-07-15 17:00','YYYY-MM-DD HH24:MI','NLS_DATE_LANGUAGE=AMERICAN'), TO_DATE('2022-07-15 17:45','YYYY-MM-DD HH24:MI','NLS_DATE_LANGUAGE=AMERICAN'));
INSERT INTO kurse VALUES('KRS_04', 'Yoga', 60, 25, TO_DATE('2021-07-16 17:00','YYYY-MM-DD HH24:MI','NLS_DATE_LANGUAGE=AMERICAN'), TO_DATE('2022-07-16 18:00','YYYY-MM-DD HH24:MI','NLS_DATE_LANGUAGE=AMERICAN'));
INSERT INTO kurse VALUES ('KRS_05', 'Mobility', 90, 20, TO_DATE('2021-07-17 17:00','YYYY-MM-DD HH24:MI','NLS_DATE_LANGUAGE=AMERICAN'), TO_DATE('2022-07-17 18:30','YYYY-MM-DD HH24:MI','NLS_DATE_LANGUAGE=AMERICAN'));
INSERT INTO kurse VALUES ('KRS_06', 'Kapoeira', 120, 22, TO_DATE('2021-07-18 17:00','YYYY-MM-DD HH24:MI','NLS_DATE_LANGUAGE=AMERICAN'), TO_DATE('2022-07-18 19:00','YYYY-MM-DD HH24:MI','NLS_DATE_LANGUAGE=AMERICAN'));

COMMIT;

------------------------------------------------------------------------------------------------------------------------
-- Populate table leitet_kurs
------------------------------------------------------------------------------------------------------------------------

INSERT INTO leitet_kurs VALUES ('KRS_00', 'M_05');
INSERT INTO leitet_kurs VALUES ('KRS_01', 'M_06');
INSERT INTO leitet_kurs VALUES ('KRS_02', 'M_08');
INSERT INTO leitet_kurs VALUES ('KRS_03', 'M_05');
INSERT INTO leitet_kurs VALUES ('KRS_04', 'M_06');
INSERT INTO leitet_kurs VALUES ('KRS_05', 'M_08');
INSERT INTO leitet_kurs VALUES ('KRS_06', 'M_05');

COMMIT;

------------------------------------------------------------------------------------------------------------------------
-- Populate table sportgeraete
------------------------------------------------------------------------------------------------------------------------

INSERT INTO sportgeraete VALUES('SG_001','Aerobic-Stepper', 'Reebok', '742735785-X',TO_DATE('2017-03-12','YYYY-MM-DD'), TO_DATE('2021-02-06','YYYY-MM-DD'), '83,01', 'T');
INSERT INTO sportgeraete VALUES('SG_002','Aerobic-Stepper', 'Reebok', '7427357862-X',TO_DATE('2017-03-12','YYYY-MM-DD'), TO_DATE('2021-02-06','YYYY-MM-DD'), '83,01', 'F');
INSERT INTO sportgeraete VALUES('SG_003','Aerobic-Stepper', 'Reebok', '7427357835-X',TO_DATE('2017-03-12','YYYY-MM-DD'), TO_DATE('2021-02-06','YYYY-MM-DD'), '83,01', 'F');
INSERT INTO sportgeraete VALUES('SG_004','Brustpresse', 'Sport-Thieme', '663053156-8',TO_DATE('2020-08-17','YYYY-MM-DD'), TO_DATE('2020-09-09','YYYY-MM-DD'), '495,10', 'T');
INSERT INTO sportgeraete VALUES('SG_005','Beinpresse', 'Super Pro', '2109995432-2',TO_DATE('2018-01-13','YYYY-MM-DD'), TO_DATE('2020-09-13','YYYY-MM-DD'), '275,07', 'F');
INSERT INTO sportgeraete VALUES('SG_006','Crosstrainer', 'Sport-Thieme', '374455454-6',TO_DATE('2020-05-01','YYYY-MM-DD'),TO_DATE('2021-03-13','YYYY-MM-DD') , '189,54', 'F');
INSERT INTO sportgeraete VALUES('SG_007','Crosstrainer', 'Sport-Thieme', '374454534-6',TO_DATE('2020-05-01','YYYY-MM-DD'), TO_DATE('2021-03-13','YYYY-MM-DD'), '189,54', 'F');
INSERT INTO sportgeraete VALUES('SG_008','Crosstrainer', 'Sport-Thieme', '374457654-6',TO_DATE('2020-05-01','YYYY-MM-DD'), TO_DATE('2021-03-13','YYYY-MM-DD'), '189,54', 'F');
INSERT INTO sportgeraete VALUES('SG_009','Hantelbank', 'Sport-Thieme', '016260269-3',TO_DATE('2018-04-30','YYYY-MM-DD'),TO_DATE('2021-01-26','YYYY-MM-DD') , '498,02', 'T');
INSERT INTO sportgeraete VALUES('SG_010','Hantelbank', 'Sport-Thieme', '016260692-3',TO_DATE('2018-04-30','YYYY-MM-DD'),TO_DATE('2021-01-26','YYYY-MM-DD') , '498,02', 'F');
INSERT INTO sportgeraete VALUES('SG_011','Schulterpresse','Sport-Thieme', '314258743-8',TO_DATE('2020-01-08','YYYY-MM-DD'),TO_DATE('2020-11-19','YYYY-MM-DD') , '458,10', 'F');
INSERT INTO sportgeraete VALUES('SG_012','Hantelstange', 'Balanced-Body', '552930987-0',TO_DATE('2018-11-28','YYYY-MM-DD'), TO_DATE('2020-08-27','YYYY-MM-DD'), '18,40', 'T');
INSERT INTO sportgeraete VALUES('SG_013','Hantelstange', 'Balanced-Body', '552930938-0',TO_DATE('2018-11-28','YYYY-MM-DD'), TO_DATE('2020-08-27','YYYY-MM-DD'), '18,40', 'F');
INSERT INTO sportgeraete VALUES('SG_014','Bauchpresse', 'Balanced-Body', '442233095-0',TO_DATE('2015-03-13','YYYY-MM-DD'), TO_DATE('2021-05-02','YYYY-MM-DD'), '480,59', 'F');
INSERT INTO sportgeraete VALUES('SG_015','Kabelturm', 'Sport-Thieme', '853798453-1',TO_DATE('2018-05-18','YYYY-MM-DD'), TO_DATE('2020-11-08','YYYY-MM-DD'), '247,88', 'F');
INSERT INTO sportgeraete VALUES('SG_016','Kabelturm', 'Sport-Thieme', '8537984543-1',TO_DATE('2018-05-18','YYYY-MM-DD'), TO_DATE('2020-11-08','YYYY-MM-DD'), '247,88', 'F');
INSERT INTO sportgeraete VALUES('SG_017','Indoor Bikes', 'Balanced-Body', '4710340262-0',TO_DATE('2017-03-23','YYYY-MM-DD'),TO_DATE('2020-09-14','YYYY-MM-DD') , '340,78', 'F');
INSERT INTO sportgeraete VALUES('SG_018','Indoor Bikes', 'Balanced-Body', '471034025-0',TO_DATE('2017-03-23','YYYY-MM-DD'),TO_DATE('2020-09-14','YYYY-MM-DD') , '340,78', 'F');
INSERT INTO sportgeraete VALUES('SG_019','Indoor Bikes', 'Balanced-Body', '4710340887-0',TO_DATE('2017-03-23','YYYY-MM-DD'), TO_DATE('2020-09-14','YYYY-MM-DD'), '340,78', 'T');
INSERT INTO sportgeraete VALUES('SG_020','Faszienrolle', 'Balanced-Body', '812701031-6',TO_DATE('2018-03-14','YYYY-MM-DD'), TO_DATE('2021-06-02','YYYY-MM-DD'), '22,48', 'F');
INSERT INTO sportgeraete VALUES('SG_021','Faszienrolle', 'Balanced-Body', '8127010322-6',TO_DATE('2018-03-14','YYYY-MM-DD'),TO_DATE('2021-06-02','YYYY-MM-DD') , '22,48', 'F');
INSERT INTO sportgeraete VALUES('SG_022','Faszienrolle', 'Balanced-Body', '8127010333-6',TO_DATE('2018-03-14','YYYY-MM-DD'), TO_DATE('2021-06-02','YYYY-MM-DD'), '22,48', 'F');
INSERT INTO sportgeraete VALUES('SG_023','Rueckenstrecker', 'Life Fitness','746206818-4',TO_DATE('2018-11-11','YYYY-MM-DD'),TO_DATE('2021-05-09','YYYY-MM-DD'), '196,95','F');
INSERT INTO sportgeraete VALUES('SG_024','Rueckenstrecker', 'Life Fitness','746206819-4',TO_DATE('2018-11-11','YYYY-MM-DD'),TO_DATE('2021-05-09','YYYY-MM-DD') , '196,95', 'T');
INSERT INTO sportgeraete VALUES('SG_025','Laufband', 'Stages','859856964-X',TO_DATE('2013-11-09','YYYY-MM-DD'), TO_DATE('2020-08-11','YYYY-MM-DD'), '317,78', 'F');
INSERT INTO sportgeraete VALUES('SG_026','Laufband', 'Stages','85985696632-X',TO_DATE('2013-11-09','YYYY-MM-DD'), TO_DATE('2020-08-11','YYYY-MM-DD'), '317,78', 'T');
INSERT INTO sportgeraete VALUES('SG_027','Laufband', 'Stages','859856965-X',TO_DATE('2013-11-09','YYYY-MM-DD'), TO_DATE('2020-08-11','YYYY-MM-DD'), '317,78','F');
INSERT INTO sportgeraete VALUES('SG_028','Gymnastikball', 'Reebok','523936375-7',TO_DATE('2016-01-10','YYYY-MM-DD'),TO_DATE('2021-01-12','YYYY-MM-DD') , '34,39','F');
INSERT INTO sportgeraete VALUES('SG_029','Gymnastikball', 'Reebok','523936372-7',TO_DATE('2016-01-10','YYYY-MM-DD'),TO_DATE('2021-01-12','YYYY-MM-DD') , '34,39','F');
INSERT INTO sportgeraete VALUES('SG_030','Gymnastikball', 'Reebok','52393637689-7',TO_DATE('2016-01-10','YYYY-MM-DD'), TO_DATE('2021-01-12','YYYY-MM-DD'), '34,39','F');
INSERT INTO sportgeraete VALUES('SG_031','Fitnessmatte', 'Reebok','811304171-0',TO_DATE('2016-09-27','YYYY-MM-DD'),TO_DATE('2020-09-27','YYYY-MM-DD') , '399,98', 'F');
INSERT INTO sportgeraete VALUES('SG_032','Fitnessmatte', 'Reebok','8113041724-0',TO_DATE('2016-09-27','YYYY-MM-DD'), TO_DATE('2020-09-27','YYYY-MM-DD'), '399,98','F');
INSERT INTO sportgeraete VALUES('SG_033','Fitnessmatte', 'Reebok','81130417963-0',TO_DATE('2016-09-27','YYYY-MM-DD'),TO_DATE('2020-09-27','YYYY-MM-DD') , '399,98','F');
INSERT INTO sportgeraete VALUES('SG_034','Butterfly', 'Stages', '932074453-X',TO_DATE('2015-05-31','YYYY-MM-DD'), TO_DATE('2021-04-28','YYYY-MM-DD'), '476,83','F');
INSERT INTO sportgeraete VALUES('SG_035','Beinbeuger', 'Stages', '93207445234-X',TO_DATE('2015-05-31','YYYY-MM-DD'),TO_DATE('2021-04-28','YYYY-MM-DD'), '476,83','F');
INSERT INTO sportgeraete VALUES('SG_036','Latismuszug', 'Balanced-Body', '396263007-4',TO_DATE('2020-03-03','YYYY-MM-DD'), TO_DATE('2020-10-29','YYYY-MM-DD'), '490,80', 'T');
INSERT INTO sportgeraete VALUES('SG_037','Beinstrecker', 'Balanced-Body', '3962630588-4',TO_DATE('2020-03-03','YYYY-MM-DD'), TO_DATE('2020-10-29','YYYY-MM-DD'), '490,80','F');
INSERT INTO sportgeraete VALUES('SG_038','Schraegbank', 'Stages', '61518093005-0',TO_DATE('2019-09-25','YYYY-MM-DD'), TO_DATE('2020-08-11','YYYY-MM-DD'), '236,60','F');
INSERT INTO sportgeraete VALUES('SG_039','Schraegbank', 'Stages', '615180930-0',TO_DATE('2019-09-25','YYYY-MM-DD'), TO_DATE('2020-08-11','YYYY-MM-DD'), '336,60','F');
INSERT INTO sportgeraete VALUES('SG_040','Rudermaschine', 'Balanced-Body','078809144-1',TO_DATE('2016-04-20','YYYY-MM-DD'), TO_DATE('2021-02-15','YYYY-MM-DD'), '364,31','F');
INSERT INTO sportgeraete VALUES('SG_041','Abduktionsmaschine', 'Balanced-Body','078809143-1',TO_DATE('2016-04-20','YYYY-MM-DD'), TO_DATE('2021-02-15','YYYY-MM-DD'), '365,31', 'T');
INSERT INTO sportgeraete VALUES('SG_042','Adduktionsmaschine', 'Balanced-Body', '078809145-1',TO_DATE('2016-04-20','YYYY-MM-DD'), TO_DATE('2021-02-15','YYYY-MM-DD'), '378,31', 'T');

COMMIT;

------------------------------------------------------------------------------------------------------------------------
-- Populate table steht_unter_vertrag
------------------------------------------------------------------------------------------------------------------------

INSERT INTO steht_unter_vertrag VALUES ('M_01','AV_01');
INSERT INTO steht_unter_vertrag VALUES ('M_02','AV_02');
INSERT INTO steht_unter_vertrag VALUES ('M_03','AV_03');
INSERT INTO steht_unter_vertrag VALUES ('M_04','AV_05');
INSERT INTO steht_unter_vertrag VALUES ('M_05','AV_04');
INSERT INTO steht_unter_vertrag VALUES ('M_06','AV_06');
INSERT INTO steht_unter_vertrag VALUES ('M_07','AV_07');
INSERT INTO steht_unter_vertrag VALUES ('M_08','AV_09');
INSERT INTO steht_unter_vertrag VALUES ('M_09','AV_08');

COMMIT;

------------------------------------------------------------------------------------------------------------------------
-- Populate table trainingseinheiten
------------------------------------------------------------------------------------------------------------------------

INSERT INTO trainingseinheiten VALUES ('TE_00', 'Biking', 20, 'Indoor Biking',                                        'SG_017');
INSERT INTO trainingseinheiten VALUES ('TE_01', 'Brustpresse', 15, 'Training an Maschine mit x Gewicht',              'SG_004');
INSERT INTO trainingseinheiten VALUES ('TE_02', 'Schulterpresse', 15, 'Training an Maschine mit x Gewicht',           'SG_011');
INSERT INTO trainingseinheiten VALUES ('TE_03', 'Beinbeuger', 15, 'Training an Maschine mit x Gewicht',               'SG_035');
INSERT INTO trainingseinheiten VALUES ('TE_04', 'Beinstrecker', 20, 'Training an Maschine mit x Gewicht',             'SG_037');
INSERT INTO trainingseinheiten VALUES ('TE_05', 'Rudern', 20, 'Training an Rudermaschine mit x Gewicht',              'SG_040');
INSERT INTO trainingseinheiten VALUES ('TE_06', 'Abduktionsmaschine', 15, 'Training an Maschine mit x Gewicht',       'SG_041');
INSERT INTO trainingseinheiten VALUES ('TE_07', 'Adduktionsmaschine', 15, 'Training an Maschine mit x Gewicht',       'SG_042');
INSERT INTO trainingseinheiten VALUES ('TE_08', 'Crosstrainer', 30, 'Crosstrainer Workout',                           'SG_006');
INSERT INTO trainingseinheiten VALUES ('TE_09', 'Rueckenstrecker', 15, 'Training an der Maschine mit x Gewicht',      'SG_023');
INSERT INTO trainingseinheiten VALUES ('TE_10', 'Bauchpresse', 15, 'Training an der Maschine mit x Gewicht',          'SG_014');
INSERT INTO trainingseinheiten VALUES ('TE_11', 'Beinpresse', 15, 'Training an der Maschine mit x Gewicht',           'SG_005');
INSERT INTO trainingseinheiten VALUES ('TE_12', 'Schulterpresse', 15, 'Training an der Maschine mit x Gewicht',       'SG_011');
INSERT INTO trainingseinheiten VALUES ('TE_13', 'Butterfly', 15, 'Training an der Maschine mit x Gewicht',            'SG_034');
INSERT INTO trainingseinheiten VALUES ('TE_14', 'Bauchtraining', 15, 'Training mit der Fitnessmatte',                 'SG_031');
INSERT INTO trainingseinheiten VALUES ('TE_15', 'Laufband', 30, 'Laufband laufen',                                    'SG_025');
INSERT INTO trainingseinheiten VALUES ('TE_16', 'Laufband', 45, 'Laufband laufen',                                    'SG_025');
INSERT INTO trainingseinheiten VALUES ('TE_17', 'Bankdruecken', 15, 'An der Hantelbank mit x Gewicht',                'SG_009');
INSERT INTO trainingseinheiten VALUES ('TE_18', 'Trizeps-Curls', 10, 'Kabelturm mit x Gewicht',                       'SG_015');
INSERT INTO trainingseinheiten VALUES ('TE_19', 'Bizeps-Curls', 12, 'Hanteltraining mit x Gewicht',                   'SG_012');
INSERT INTO trainingseinheiten VALUES ('TE_20', 'Schulterdruecken', 15, 'Training an Schraegbank mit x Gewicht',      'SG_038');
INSERT INTO trainingseinheiten VALUES ('TE_29', 'Rudern', 20, 'Training an Rudermaschine mit x Gewicht',              'SG_040');
INSERT INTO trainingseinheiten VALUES ('TE_30', 'Sit-Ups', 12, 'Training an Maschine mit x Gewicht',                  'SG_028');
INSERT INTO trainingseinheiten VALUES ('TE_31', 'Biking', 30, 'Indoor Biking',                                        'SG_017');
INSERT INTO trainingseinheiten VALUES ('TE_21', 'Bankdruecken', 15, 'An der Hantelbank mit x Gewicht',                'SG_009');
INSERT INTO trainingseinheiten VALUES ('TE_22', 'Butterfly',15, 'Training an Maschine mit x Gewicht',                 'SG_034');
INSERT INTO trainingseinheiten VALUES ('TE_23', 'Schulterdruecken', 15, 'Training an Schraegbank mit x Gewicht',      'SG_038');
INSERT INTO trainingseinheiten VALUES ('TE_24', 'Bizeps-Curls', 15, 'Hantelstange mit x Gewicht von Unten',           'SG_012');
INSERT INTO trainingseinheiten VALUES ('TE_25', 'Trizeps-Curls',15, 'Kabelturm mit x Gewicht von Oben',               'SG_015');
INSERT INTO trainingseinheiten VALUES ('TE_26', 'Beinpresse',15, 'Beinpresse mit x Gewicht',                          'SG_005');
INSERT INTO trainingseinheiten VALUES ('TE_27', 'Rueckentraining',15, 'Latismuszug mit x Gewicht',                    'SG_036');
INSERT INTO trainingseinheiten VALUES ('TE_28', 'Bauchpresse',15, 'Bauchpresse mit x Gewicht',                        'SG_014');
INSERT INTO trainingseinheiten VALUES ('TE_32', 'Stepper',20, 'Stepper',                                              'SG_001');
INSERT INTO trainingseinheiten VALUES ('TE_33', 'Rudern',15, 'Rudermaschine',                                         'SG_040');
INSERT INTO trainingseinheiten VALUES ('TE_34', 'Sit-Ups',15, 'Gymnastikball',                                        'SG_028');
INSERT INTO trainingseinheiten VALUES ('TE_35', 'Biking',20, 'Indoor Biking',                                         'SG_017');
INSERT INTO trainingseinheiten VALUES ('TE_36', 'Rueckentraining',15, 'Latismuszug',                                  'SG_036');
INSERT INTO trainingseinheiten VALUES ('TE_37', 'Abduktionsmaschine', 15, 'Training an Maschine mit x Gewicht',       'SG_041');
INSERT INTO trainingseinheiten VALUES ('TE_38', 'Adduktionsmaschine', 15, 'Training an Maschine mit x Gewicht',       'SG_042');
INSERT INTO trainingseinheiten VALUES ('TE_39', 'Laufband', 15, 'Laufband laufen',                                    'SG_025');
INSERT INTO trainingseinheiten VALUES ('TE_40', 'Stepper', 60, 'Aerobic Stepper',                                     'SG_001');
INSERT INTO trainingseinheiten VALUES ('TE_41', 'Crosstrainer', 60, 'Crosstrainer',                                   'SG_006');
INSERT INTO trainingseinheiten VALUES ('TE_42', 'Fitnessmatte', 60, 'Fitnessmatte',                                   'SG_031');
INSERT INTO trainingseinheiten VALUES ('TE_43', 'Faszienlockerung', 45, 'Faszienrolle',                               'SG_020');
INSERT INTO trainingseinheiten VALUES ('TE_44', 'Biking', 90, 'Indoor Biking',                                        'SG_017');
INSERT INTO trainingseinheiten VALUES ('TE_45', 'Gymnastik', 20, 'Gymnastikball',                                     'SG_028');
INSERT INTO trainingseinheiten VALUES ('TE_46', 'Hantelstange', 20, 'Freihanteln',                                    'SG_012');

COMMIT;

------------------------------------------------------------------------------------------------------------------------
-- Populate table kategorien
------------------------------------------------------------------------------------------------------------------------

INSERT INTO kategorien VALUES('KAT_00', 'CARDIO', 'Ausdauer');
INSERT INTO kategorien VALUES('KAT_01', 'KRAFT', 'Krafttraining');
INSERT INTO kategorien VALUES('KAT_02', 'KONTROLLE', 'Koerperkontrolle');
INSERT INTO kategorien VALUES('KAT_03', 'KRAFT', 'Bizeps');
INSERT INTO kategorien VALUES('KAT_04', 'KRAFT', 'Trizeps');
INSERT INTO kategorien VALUES('KAT_05', 'KRAFT', 'Unterarm');
INSERT INTO kategorien VALUES('KAT_06', 'KRAFT', 'Brust');
INSERT INTO kategorien VALUES('KAT_07', 'KRAFT', 'Obere Brust');
INSERT INTO kategorien VALUES('KAT_08', 'KRAFT', 'Bauchmuskeln');
INSERT INTO kategorien VALUES('KAT_09', 'KRAFT', 'Quadrizeps');
INSERT INTO kategorien VALUES('KAT_10', 'KRAFT', 'Beinbeuger');
INSERT INTO kategorien VALUES('KAT_11', 'KRAFT', 'Abduktor');
INSERT INTO kategorien VALUES('KAT_12', 'KRAFT', 'Adduktor');
INSERT INTO kategorien VALUES('KAT_13', 'KRAFT', 'Gluteus');
INSERT INTO kategorien VALUES('KAT_14', 'KRAFT', 'Waden');
INSERT INTO kategorien VALUES('KAT_15', 'KRAFT', 'Latissimus');
INSERT INTO kategorien VALUES('KAT_16', 'KRAFT', 'Rhombus');
INSERT INTO kategorien VALUES('KAT_17', 'KRAFT', 'Nacken');
INSERT INTO kategorien VALUES('KAT_18', 'KRAFT', 'Unterer Rücken');
INSERT INTO kategorien VALUES('KAT_19', 'KRAFT', 'Schulter');
INSERT INTO kategorien VALUES('KAT_20', 'KRAFT', 'Vordere Schulter');
INSERT INTO kategorien VALUES('KAT_21', 'KRAFT', 'Hintere Schulter');

COMMIT;

------------------------------------------------------------------------------------------------------------------------
-- Populate table ist_definiert_durch
------------------------------------------------------------------------------------------------------------------------

INSERT INTO ist_definiert_durch VALUES ('TE_00', 'KAT_00');
INSERT INTO ist_definiert_durch VALUES ('TE_01', 'KAT_06');
INSERT INTO ist_definiert_durch VALUES ('TE_02', 'KAT_19');
INSERT INTO ist_definiert_durch VALUES ('TE_03', 'KAT_10');
INSERT INTO ist_definiert_durch VALUES ('TE_04', 'KAT_09');
INSERT INTO ist_definiert_durch VALUES ('TE_05', 'KAT_16');
INSERT INTO ist_definiert_durch VALUES ('TE_06', 'KAT_11');
INSERT INTO ist_definiert_durch VALUES ('TE_07', 'KAT_12');
INSERT INTO ist_definiert_durch VALUES ('TE_08', 'KAT_00');
INSERT INTO ist_definiert_durch VALUES ('TE_09', 'KAT_18');
INSERT INTO ist_definiert_durch VALUES ('TE_10', 'KAT_08');
INSERT INTO ist_definiert_durch VALUES ('TE_11', 'KAT_09');
INSERT INTO ist_definiert_durch VALUES ('TE_12', 'KAT_19');
INSERT INTO ist_definiert_durch VALUES ('TE_13', 'KAT_06');
INSERT INTO ist_definiert_durch VALUES ('TE_14', 'KAT_08');
INSERT INTO ist_definiert_durch VALUES ('TE_15', 'KAT_00');
INSERT INTO ist_definiert_durch VALUES ('TE_16', 'KAT_00');
INSERT INTO ist_definiert_durch VALUES ('TE_17', 'KAT_06');
INSERT INTO ist_definiert_durch VALUES ('TE_18', 'KAT_04');
INSERT INTO ist_definiert_durch VALUES ('TE_19', 'KAT_03');
INSERT INTO ist_definiert_durch VALUES ('TE_20', 'KAT_19');
INSERT INTO ist_definiert_durch VALUES ('TE_21', 'KAT_06');
INSERT INTO ist_definiert_durch VALUES ('TE_22', 'KAT_06');
INSERT INTO ist_definiert_durch VALUES ('TE_23', 'KAT_19');
INSERT INTO ist_definiert_durch VALUES ('TE_24', 'KAT_03');
INSERT INTO ist_definiert_durch VALUES ('TE_25', 'KAT_04');
INSERT INTO ist_definiert_durch VALUES ('TE_26', 'KAT_09');
INSERT INTO ist_definiert_durch VALUES ('TE_27', 'KAT_15');
INSERT INTO ist_definiert_durch VALUES ('TE_28', 'KAT_08');
INSERT INTO ist_definiert_durch VALUES ('TE_29', 'KAT_16');
INSERT INTO ist_definiert_durch VALUES ('TE_30', 'KAT_08');
INSERT INTO ist_definiert_durch VALUES ('TE_31', 'KAT_00');
INSERT INTO ist_definiert_durch VALUES ('TE_32', 'KAT_00');
INSERT INTO ist_definiert_durch VALUES ('TE_33', 'KAT_15');
INSERT INTO ist_definiert_durch VALUES ('TE_34', 'KAT_08');
INSERT INTO ist_definiert_durch VALUES ('TE_35', 'KAT_00');
INSERT INTO ist_definiert_durch VALUES ('TE_36', 'KAT_16');
INSERT INTO ist_definiert_durch VALUES ('TE_37', 'KAT_11');
INSERT INTO ist_definiert_durch VALUES ('TE_38', 'KAT_12');
INSERT INTO ist_definiert_durch VALUES ('TE_39', 'KAT_00');
INSERT INTO ist_definiert_durch VALUES ('TE_40', 'KAT_00');
INSERT INTO ist_definiert_durch VALUES ('TE_41', 'KAT_00');
INSERT INTO ist_definiert_durch VALUES ('TE_42', 'KAT_02');
INSERT INTO ist_definiert_durch VALUES ('TE_43', 'KAT_02');
INSERT INTO ist_definiert_durch VALUES ('TE_44', 'KAT_00');
INSERT INTO ist_definiert_durch VALUES ('TE_45', 'KAT_02');
INSERT INTO ist_definiert_durch VALUES ('TE_46', 'KAT_01');

COMMIT;

------------------------------------------------------------------------------------------------------------------------
-- Populate table trainingsplaene
------------------------------------------------------------------------------------------------------------------------

INSERT INTO trainingsplaene VALUES ('TP_01', 'Beginner Friendly', 1, 2, 6);
INSERT INTO trainingsplaene VALUES ('TP_02', 'Ganzkörper', 2, 3, 12);
INSERT INTO trainingsplaene VALUES ('TP_03', 'Muskelaufbau', 4, 6, 8);
INSERT INTO trainingsplaene VALUES ('TP_04', '12-Wochen Challenge', 5, 4, 12);
INSERT INTO trainingsplaene VALUES ('TP_05', 'Zirkeltraining', 5, 5, 12);

COMMIT;

------------------------------------------------------------------------------------------------------------------------
-- Populate table individualplaene
------------------------------------------------------------------------------------------------------------------------

INSERT INTO individualplaene VALUES('IVP_000', TO_DATE('2021-09-08', 'YYYY-MM-DD'), TO_DATE('2021-10-22', 'YYYY-MM-DD'), 'TP_01', 'C_001');
INSERT INTO individualplaene VALUES('IVP_001', TO_DATE('2021-02-09', 'YYYY-MM-DD'), TO_DATE('2021-05-09', 'YYYY-MM-DD'), 'TP_02', 'C_002');
INSERT INTO individualplaene VALUES('IVP_002', TO_DATE('2021-05-04', 'YYYY-MM-DD'), TO_DATE('2021-08-04', 'YYYY-MM-DD'), 'TP_05', 'C_003');
INSERT INTO individualplaene VALUES('IVP_003', TO_DATE('2021-11-26', 'YYYY-MM-DD'), TO_DATE('2022-02-26', 'YYYY-MM-DD'), 'TP_04', 'C_003');
INSERT INTO individualplaene VALUES('IVP_004', TO_DATE('2021-05-01', 'YYYY-MM-DD'), TO_DATE('2021-08-01', 'YYYY-MM-DD'), 'TP_04', 'C_004');
INSERT INTO individualplaene VALUES('IVP_005', TO_DATE('2021-10-28', 'YYYY-MM-DD'), TO_DATE('2022-01-28', 'YYYY-MM-DD'), 'TP_02', 'C_004');
INSERT INTO individualplaene VALUES('IVP_006', TO_DATE('2021-05-24', 'YYYY-MM-DD'), TO_DATE('2021-07-07', 'YYYY-MM-DD'), 'TP_01', 'C_005');
INSERT INTO individualplaene VALUES('IVP_007', TO_DATE('2021-02-25', 'YYYY-MM-DD'), TO_DATE('2021-05-25', 'YYYY-MM-DD'), 'TP_05', 'C_006');
INSERT INTO individualplaene VALUES('IVP_008', TO_DATE('2021-12-02', 'YYYY-MM-DD'), TO_DATE('2022-02-02', 'YYYY-MM-DD'), 'TP_03', 'C_007');
INSERT INTO individualplaene VALUES('IVP_009', TO_DATE('2021-07-27', 'YYYY-MM-DD'), TO_DATE('2021-09-27', 'YYYY-MM-DD'), 'TP_03', 'C_008');
INSERT INTO individualplaene VALUES('IVP_010', TO_DATE('2021-03-11', 'YYYY-MM-DD'), TO_DATE('2021-05-11', 'YYYY-MM-DD'), 'TP_03', 'C_009');
INSERT INTO individualplaene VALUES('IVP_011', TO_DATE('2021-09-06', 'YYYY-MM-DD'), TO_DATE('2021-12-06', 'YYYY-MM-DD'), 'TP_05', 'C_009');
INSERT INTO individualplaene VALUES('IVP_012', TO_DATE('2021-09-23', 'YYYY-MM-DD'), TO_DATE('2021-12-23', 'YYYY-MM-DD'), 'TP_04', 'C_010');
INSERT INTO individualplaene VALUES('IVP_013', TO_DATE('2021-02-12', 'YYYY-MM-DD'), TO_DATE('2021-04-12', 'YYYY-MM-DD'), 'TP_03', 'C_011');
INSERT INTO individualplaene VALUES('IVP_014', TO_DATE('2021-08-15', 'YYYY-MM-DD'), TO_DATE('2021-11-15', 'YYYY-MM-DD'), 'TP_02', 'C_012');
INSERT INTO individualplaene VALUES('IVP_015', TO_DATE('2021-08-04', 'YYYY-MM-DD'), TO_DATE('2021-11-04', 'YYYY-MM-DD'), 'TP_04', 'C_012');
INSERT INTO individualplaene VALUES('IVP_016', TO_DATE('2021-05-03', 'YYYY-MM-DD'), TO_DATE('2021-08-03', 'YYYY-MM-DD'), 'TP_05', 'C_013');
INSERT INTO individualplaene VALUES('IVP_017', TO_DATE('2021-04-16', 'YYYY-MM-DD'), TO_DATE('2021-07-16', 'YYYY-MM-DD'), 'TP_02', 'C_013');
INSERT INTO individualplaene VALUES('IVP_018', TO_DATE('2021-12-05', 'YYYY-MM-DD'), TO_DATE('2022-03-05', 'YYYY-MM-DD'), 'TP_02', 'C_014');
INSERT INTO individualplaene VALUES('IVP_019', TO_DATE('2021-02-10', 'YYYY-MM-DD'), TO_DATE('2021-05-10', 'YYYY-MM-DD'), 'TP_02', 'C_014');
INSERT INTO individualplaene VALUES('IVP_020', TO_DATE('2021-09-02', 'YYYY-MM-DD'), TO_DATE('2021-10-16', 'YYYY-MM-DD'), 'TP_01', 'C_015');
INSERT INTO individualplaene VALUES('IVP_021', TO_DATE('2021-01-11', 'YYYY-MM-DD'), TO_DATE('2021-04-11', 'YYYY-MM-DD'), 'TP_04', 'C_016');
INSERT INTO individualplaene VALUES('IVP_022', TO_DATE('2021-07-02', 'YYYY-MM-DD'), TO_DATE('2021-10-02', 'YYYY-MM-DD'), 'TP_02', 'C_016');
INSERT INTO individualplaene VALUES('IVP_023', TO_DATE('2021-09-06', 'YYYY-MM-DD'), TO_DATE('2021-10-20', 'YYYY-MM-DD'), 'TP_01', 'C_017');
INSERT INTO individualplaene VALUES('IVP_024', TO_DATE('2021-10-26', 'YYYY-MM-DD'), TO_DATE('2022-01-26', 'YYYY-MM-DD'), 'TP_04', 'C_018');
INSERT INTO individualplaene VALUES('IVP_025', TO_DATE('2021-10-05', 'YYYY-MM-DD'), TO_DATE('2021-11-19', 'YYYY-MM-DD'), 'TP_01', 'C_018');
INSERT INTO individualplaene VALUES('IVP_026', TO_DATE('2021-07-04', 'YYYY-MM-DD'), TO_DATE('2021-08-18', 'YYYY-MM-DD'), 'TP_01', 'C_019');
INSERT INTO individualplaene VALUES('IVP_027', TO_DATE('2021-04-18', 'YYYY-MM-DD'), TO_DATE('2021-06-18', 'YYYY-MM-DD'), 'TP_03', 'C_019');
INSERT INTO individualplaene VALUES('IVP_028', TO_DATE('2021-12-16', 'YYYY-MM-DD'), TO_DATE('2022-02-16', 'YYYY-MM-DD'), 'TP_03', 'C_020');
INSERT INTO individualplaene VALUES('IVP_029', TO_DATE('2021-08-15', 'YYYY-MM-DD'), TO_DATE('2021-10-15', 'YYYY-MM-DD'), 'TP_03', 'C_020');
INSERT INTO individualplaene VALUES('IVP_030', TO_DATE('2021-10-19', 'YYYY-MM-DD'), TO_DATE('2021-12-02', 'YYYY-MM-DD'), 'TP_01', 'C_021');
INSERT INTO individualplaene VALUES('IVP_031', TO_DATE('2021-07-18', 'YYYY-MM-DD'), TO_DATE('2021-10-18', 'YYYY-MM-DD'), 'TP_04', 'C_021');
INSERT INTO individualplaene VALUES('IVP_032', TO_DATE('2021-07-11', 'YYYY-MM-DD'), TO_DATE('2021-08-25', 'YYYY-MM-DD'), 'TP_01', 'C_022');
INSERT INTO individualplaene VALUES('IVP_033', TO_DATE('2021-10-25', 'YYYY-MM-DD'), TO_DATE('2022-01-25', 'YYYY-MM-DD'), 'TP_05', 'C_023');
INSERT INTO individualplaene VALUES('IVP_034', TO_DATE('2021-02-03', 'YYYY-MM-DD'), TO_DATE('2021-04-03', 'YYYY-MM-DD'), 'TP_03', 'C_024');
INSERT INTO individualplaene VALUES('IVP_035', TO_DATE('2021-02-04', 'YYYY-MM-DD'), TO_DATE('2021-05-04', 'YYYY-MM-DD'), 'TP_05', 'C_024');
INSERT INTO individualplaene VALUES('IVP_036', TO_DATE('2021-11-28', 'YYYY-MM-DD'), TO_DATE('2022-02-28', 'YYYY-MM-DD'), 'TP_04', 'C_025');
INSERT INTO individualplaene VALUES('IVP_037', TO_DATE('2021-01-28', 'YYYY-MM-DD'), TO_DATE('2021-04-28', 'YYYY-MM-DD'), 'TP_04', 'C_025');
INSERT INTO individualplaene VALUES('IVP_038', TO_DATE('2021-01-10', 'YYYY-MM-DD'), TO_DATE('2021-04-10', 'YYYY-MM-DD'), 'TP_02', 'C_026');
INSERT INTO individualplaene VALUES('IVP_039', TO_DATE('2021-10-14', 'YYYY-MM-DD'), TO_DATE('2022-01-14', 'YYYY-MM-DD'), 'TP_02', 'C_026');
INSERT INTO individualplaene VALUES('IVP_040', TO_DATE('2021-03-30', 'YYYY-MM-DD'), TO_DATE('2021-05-30', 'YYYY-MM-DD'), 'TP_03', 'C_027');
INSERT INTO individualplaene VALUES('IVP_041', TO_DATE('2021-04-02', 'YYYY-MM-DD'), TO_DATE('2021-07-02', 'YYYY-MM-DD'), 'TP_02', 'C_027');
INSERT INTO individualplaene VALUES('IVP_042', TO_DATE('2021-09-09', 'YYYY-MM-DD'), TO_DATE('2021-12-09', 'YYYY-MM-DD'), 'TP_02', 'C_028');
INSERT INTO individualplaene VALUES('IVP_043', TO_DATE('2021-09-11', 'YYYY-MM-DD'), TO_DATE('2021-12-11', 'YYYY-MM-DD'), 'TP_05', 'C_029');
INSERT INTO individualplaene VALUES('IVP_044', TO_DATE('2021-09-29', 'YYYY-MM-DD'), TO_DATE('2021-12-29', 'YYYY-MM-DD'), 'TP_02', 'C_030');
INSERT INTO individualplaene VALUES('IVP_045', TO_DATE('2021-04-13', 'YYYY-MM-DD'), TO_DATE('2021-05-27', 'YYYY-MM-DD'), 'TP_01', 'C_030');

COMMIT;

------------------------------------------------------------------------------------------------------------------------
-- Populate table durchfuehrungen
------------------------------------------------------------------------------------------------------------------------

INSERT INTO durchfuehrungen VALUES ('DRF_001', 6, 1, 1, 0, 1, 'TE_01', 'TP_01');
INSERT INTO durchfuehrungen VALUES ('DRF_002', 7, 10, 2, 120, 2, 'TE_01', 'TP_01');
INSERT INTO durchfuehrungen VALUES ('DRF_003', 8, 10, 2, 120, 3, 'TE_01', 'TP_01');
INSERT INTO durchfuehrungen VALUES ('DRF_004', 6, 12, 3, 90, 4, 'TE_01', 'TP_01');
INSERT INTO durchfuehrungen VALUES ('DRF_005', 7, 12, 3, 90, 5, 'TE_01', 'TP_01');
INSERT INTO durchfuehrungen VALUES ('DRF_006', 8, 12, 3, 90, 6, 'TE_01', 'TP_01');
INSERT INTO durchfuehrungen VALUES ('DRF_007', 7, 15, 2, 60, 7, 'TE_01', 'TP_01');
INSERT INTO durchfuehrungen VALUES ('DRF_008', 7, 15, 2, 60, 8, 'TE_01', 'TP_01');
INSERT INTO durchfuehrungen VALUES ('DRF_009', 7, 10, 3, 90, 1, 'TE_01', 'TP_02');
INSERT INTO durchfuehrungen VALUES ('DRF_010', 8, 10, 2, 90, 2, 'TE_01', 'TP_02');
INSERT INTO durchfuehrungen VALUES ('DRF_011', 7, 12, 3, 120, 3, 'TE_01', 'TP_02');
INSERT INTO durchfuehrungen VALUES ('DRF_012', 9, 8, 1, 120, 4, 'TE_01', 'TP_02');
INSERT INTO durchfuehrungen VALUES ('DRF_013', 8, 10, 2, 90, 5, 'TE_01', 'TP_02');
INSERT INTO durchfuehrungen VALUES ('DRF_014', 9, 6, 3, 150, 6, 'TE_01', 'TP_02');
INSERT INTO durchfuehrungen VALUES ('DRF_015', 8, 10, 3, 90, 7, 'TE_01', 'TP_02');
INSERT INTO durchfuehrungen VALUES ('DRF_016', 7, 15, 2, 60, 8, 'TE_01', 'TP_02');
INSERT INTO durchfuehrungen VALUES ('DRF_017', 8, 12, 3, 60, 1, 'TE_01', 'TP_03');
INSERT INTO durchfuehrungen VALUES ('DRF_018', 8, 12, 4, 60, 2, 'TE_01', 'TP_03');
INSERT INTO durchfuehrungen VALUES ('DRF_019', 9, 10, 2, 150, 3, 'TE_01', 'TP_03');
INSERT INTO durchfuehrungen VALUES ('DRF_020', 9, 8, 3, 120, 4, 'TE_01', 'TP_03');
INSERT INTO durchfuehrungen VALUES ('DRF_021', 9, 6, 3, 120, 5, 'TE_01', 'TP_03');
INSERT INTO durchfuehrungen VALUES ('DRF_022', 8, 10, 4, 90, 6, 'TE_01', 'TP_03');
INSERT INTO durchfuehrungen VALUES ('DRF_023', 9, 5, 5, 120, 7, 'TE_01', 'TP_03');
INSERT INTO durchfuehrungen VALUES ('DRF_024', 9, 5, 3, 120, 8, 'TE_01', 'TP_03');
INSERT INTO durchfuehrungen VALUES ('DRF_025', 6, 20, 1, 60, 1, 'TE_01', 'TP_04');
INSERT INTO durchfuehrungen VALUES ('DRF_026', 6, 15, 2, 60, 2, 'TE_01', 'TP_04');
INSERT INTO durchfuehrungen VALUES ('DRF_027', 7, 12, 3, 90, 3, 'TE_01', 'TP_04');
INSERT INTO durchfuehrungen VALUES ('DRF_028', 7, 12, 3, 60, 4, 'TE_01', 'TP_04');
INSERT INTO durchfuehrungen VALUES ('DRF_029', 8, 10, 4, 90, 5, 'TE_01', 'TP_04');
INSERT INTO durchfuehrungen VALUES ('DRF_030', 8, 10, 3, 120, 6, 'TE_01', 'TP_04');
INSERT INTO durchfuehrungen VALUES ('DRF_031', 9, 8, 3, 120, 7, 'TE_01', 'TP_04');
INSERT INTO durchfuehrungen VALUES ('DRF_032', 9, 6, 4, 150, 8, 'TE_01', 'TP_04');
INSERT INTO durchfuehrungen VALUES ('DRF_033', 10, 8, 1, 120, 1, 'TE_01', 'TP_05');
INSERT INTO durchfuehrungen VALUES ('DRF_034', 9, 10, 3, 90, 2, 'TE_01', 'TP_05');
INSERT INTO durchfuehrungen VALUES ('DRF_035', 9, 10, 2, 60, 3, 'TE_01', 'TP_05');
INSERT INTO durchfuehrungen VALUES ('DRF_036', 8, 12, 3, 60, 4, 'TE_01', 'TP_05');
INSERT INTO durchfuehrungen VALUES ('DRF_037', 8, 12, 2, 90, 5, 'TE_01', 'TP_05');
INSERT INTO durchfuehrungen VALUES ('DRF_038', 8, 12, 1, 45, 6, 'TE_01', 'TP_05');
INSERT INTO durchfuehrungen VALUES ('DRF_039', 7, 15, 3, 45, 7, 'TE_01', 'TP_05');
INSERT INTO durchfuehrungen VALUES ('DRF_040', 7, 15, 2, 60, 8, 'TE_01', 'TP_05');

COMMIT;

------------------------------------------------------------------------------------------------------------------------
-- Populate table wird_eingeteilit_in
------------------------------------------------------------------------------------------------------------------------

INSERT INTO wird_eingeteilt_in VALUES ('M_01','AE_001');
INSERT INTO wird_eingeteilt_in VALUES ('M_02','AE_002');
INSERT INTO wird_eingeteilt_in VALUES ('M_03','AE_003');
INSERT INTO wird_eingeteilt_in VALUES ('M_04','AE_004');
INSERT INTO wird_eingeteilt_in VALUES ('M_05','AE_005');
INSERT INTO wird_eingeteilt_in VALUES ('M_06','AE_006');
INSERT INTO wird_eingeteilt_in VALUES ('M_07','AE_007');
INSERT INTO wird_eingeteilt_in VALUES ('M_08','AE_008');
INSERT INTO wird_eingeteilt_in VALUES ('M_09','AE_009');
INSERT INTO wird_eingeteilt_in VALUES ('M_01','AE_010');
INSERT INTO wird_eingeteilt_in VALUES ('M_02','AE_011');
INSERT INTO wird_eingeteilt_in VALUES ('M_03','AE_012');
INSERT INTO wird_eingeteilt_in VALUES ('M_04','AE_013');
INSERT INTO wird_eingeteilt_in VALUES ('M_05','AE_014');
INSERT INTO wird_eingeteilt_in VALUES ('M_06','AE_015');
INSERT INTO wird_eingeteilt_in VALUES ('M_07','AE_016');
INSERT INTO wird_eingeteilt_in VALUES ('M_08','AE_017');
INSERT INTO wird_eingeteilt_in VALUES ('M_09','AE_018');
INSERT INTO wird_eingeteilt_in VALUES ('M_01','AE_019');
INSERT INTO wird_eingeteilt_in VALUES ('M_02','AE_020');
INSERT INTO wird_eingeteilt_in VALUES ('M_03','AE_021');
INSERT INTO wird_eingeteilt_in VALUES ('M_04','AE_022');
INSERT INTO wird_eingeteilt_in VALUES ('M_05','AE_023');
INSERT INTO wird_eingeteilt_in VALUES ('M_06','AE_024');
INSERT INTO wird_eingeteilt_in VALUES ('M_07','AE_025');
INSERT INTO wird_eingeteilt_in VALUES ('M_08','AE_026');
INSERT INTO wird_eingeteilt_in VALUES ('M_09','AE_027');
INSERT INTO wird_eingeteilt_in VALUES ('M_04','AE_028');
INSERT INTO wird_eingeteilt_in VALUES ('M_05','AE_029');
INSERT INTO wird_eingeteilt_in VALUES ('M_06','AE_030');

COMMIT;

------------------------------------------------------------------------------------------------------------------------
-- Populate table ist_teilnehmer
------------------------------------------------------------------------------------------------------------------------

INSERT INTO ist_teilnehmer VALUES ('KRS_00', 'C_001');
INSERT INTO ist_teilnehmer VALUES ('KRS_00', 'C_002');
INSERT INTO ist_teilnehmer VALUES ('KRS_00', 'C_004');
INSERT INTO ist_teilnehmer VALUES ('KRS_00', 'C_006');
INSERT INTO ist_teilnehmer VALUES ('KRS_00', 'C_007');
INSERT INTO ist_teilnehmer VALUES ('KRS_00', 'C_008');
INSERT INTO ist_teilnehmer VALUES ('KRS_00', 'C_009');
INSERT INTO ist_teilnehmer VALUES ('KRS_00', 'C_010');
INSERT INTO ist_teilnehmer VALUES ('KRS_00', 'C_012');
INSERT INTO ist_teilnehmer VALUES ('KRS_00', 'C_014');
INSERT INTO ist_teilnehmer VALUES ('KRS_00', 'C_015');
INSERT INTO ist_teilnehmer VALUES ('KRS_00', 'C_020');
INSERT INTO ist_teilnehmer VALUES ('KRS_00', 'C_024');
INSERT INTO ist_teilnehmer VALUES ('KRS_00', 'C_027');
INSERT INTO ist_teilnehmer VALUES ('KRS_00', 'C_001');
INSERT INTO ist_teilnehmer VALUES ('KRS_01', 'C_001');
INSERT INTO ist_teilnehmer VALUES ('KRS_01', 'C_002');
INSERT INTO ist_teilnehmer VALUES ('KRS_01', 'C_003');
INSERT INTO ist_teilnehmer VALUES ('KRS_01', 'C_006');
INSERT INTO ist_teilnehmer VALUES ('KRS_01', 'C_007');
INSERT INTO ist_teilnehmer VALUES ('KRS_01', 'C_011');
INSERT INTO ist_teilnehmer VALUES ('KRS_01', 'C_012');
INSERT INTO ist_teilnehmer VALUES ('KRS_01', 'C_013');
INSERT INTO ist_teilnehmer VALUES ('KRS_01', 'C_026');
INSERT INTO ist_teilnehmer VALUES ('KRS_01', 'C_027');
INSERT INTO ist_teilnehmer VALUES ('KRS_02', 'C_001');
INSERT INTO ist_teilnehmer VALUES ('KRS_02', 'C_002');
INSERT INTO ist_teilnehmer VALUES ('KRS_02', 'C_003');
INSERT INTO ist_teilnehmer VALUES ('KRS_02', 'C_009');
INSERT INTO ist_teilnehmer VALUES ('KRS_02', 'C_012');
INSERT INTO ist_teilnehmer VALUES ('KRS_02', 'C_016');
INSERT INTO ist_teilnehmer VALUES ('KRS_02', 'C_018');
INSERT INTO ist_teilnehmer VALUES ('KRS_02', 'C_019');
INSERT INTO ist_teilnehmer VALUES ('KRS_03', 'C_018');
INSERT INTO ist_teilnehmer VALUES ('KRS_03', 'C_019');
INSERT INTO ist_teilnehmer VALUES ('KRS_03', 'C_023');
INSERT INTO ist_teilnehmer VALUES ('KRS_03', 'C_026');
INSERT INTO ist_teilnehmer VALUES ('KRS_03', 'C_002');
INSERT INTO ist_teilnehmer VALUES ('KRS_03', 'C_005');
INSERT INTO ist_teilnehmer VALUES ('KRS_04', 'C_006');
INSERT INTO ist_teilnehmer VALUES ('KRS_04', 'C_007');
INSERT INTO ist_teilnehmer VALUES ('KRS_04', 'C_008');
INSERT INTO ist_teilnehmer VALUES ('KRS_04', 'C_009');
INSERT INTO ist_teilnehmer VALUES ('KRS_04', 'C_010');
INSERT INTO ist_teilnehmer VALUES ('KRS_04', 'C_011');
INSERT INTO ist_teilnehmer VALUES ('KRS_04', 'C_012');
INSERT INTO ist_teilnehmer VALUES ('KRS_04', 'C_013');
INSERT INTO ist_teilnehmer VALUES ('KRS_04', 'C_014');
INSERT INTO ist_teilnehmer VALUES ('KRS_04', 'C_015');
INSERT INTO ist_teilnehmer VALUES ('KRS_04', 'C_016');
INSERT INTO ist_teilnehmer VALUES ('KRS_04', 'C_017');
INSERT INTO ist_teilnehmer VALUES ('KRS_04', 'C_018');
INSERT INTO ist_teilnehmer VALUES ('KRS_04', 'C_019');
INSERT INTO ist_teilnehmer VALUES ('KRS_04', 'C_020');
INSERT INTO ist_teilnehmer VALUES ('KRS_04', 'C_021');
INSERT INTO ist_teilnehmer VALUES ('KRS_04', 'C_022');
INSERT INTO ist_teilnehmer VALUES ('KRS_04', 'C_023');
INSERT INTO ist_teilnehmer VALUES ('KRS_04', 'C_024');
INSERT INTO ist_teilnehmer VALUES ('KRS_04', 'C_025');
INSERT INTO ist_teilnehmer VALUES ('KRS_04', 'C_026');
INSERT INTO ist_teilnehmer VALUES ('KRS_04', 'C_027');
INSERT INTO ist_teilnehmer VALUES ('KRS_04', 'C_028');
INSERT INTO ist_teilnehmer VALUES ('KRS_04', 'C_002');
INSERT INTO ist_teilnehmer VALUES ('KRS_04', 'C_001');
INSERT INTO ist_teilnehmer VALUES ('KRS_05', 'C_004');
INSERT INTO ist_teilnehmer VALUES ('KRS_05', 'C_005');
INSERT INTO ist_teilnehmer VALUES ('KRS_05', 'C_006');
INSERT INTO ist_teilnehmer VALUES ('KRS_05', 'C_007');
INSERT INTO ist_teilnehmer VALUES ('KRS_05', 'C_008');
INSERT INTO ist_teilnehmer VALUES ('KRS_05', 'C_009');
INSERT INTO ist_teilnehmer VALUES ('KRS_05', 'C_010');
INSERT INTO ist_teilnehmer VALUES ('KRS_05', 'C_011');
INSERT INTO ist_teilnehmer VALUES ('KRS_05', 'C_012');
INSERT INTO ist_teilnehmer VALUES ('KRS_05', 'C_013');
INSERT INTO ist_teilnehmer VALUES ('KRS_05', 'C_014');
INSERT INTO ist_teilnehmer VALUES ('KRS_05', 'C_015');
INSERT INTO ist_teilnehmer VALUES ('KRS_05', 'C_016');
INSERT INTO ist_teilnehmer VALUES ('KRS_05', 'C_017');
INSERT INTO ist_teilnehmer VALUES ('KRS_05', 'C_018');
INSERT INTO ist_teilnehmer VALUES ('KRS_05', 'C_019');
INSERT INTO ist_teilnehmer VALUES ('KRS_05', 'C_020');
INSERT INTO ist_teilnehmer VALUES ('KRS_05', 'C_021');
INSERT INTO ist_teilnehmer VALUES ('KRS_05', 'C_022');
INSERT INTO ist_teilnehmer VALUES ('KRS_05', 'C_023');
INSERT INTO ist_teilnehmer VALUES ('KRS_06', 'C_001');
INSERT INTO ist_teilnehmer VALUES ('KRS_06', 'C_002');
INSERT INTO ist_teilnehmer VALUES ('KRS_06', 'C_003');
INSERT INTO ist_teilnehmer VALUES ('KRS_06', 'C_004');
INSERT INTO ist_teilnehmer VALUES ('KRS_06', 'C_005');
INSERT INTO ist_teilnehmer VALUES ('KRS_06', 'C_006');
INSERT INTO ist_teilnehmer VALUES ('KRS_06', 'C_007');
INSERT INTO ist_teilnehmer VALUES ('KRS_06', 'C_008');
INSERT INTO ist_teilnehmer VALUES ('KRS_06', 'C_009');
INSERT INTO ist_teilnehmer VALUES ('KRS_06', 'C_010');
INSERT INTO ist_teilnehmer VALUES ('KRS_06', 'C_011');
INSERT INTO ist_teilnehmer VALUES ('KRS_06', 'C_012');
INSERT INTO ist_teilnehmer VALUES ('KRS_06', 'C_013');
INSERT INTO ist_teilnehmer VALUES ('KRS_06', 'C_014');
INSERT INTO ist_teilnehmer VALUES ('KRS_06', 'C_015');
INSERT INTO ist_teilnehmer VALUES ('KRS_06', 'C_016');
INSERT INTO ist_teilnehmer VALUES ('KRS_06', 'C_017');
INSERT INTO ist_teilnehmer VALUES ('KRS_06', 'C_018');
INSERT INTO ist_teilnehmer VALUES ('KRS_06', 'C_019');
INSERT INTO ist_teilnehmer VALUES ('KRS_06', 'C_020');
INSERT INTO ist_teilnehmer VALUES ('KRS_06', 'C_021');
INSERT INTO ist_teilnehmer VALUES ('KRS_06', 'C_026');

COMMIT;

------------------------------------------------------------------------------------------------------------------------
-- Populate table kundenvertraege
------------------------------------------------------------------------------------------------------------------------

INSERT INTO kundenvertraege VALUES ('KV_001', 'All Inclusive', TO_DATE('2019-09-10', 'YYYY-MM-DD'), 24, '34,90', '90,05', 'C_001');
INSERT INTO kundenvertraege VALUES ('KV_002', 'Basic', TO_DATE('2020-10-12', 'YYYY-MM-DD'), 12, '29,90', '63,88', 'C_002');
INSERT INTO kundenvertraege VALUES ('KV_003', 'Schüler/Student',  TO_DATE('2021-03-25', 'YYYY-MM-DD'), 6, '29,90', '49,49', 'C_003');
INSERT INTO kundenvertraege VALUES ('KV_004', 'All Inclusive',  TO_DATE('2020-11-12', 'YYYY-MM-DD'), 24, '29,90', '88,88', 'C_004');
INSERT INTO kundenvertraege VALUES ('KV_005', 'Schüler/Student',  TO_DATE('2021-06-21', 'YYYY-MM-DD'), 6, '29,90', '83,32', 'C_005');
INSERT INTO kundenvertraege VALUES ('KV_006', 'Reha-Sport',  TO_DATE('2021-02-23', 'YYYY-MM-DD'), 6, '39,90', '39,77', 'C_006');
INSERT INTO kundenvertraege VALUES ('KV_007', 'All Inclusive',  TO_DATE('2020-08-24', 'YYYY-MM-DD'), 12, '39,90', '43,15', 'C_007');
INSERT INTO kundenvertraege VALUES ('KV_008', 'Basic',  TO_DATE('2019-11-19', 'YYYY-MM-DD'), 24, '24,90', '33,38', 'C_008');
INSERT INTO kundenvertraege VALUES ('KV_009', 'Schüler/Student', TO_DATE('2021-04-26', 'YYYY-MM-DD'), 12, '24,90', '45,44', 'C_009');
INSERT INTO kundenvertraege VALUES ('KV_010', 'Basic', TO_DATE('2020-12-24','YYYY-MM-DD') , 36, '29,90', '33,25', 'C_010');
INSERT INTO kundenvertraege VALUES ('KV_011', 'Reha-Sport',TO_DATE('2021-01-01','YYYY-MM-DD'), 12, '34,90', '67,39', 'C_011');
INSERT INTO kundenvertraege VALUES ('KV_012', 'All Inclusive', TO_DATE('2021-02-27','YYYY-MM-DD'), 24, '34,90', '22,16', 'C_012');
INSERT INTO kundenvertraege VALUES ('KV_013', 'Reha-Sport',TO_DATE('2021-5-23','YYYY-MM-DD') , 6, '39,90', '43,41', 'C_013');
INSERT INTO kundenvertraege VALUES ('KV_014', 'Schüler/Student', TO_DATE('2020-02-03','YYYY-MM-DD') , 24, '19,90', '31,67', 'C_014');
INSERT INTO kundenvertraege VALUES ('KV_015', 'Basic', TO_DATE('2020-09-13','YYYY-MM-DD') , 12, '29,90', '84,70', 'C_015');
INSERT INTO kundenvertraege VALUES ('KV_016', 'All Inclusive', TO_DATE('2020-10-10','YYYY-MM-DD') , 12, '39,90', '95,51', 'C_016');
INSERT INTO kundenvertraege VALUES ('KV_017', 'Reha-Sport',TO_DATE('2021-03-20','YYYY-MM-DD') , 12, '34,90', '81,58', 'C_017');
INSERT INTO kundenvertraege VALUES ('KV_018', 'Reha-Sport',TO_DATE('2021-02-01','YYYY-MM-DD') , 6, '39,90', '92,86', 'C_018');
INSERT INTO kundenvertraege VALUES ('KV_019', 'Schüler/Student', TO_DATE('2019-12-20','YYYY-MM-DD') , 24, '16,90', '68,02', 'C_019');
INSERT INTO kundenvertraege VALUES ('KV_020', 'All Inclusive', TO_DATE('2021-03-23','YYYY-MM-DD') , 12, '39,90', '23,64', 'C_020');
INSERT INTO kundenvertraege VALUES ('KV_021', 'Basic', TO_DATE('2021-04-23','YYYY-MM-DD') , 6, '34,90', '25,76', 'C_021');
INSERT INTO kundenvertraege VALUES ('KV_022', 'Reha-Sport',TO_DATE('2020-07-24','YYYY-MM-DD') , 24, '29,90', '83,18', 'C_022');
INSERT INTO kundenvertraege VALUES ('KV_023', 'All Inclusive', TO_DATE('2019-09-02','YYYY-MM-DD') , 24, '29,90', '67,78', 'C_023');
INSERT INTO kundenvertraege VALUES ('KV_024', 'Basic',TO_DATE('2020-02-04','YYYY-MM-DD') , 24, '24,90', '49,90', 'C_024');
INSERT INTO kundenvertraege VALUES ('KV_025', 'Schüler/Student', TO_DATE('2021-05-20','YYYY-MM-DD') , 12, '24,90', '89,86', 'C_025');
INSERT INTO kundenvertraege VALUES ('KV_026', 'Basic', TO_DATE('2021-03-12','YYYY-MM-DD') , 6, '34,90', '61,89', 'C_026');
INSERT INTO kundenvertraege VALUES ('KV_027', 'All Inclusive', TO_DATE('2020-07-05','YYYY-MM-DD') , 24, '29,90', '48,70', 'C_027');
INSERT INTO kundenvertraege VALUES ('KV_028', 'Reha-Sport',TO_DATE('2021-03-25','YYYY-MM-DD') , 6, '39,90', '89,86', 'C_028');
INSERT INTO kundenvertraege VALUES ('KV_029', 'Basic', TO_DATE('2020-11-24','YYYY-MM-DD') , 12, '29,90', '20,77', 'C_029');
INSERT INTO kundenvertraege VALUES ('KV_030', 'All Inclusive', TO_DATE('2020-06-25','YYYY-MM-DD') , 24, '34,90', '60,74', 'C_030');

COMMIT;

------------------------------------------------------------------------------------------------------------------------
-- Populate table KUNDENVERTRAEGE
------------------------------------------------------------------------------------------------------------------------

INSERT INTO indi_durchfuehrungen VALUES('IDRF_0000', 7, 1, 1, 0, TO_DATE('2021-08-20', 'YYYY-MM-DD'), 'IVP_000', 'TE_00');
INSERT INTO indi_durchfuehrungen VALUES('IDRF_0001', 7, 9, 1, 90, TO_DATE('2021-08-20', 'YYYY-MM-DD'), 'IVP_000', 'TE_01');
INSERT INTO indi_durchfuehrungen VALUES('IDRF_0002', 5, 10, 1, 90, TO_DATE('2021-08-20', 'YYYY-MM-DD'), 'IVP_000', 'TE_02');
INSERT INTO indi_durchfuehrungen VALUES('IDRF_0003', 7, 10, 1, 120, TO_DATE('2021-08-20', 'YYYY-MM-DD'), 'IVP_000', 'TE_03');
INSERT INTO indi_durchfuehrungen VALUES('IDRF_0004', 10, 10, 3, 60, TO_DATE('2021-08-20', 'YYYY-MM-DD'), 'IVP_000', 'TE_04');
INSERT INTO indi_durchfuehrungen VALUES('IDRF_0005', 10, 11, 2, 60, TO_DATE('2021-08-20', 'YYYY-MM-DD'), 'IVP_000', 'TE_05');
INSERT INTO indi_durchfuehrungen VALUES('IDRF_0006', 7, 11, 2, 90, TO_DATE('2021-08-20', 'YYYY-MM-DD'), 'IVP_000', 'TE_06');
INSERT INTO indi_durchfuehrungen VALUES('IDRF_0007', 5, 8, 1, 120, TO_DATE('2021-08-20', 'YYYY-MM-DD'), 'IVP_000', 'TE_07');
INSERT INTO indi_durchfuehrungen VALUES('IDRF_0008', 7, 1, 1, 0, TO_DATE('2021-09-23', 'YYYY-MM-DD'), 'IVP_000', 'TE_00');
INSERT INTO indi_durchfuehrungen VALUES('IDRF_0009', 9, 10, 1, 90, TO_DATE('2021-09-23', 'YYYY-MM-DD'), 'IVP_000', 'TE_01');
INSERT INTO indi_durchfuehrungen VALUES('IDRF_0010', 5, 10, 2, 60, TO_DATE('2021-09-23', 'YYYY-MM-DD'), 'IVP_000', 'TE_02');
INSERT INTO indi_durchfuehrungen VALUES('IDRF_0011', 6, 8, 3, 120, TO_DATE('2021-09-23', 'YYYY-MM-DD'), 'IVP_000', 'TE_03');
INSERT INTO indi_durchfuehrungen VALUES('IDRF_0012', 8, 11, 1, 60, TO_DATE('2021-09-23', 'YYYY-MM-DD'), 'IVP_000', 'TE_04');
INSERT INTO indi_durchfuehrungen VALUES('IDRF_0013', 8, 10, 3, 60, TO_DATE('2021-09-23', 'YYYY-MM-DD'), 'IVP_000', 'TE_05');
INSERT INTO indi_durchfuehrungen VALUES('IDRF_0014', 5, 8, 2, 120, TO_DATE('2021-09-23', 'YYYY-MM-DD'), 'IVP_000', 'TE_06');
INSERT INTO indi_durchfuehrungen VALUES('IDRF_0015', 5, 9, 1, 120, TO_DATE('2021-09-23', 'YYYY-MM-DD'), 'IVP_000', 'TE_07');
INSERT INTO indi_durchfuehrungen VALUES('IDRF_0016', 7, 1, 1, 0, TO_DATE('2021-12-07', 'YYYY-MM-DD'), 'IVP_000', 'TE_00');
INSERT INTO indi_durchfuehrungen VALUES('IDRF_0017', 8, 8, 3, 120, TO_DATE('2021-12-07', 'YYYY-MM-DD'), 'IVP_000', 'TE_01');
INSERT INTO indi_durchfuehrungen VALUES('IDRF_0018', 6, 8, 2, 120, TO_DATE('2021-12-07', 'YYYY-MM-DD'), 'IVP_000', 'TE_02');
INSERT INTO indi_durchfuehrungen VALUES('IDRF_0019', 8, 8, 3, 90, TO_DATE('2021-12-07', 'YYYY-MM-DD'), 'IVP_000', 'TE_03');
INSERT INTO indi_durchfuehrungen VALUES('IDRF_0020', 7, 10, 2, 90, TO_DATE('2021-12-07', 'YYYY-MM-DD'), 'IVP_000', 'TE_04');
INSERT INTO indi_durchfuehrungen VALUES('IDRF_0021', 9, 11, 3, 90, TO_DATE('2021-12-07', 'YYYY-MM-DD'), 'IVP_000', 'TE_05');
INSERT INTO indi_durchfuehrungen VALUES('IDRF_0022', 8, 8, 1, 60, TO_DATE('2021-12-07', 'YYYY-MM-DD'), 'IVP_000', 'TE_06');
INSERT INTO indi_durchfuehrungen VALUES('IDRF_0023', 10, 11, 3, 120, TO_DATE('2021-12-07', 'YYYY-MM-DD'), 'IVP_000', 'TE_07');
INSERT INTO indi_durchfuehrungen VALUES('IDRF_0024', 7, 1, 1, 0, TO_DATE('2021-11-01', 'YYYY-MM-DD'), 'IVP_000', 'TE_00');
INSERT INTO indi_durchfuehrungen VALUES('IDRF_0025', 7, 9, 2, 120, TO_DATE('2021-11-01', 'YYYY-MM-DD'), 'IVP_000', 'TE_01');
INSERT INTO indi_durchfuehrungen VALUES('IDRF_0026', 5, 9, 1, 120, TO_DATE('2021-11-01', 'YYYY-MM-DD'), 'IVP_000', 'TE_02');
INSERT INTO indi_durchfuehrungen VALUES('IDRF_0027', 9, 10, 1, 60, TO_DATE('2021-11-01', 'YYYY-MM-DD'), 'IVP_000', 'TE_03');
INSERT INTO indi_durchfuehrungen VALUES('IDRF_0028', 9, 11, 1, 60, TO_DATE('2021-11-01', 'YYYY-MM-DD'), 'IVP_000', 'TE_04');
INSERT INTO indi_durchfuehrungen VALUES('IDRF_0029', 5, 8, 2, 90, TO_DATE('2021-11-01', 'YYYY-MM-DD'), 'IVP_000', 'TE_05');
INSERT INTO indi_durchfuehrungen VALUES('IDRF_0030', 10, 11, 2, 120, TO_DATE('2021-11-01', 'YYYY-MM-DD'), 'IVP_000', 'TE_06');
INSERT INTO indi_durchfuehrungen VALUES('IDRF_0031', 10, 8, 1, 90, TO_DATE('2021-11-01', 'YYYY-MM-DD'), 'IVP_000', 'TE_07');
INSERT INTO indi_durchfuehrungen VALUES('IDRF_0032', 7, 1, 1, 0, TO_DATE('2021-11-27', 'YYYY-MM-DD'), 'IVP_000', 'TE_00');
INSERT INTO indi_durchfuehrungen VALUES('IDRF_0033', 9, 10, 1, 120, TO_DATE('2021-11-27', 'YYYY-MM-DD'), 'IVP_000', 'TE_01');
INSERT INTO indi_durchfuehrungen VALUES('IDRF_0034', 9, 11, 2, 60, TO_DATE('2021-11-27', 'YYYY-MM-DD'), 'IVP_000', 'TE_02');
INSERT INTO indi_durchfuehrungen VALUES('IDRF_0035', 7, 8, 1, 60, TO_DATE('2021-11-27', 'YYYY-MM-DD'), 'IVP_000', 'TE_03');
INSERT INTO indi_durchfuehrungen VALUES('IDRF_0036', 9, 10, 1, 90, TO_DATE('2021-11-27', 'YYYY-MM-DD'), 'IVP_000', 'TE_04');
INSERT INTO indi_durchfuehrungen VALUES('IDRF_0037', 9, 10, 1, 120, TO_DATE('2021-11-27', 'YYYY-MM-DD'), 'IVP_000', 'TE_05');
INSERT INTO indi_durchfuehrungen VALUES('IDRF_0038', 5, 9, 3, 60, TO_DATE('2021-11-27', 'YYYY-MM-DD'), 'IVP_000', 'TE_06');
INSERT INTO indi_durchfuehrungen VALUES('IDRF_0039', 6, 10, 3, 90, TO_DATE('2021-11-27', 'YYYY-MM-DD'), 'IVP_000', 'TE_07');
INSERT INTO indi_durchfuehrungen VALUES('IDRF_0040', 7, 1, 1, 0, TO_DATE('2021-12-03', 'YYYY-MM-DD'), 'IVP_000', 'TE_00');
INSERT INTO indi_durchfuehrungen VALUES('IDRF_0041', 6, 8, 3, 120, TO_DATE('2021-12-03', 'YYYY-MM-DD'), 'IVP_000', 'TE_01');
INSERT INTO indi_durchfuehrungen VALUES('IDRF_0042', 6, 8, 3, 60, TO_DATE('2021-12-03', 'YYYY-MM-DD'), 'IVP_000', 'TE_02');
INSERT INTO indi_durchfuehrungen VALUES('IDRF_0043', 8, 9, 2, 120, TO_DATE('2021-12-03', 'YYYY-MM-DD'), 'IVP_000', 'TE_03');
INSERT INTO indi_durchfuehrungen VALUES('IDRF_0044', 5, 10, 3, 60, TO_DATE('2021-12-03', 'YYYY-MM-DD'), 'IVP_000', 'TE_04');
INSERT INTO indi_durchfuehrungen VALUES('IDRF_0045', 10, 9, 2, 90, TO_DATE('2021-12-03', 'YYYY-MM-DD'), 'IVP_000', 'TE_05');
INSERT INTO indi_durchfuehrungen VALUES('IDRF_0046', 10, 8, 2, 120, TO_DATE('2021-12-03', 'YYYY-MM-DD'), 'IVP_000', 'TE_06');
INSERT INTO indi_durchfuehrungen VALUES('IDRF_0047', 8, 8, 3, 60, TO_DATE('2021-12-03', 'YYYY-MM-DD'), 'IVP_000', 'TE_07');
INSERT INTO indi_durchfuehrungen VALUES('IDRF_0048', 7, 1, 1, 0, TO_DATE('2021-04-07', 'YYYY-MM-DD'), 'IVP_000', 'TE_00');
INSERT INTO indi_durchfuehrungen VALUES('IDRF_0049', 10, 10, 2, 120, TO_DATE('2021-04-07', 'YYYY-MM-DD'), 'IVP_000', 'TE_01');
INSERT INTO indi_durchfuehrungen VALUES('IDRF_0050', 5, 10, 1, 60, TO_DATE('2021-04-07', 'YYYY-MM-DD'), 'IVP_000', 'TE_02');
INSERT INTO indi_durchfuehrungen VALUES('IDRF_0051', 7, 11, 1, 120, TO_DATE('2021-04-07', 'YYYY-MM-DD'), 'IVP_000', 'TE_03');
INSERT INTO indi_durchfuehrungen VALUES('IDRF_0052', 6, 8, 3, 120, TO_DATE('2021-04-07', 'YYYY-MM-DD'), 'IVP_000', 'TE_04');
INSERT INTO indi_durchfuehrungen VALUES('IDRF_0053', 5, 11, 3, 120, TO_DATE('2021-04-07', 'YYYY-MM-DD'), 'IVP_000', 'TE_05');
INSERT INTO indi_durchfuehrungen VALUES('IDRF_0054', 10, 9, 3, 120, TO_DATE('2021-04-07', 'YYYY-MM-DD'), 'IVP_000', 'TE_06');
INSERT INTO indi_durchfuehrungen VALUES('IDRF_0055', 6, 9, 3, 90, TO_DATE('2021-04-07', 'YYYY-MM-DD'), 'IVP_000', 'TE_07');
INSERT INTO indi_durchfuehrungen VALUES('IDRF_0056', 7, 1, 1, 0, TO_DATE('2021-01-10', 'YYYY-MM-DD'), 'IVP_000', 'TE_00');
INSERT INTO indi_durchfuehrungen VALUES('IDRF_0057', 8, 9, 3, 120, TO_DATE('2021-01-10', 'YYYY-MM-DD'), 'IVP_000', 'TE_01');
INSERT INTO indi_durchfuehrungen VALUES('IDRF_0058', 6, 11, 3, 60, TO_DATE('2021-01-10', 'YYYY-MM-DD'), 'IVP_000', 'TE_02');
INSERT INTO indi_durchfuehrungen VALUES('IDRF_0059', 6, 10, 1, 120, TO_DATE('2021-01-10', 'YYYY-MM-DD'), 'IVP_000', 'TE_03');
INSERT INTO indi_durchfuehrungen VALUES('IDRF_0060', 8, 9, 3, 90, TO_DATE('2021-01-10', 'YYYY-MM-DD'), 'IVP_000', 'TE_04');
INSERT INTO indi_durchfuehrungen VALUES('IDRF_0061', 6, 8, 3, 60, TO_DATE('2021-01-10', 'YYYY-MM-DD'), 'IVP_000', 'TE_05');
INSERT INTO indi_durchfuehrungen VALUES('IDRF_0062', 10, 11, 1, 60, TO_DATE('2021-01-10', 'YYYY-MM-DD'), 'IVP_000', 'TE_06');
INSERT INTO indi_durchfuehrungen VALUES('IDRF_0063', 10, 8, 2, 120, TO_DATE('2021-01-10', 'YYYY-MM-DD'), 'IVP_000', 'TE_07');
INSERT INTO indi_durchfuehrungen VALUES('IDRF_0064', 7, 1, 1, 0, TO_DATE('2021-08-03', 'YYYY-MM-DD'), 'IVP_001', 'TE_08');
INSERT INTO indi_durchfuehrungen VALUES('IDRF_0065', 10, 10, 2, 90, TO_DATE('2021-08-03', 'YYYY-MM-DD'), 'IVP_001', 'TE_09');
INSERT INTO indi_durchfuehrungen VALUES('IDRF_0066', 9, 8, 1, 60, TO_DATE('2021-08-03', 'YYYY-MM-DD'), 'IVP_001', 'TE_10');
INSERT INTO indi_durchfuehrungen VALUES('IDRF_0067', 8, 11, 3, 60, TO_DATE('2021-08-03', 'YYYY-MM-DD'), 'IVP_001', 'TE_11');
INSERT INTO indi_durchfuehrungen VALUES('IDRF_0068', 10, 11, 2, 60, TO_DATE('2021-08-03', 'YYYY-MM-DD'), 'IVP_001', 'TE_12');
INSERT INTO indi_durchfuehrungen VALUES('IDRF_0069', 9, 9, 2, 60, TO_DATE('2021-08-03', 'YYYY-MM-DD'), 'IVP_001', 'TE_13');
INSERT INTO indi_durchfuehrungen VALUES('IDRF_0070', 9, 11, 1, 60, TO_DATE('2021-08-03', 'YYYY-MM-DD'), 'IVP_001', 'TE_14');
INSERT INTO indi_durchfuehrungen VALUES('IDRF_0071', 7, 1, 1, 0, TO_DATE('2021-08-03', 'YYYY-MM-DD'), 'IVP_001', 'TE_15');
INSERT INTO indi_durchfuehrungen VALUES('IDRF_0072', 7, 1, 1, 0, TO_DATE('2021-06-25', 'YYYY-MM-DD'), 'IVP_001', 'TE_08');
INSERT INTO indi_durchfuehrungen VALUES('IDRF_0073', 7, 8, 1, 120, TO_DATE('2021-06-25', 'YYYY-MM-DD'), 'IVP_001', 'TE_09');
INSERT INTO indi_durchfuehrungen VALUES('IDRF_0074', 6, 11, 2, 120, TO_DATE('2021-06-25', 'YYYY-MM-DD'), 'IVP_001', 'TE_10');
INSERT INTO indi_durchfuehrungen VALUES('IDRF_0075', 7, 10, 2, 90, TO_DATE('2021-06-25', 'YYYY-MM-DD'), 'IVP_001', 'TE_11');
INSERT INTO indi_durchfuehrungen VALUES('IDRF_0076', 6, 9, 3, 60, TO_DATE('2021-06-25', 'YYYY-MM-DD'), 'IVP_001', 'TE_12');
INSERT INTO indi_durchfuehrungen VALUES('IDRF_0077', 10, 11, 1, 90, TO_DATE('2021-06-25', 'YYYY-MM-DD'), 'IVP_001', 'TE_13');
INSERT INTO indi_durchfuehrungen VALUES('IDRF_0078', 9, 9, 2, 120, TO_DATE('2021-06-25', 'YYYY-MM-DD'), 'IVP_001', 'TE_14');
INSERT INTO indi_durchfuehrungen VALUES('IDRF_0079', 7, 1, 1, 0, TO_DATE('2021-06-25', 'YYYY-MM-DD'), 'IVP_001', 'TE_15');
INSERT INTO indi_durchfuehrungen VALUES('IDRF_0080', 7, 1, 1, 0, TO_DATE('2021-10-13', 'YYYY-MM-DD'), 'IVP_001', 'TE_08');
INSERT INTO indi_durchfuehrungen VALUES('IDRF_0081', 7, 9, 2, 120, TO_DATE('2021-10-13', 'YYYY-MM-DD'), 'IVP_001', 'TE_09');
INSERT INTO indi_durchfuehrungen VALUES('IDRF_0082', 8, 8, 1, 60, TO_DATE('2021-10-13', 'YYYY-MM-DD'), 'IVP_001', 'TE_10');
INSERT INTO indi_durchfuehrungen VALUES('IDRF_0083', 5, 8, 2, 90, TO_DATE('2021-10-13', 'YYYY-MM-DD'), 'IVP_001', 'TE_11');
INSERT INTO indi_durchfuehrungen VALUES('IDRF_0084', 7, 9, 2, 60, TO_DATE('2021-10-13', 'YYYY-MM-DD'), 'IVP_001', 'TE_12');
INSERT INTO indi_durchfuehrungen VALUES('IDRF_0085', 7, 9, 1, 120, TO_DATE('2021-10-13', 'YYYY-MM-DD'), 'IVP_001', 'TE_13');
INSERT INTO indi_durchfuehrungen VALUES('IDRF_0086', 6, 11, 1, 90, TO_DATE('2021-10-13', 'YYYY-MM-DD'), 'IVP_001', 'TE_14');
INSERT INTO indi_durchfuehrungen VALUES('IDRF_0087', 7, 1, 1, 0, TO_DATE('2021-10-13', 'YYYY-MM-DD'), 'IVP_001', 'TE_15');
INSERT INTO indi_durchfuehrungen VALUES('IDRF_0088', 7, 1, 1, 0, TO_DATE('2021-08-05', 'YYYY-MM-DD'), 'IVP_001', 'TE_08');
INSERT INTO indi_durchfuehrungen VALUES('IDRF_0089', 5, 10, 1, 90, TO_DATE('2021-08-05', 'YYYY-MM-DD'), 'IVP_001', 'TE_09');
INSERT INTO indi_durchfuehrungen VALUES('IDRF_0090', 6, 8, 1, 90, TO_DATE('2021-08-05', 'YYYY-MM-DD'), 'IVP_001', 'TE_10');
INSERT INTO indi_durchfuehrungen VALUES('IDRF_0091', 9, 9, 1, 90, TO_DATE('2021-08-05', 'YYYY-MM-DD'), 'IVP_001', 'TE_11');
INSERT INTO indi_durchfuehrungen VALUES('IDRF_0092', 10, 11, 2, 60, TO_DATE('2021-08-05', 'YYYY-MM-DD'), 'IVP_001', 'TE_12');
INSERT INTO indi_durchfuehrungen VALUES('IDRF_0093', 6, 11, 1, 90, TO_DATE('2021-08-05', 'YYYY-MM-DD'), 'IVP_001', 'TE_13');
INSERT INTO indi_durchfuehrungen VALUES('IDRF_0094', 8, 10, 1, 90, TO_DATE('2021-08-05', 'YYYY-MM-DD'), 'IVP_001', 'TE_14');
INSERT INTO indi_durchfuehrungen VALUES('IDRF_0095', 7, 1, 1, 0, TO_DATE('2021-08-05', 'YYYY-MM-DD'), 'IVP_001', 'TE_15');
INSERT INTO indi_durchfuehrungen VALUES('IDRF_0096', 7, 1, 1, 0, TO_DATE('2021-10-15', 'YYYY-MM-DD'), 'IVP_001', 'TE_08');
INSERT INTO indi_durchfuehrungen VALUES('IDRF_0097', 10, 10, 3, 120, TO_DATE('2021-10-15', 'YYYY-MM-DD'), 'IVP_001', 'TE_09');
INSERT INTO indi_durchfuehrungen VALUES('IDRF_0098', 5, 11, 2, 90, TO_DATE('2021-10-15', 'YYYY-MM-DD'), 'IVP_001', 'TE_10');
INSERT INTO indi_durchfuehrungen VALUES('IDRF_0099', 5, 9, 3, 60, TO_DATE('2021-10-15', 'YYYY-MM-DD'), 'IVP_001', 'TE_11');
INSERT INTO indi_durchfuehrungen VALUES('IDRF_0100', 6, 9, 2, 120, TO_DATE('2021-10-15', 'YYYY-MM-DD'), 'IVP_001', 'TE_12');
INSERT INTO indi_durchfuehrungen VALUES('IDRF_0101', 10, 9, 1, 60, TO_DATE('2021-10-15', 'YYYY-MM-DD'), 'IVP_001', 'TE_13');
INSERT INTO indi_durchfuehrungen VALUES('IDRF_0102', 9, 10, 1, 60, TO_DATE('2021-10-15', 'YYYY-MM-DD'), 'IVP_001', 'TE_14');
INSERT INTO indi_durchfuehrungen VALUES('IDRF_0103', 7, 1, 1, 0, TO_DATE('2021-10-15', 'YYYY-MM-DD'), 'IVP_001', 'TE_15');
INSERT INTO indi_durchfuehrungen VALUES('IDRF_0104', 7, 1, 1, 0, TO_DATE('2021-07-07', 'YYYY-MM-DD'), 'IVP_001', 'TE_08');
INSERT INTO indi_durchfuehrungen VALUES('IDRF_0105', 6, 9, 2, 60, TO_DATE('2021-07-07', 'YYYY-MM-DD'), 'IVP_001', 'TE_09');
INSERT INTO indi_durchfuehrungen VALUES('IDRF_0106', 9, 10, 1, 90, TO_DATE('2021-07-07', 'YYYY-MM-DD'), 'IVP_001', 'TE_10');
INSERT INTO indi_durchfuehrungen VALUES('IDRF_0107', 5, 11, 2, 60, TO_DATE('2021-07-07', 'YYYY-MM-DD'), 'IVP_001', 'TE_11');
INSERT INTO indi_durchfuehrungen VALUES('IDRF_0108', 8, 8, 1, 90, TO_DATE('2021-07-07', 'YYYY-MM-DD'), 'IVP_001', 'TE_12');
INSERT INTO indi_durchfuehrungen VALUES('IDRF_0109', 7, 9, 3, 120, TO_DATE('2021-07-07', 'YYYY-MM-DD'), 'IVP_001', 'TE_13');
INSERT INTO indi_durchfuehrungen VALUES('IDRF_0110', 6, 11, 3, 60, TO_DATE('2021-07-07', 'YYYY-MM-DD'), 'IVP_001', 'TE_14');
INSERT INTO indi_durchfuehrungen VALUES('IDRF_0111', 7, 1, 1, 0, TO_DATE('2021-07-07', 'YYYY-MM-DD'), 'IVP_001', 'TE_15');
INSERT INTO indi_durchfuehrungen VALUES('IDRF_0112', 7, 1, 1, 0, TO_DATE('2021-02-12', 'YYYY-MM-DD'), 'IVP_001', 'TE_08');
INSERT INTO indi_durchfuehrungen VALUES('IDRF_0113', 6, 10, 2, 90, TO_DATE('2021-02-12', 'YYYY-MM-DD'), 'IVP_001', 'TE_09');
INSERT INTO indi_durchfuehrungen VALUES('IDRF_0114', 8, 9, 1, 60, TO_DATE('2021-02-12', 'YYYY-MM-DD'), 'IVP_001', 'TE_10');
INSERT INTO indi_durchfuehrungen VALUES('IDRF_0115', 9, 11, 3, 60, TO_DATE('2021-02-12', 'YYYY-MM-DD'), 'IVP_001', 'TE_11');
INSERT INTO indi_durchfuehrungen VALUES('IDRF_0116', 7, 11, 1, 90, TO_DATE('2021-02-12', 'YYYY-MM-DD'), 'IVP_001', 'TE_12');
INSERT INTO indi_durchfuehrungen VALUES('IDRF_0117', 7, 9, 3, 90, TO_DATE('2021-02-12', 'YYYY-MM-DD'), 'IVP_001', 'TE_13');
INSERT INTO indi_durchfuehrungen VALUES('IDRF_0118', 8, 10, 3, 90, TO_DATE('2021-02-12', 'YYYY-MM-DD'), 'IVP_001', 'TE_14');
INSERT INTO indi_durchfuehrungen VALUES('IDRF_0119', 7, 1, 1, 0, TO_DATE('2021-02-12', 'YYYY-MM-DD'), 'IVP_001', 'TE_15');
INSERT INTO indi_durchfuehrungen VALUES('IDRF_0120', 7, 1, 1, 0, TO_DATE('2021-08-23', 'YYYY-MM-DD'), 'IVP_001', 'TE_08');
INSERT INTO indi_durchfuehrungen VALUES('IDRF_0121', 9, 11, 2, 120, TO_DATE('2021-08-23', 'YYYY-MM-DD'), 'IVP_001', 'TE_09');
INSERT INTO indi_durchfuehrungen VALUES('IDRF_0122', 9, 9, 3, 120, TO_DATE('2021-08-23', 'YYYY-MM-DD'), 'IVP_001', 'TE_10');
INSERT INTO indi_durchfuehrungen VALUES('IDRF_0123', 8, 10, 2, 90, TO_DATE('2021-08-23', 'YYYY-MM-DD'), 'IVP_001', 'TE_11');
INSERT INTO indi_durchfuehrungen VALUES('IDRF_0124', 9, 10, 3, 60, TO_DATE('2021-08-23', 'YYYY-MM-DD'), 'IVP_001', 'TE_12');
INSERT INTO indi_durchfuehrungen VALUES('IDRF_0125', 8, 9, 1, 60, TO_DATE('2021-08-23', 'YYYY-MM-DD'), 'IVP_001', 'TE_13');
INSERT INTO indi_durchfuehrungen VALUES('IDRF_0126', 7, 11, 1, 90, TO_DATE('2021-08-23', 'YYYY-MM-DD'), 'IVP_001', 'TE_14');
INSERT INTO indi_durchfuehrungen VALUES('IDRF_0127', 7, 1, 1, 0, TO_DATE('2021-08-23', 'YYYY-MM-DD'), 'IVP_001', 'TE_15');
INSERT INTO indi_durchfuehrungen VALUES('IDRF_0128', 7, 1, 1, 0, TO_DATE('2021-05-07', 'YYYY-MM-DD'), 'IVP_002', 'TE_32');
INSERT INTO indi_durchfuehrungen VALUES('IDRF_0129', 8, 10, 1, 90, TO_DATE('2021-05-07', 'YYYY-MM-DD'), 'IVP_002', 'TE_33');
INSERT INTO indi_durchfuehrungen VALUES('IDRF_0130', 5, 9, 1, 90, TO_DATE('2021-05-07', 'YYYY-MM-DD'), 'IVP_002', 'TE_34');
INSERT INTO indi_durchfuehrungen VALUES('IDRF_0131', 6, 8, 2, 120, TO_DATE('2021-05-07', 'YYYY-MM-DD'), 'IVP_002', 'TE_35');
INSERT INTO indi_durchfuehrungen VALUES('IDRF_0132', 8, 10, 1, 90, TO_DATE('2021-05-07', 'YYYY-MM-DD'), 'IVP_002', 'TE_36');
INSERT INTO indi_durchfuehrungen VALUES('IDRF_0133', 8, 10, 3, 60, TO_DATE('2021-05-07', 'YYYY-MM-DD'), 'IVP_002', 'TE_37');
INSERT INTO indi_durchfuehrungen VALUES('IDRF_0134', 10, 10, 3, 90, TO_DATE('2021-05-07', 'YYYY-MM-DD'), 'IVP_002', 'TE_38');
INSERT INTO indi_durchfuehrungen VALUES('IDRF_0135', 7, 9, 2, 60, TO_DATE('2021-05-07', 'YYYY-MM-DD'), 'IVP_002', 'TE_39');
INSERT INTO indi_durchfuehrungen VALUES('IDRF_0136', 7, 1, 1, 0, TO_DATE('2021-01-05', 'YYYY-MM-DD'), 'IVP_002', 'TE_32');
INSERT INTO indi_durchfuehrungen VALUES('IDRF_0137', 5, 9, 2, 60, TO_DATE('2021-01-05', 'YYYY-MM-DD'), 'IVP_002', 'TE_33');
INSERT INTO indi_durchfuehrungen VALUES('IDRF_0138', 10, 10, 2, 90, TO_DATE('2021-01-05', 'YYYY-MM-DD'), 'IVP_002', 'TE_34');
INSERT INTO indi_durchfuehrungen VALUES('IDRF_0139', 7, 8, 2, 90, TO_DATE('2021-01-05', 'YYYY-MM-DD'), 'IVP_002', 'TE_35');
INSERT INTO indi_durchfuehrungen VALUES('IDRF_0140', 9, 9, 1, 60, TO_DATE('2021-01-05', 'YYYY-MM-DD'), 'IVP_002', 'TE_36');
INSERT INTO indi_durchfuehrungen VALUES('IDRF_0141', 10, 11, 1, 90, TO_DATE('2021-01-05', 'YYYY-MM-DD'), 'IVP_002', 'TE_37');
INSERT INTO indi_durchfuehrungen VALUES('IDRF_0142', 7, 10, 2, 60, TO_DATE('2021-01-05', 'YYYY-MM-DD'), 'IVP_002', 'TE_38');
INSERT INTO indi_durchfuehrungen VALUES('IDRF_0143', 8, 11, 2, 90, TO_DATE('2021-01-05', 'YYYY-MM-DD'), 'IVP_002', 'TE_39');
INSERT INTO indi_durchfuehrungen VALUES('IDRF_0144', 7, 1, 1, 0, TO_DATE('2021-02-13', 'YYYY-MM-DD'), 'IVP_002', 'TE_32');
INSERT INTO indi_durchfuehrungen VALUES('IDRF_0145', 8, 9, 3, 90, TO_DATE('2021-02-13', 'YYYY-MM-DD'), 'IVP_002', 'TE_33');
INSERT INTO indi_durchfuehrungen VALUES('IDRF_0146', 9, 9, 3, 90, TO_DATE('2021-02-13', 'YYYY-MM-DD'), 'IVP_002', 'TE_34');
INSERT INTO indi_durchfuehrungen VALUES('IDRF_0147', 7, 10, 2, 90, TO_DATE('2021-02-13', 'YYYY-MM-DD'), 'IVP_002', 'TE_35');
INSERT INTO indi_durchfuehrungen VALUES('IDRF_0148', 6, 11, 1, 60, TO_DATE('2021-02-13', 'YYYY-MM-DD'), 'IVP_002', 'TE_36');
INSERT INTO indi_durchfuehrungen VALUES('IDRF_0149', 9, 11, 3, 90, TO_DATE('2021-02-13', 'YYYY-MM-DD'), 'IVP_002', 'TE_37');
INSERT INTO indi_durchfuehrungen VALUES('IDRF_0150', 6, 8, 2, 120, TO_DATE('2021-02-13', 'YYYY-MM-DD'), 'IVP_002', 'TE_38');
INSERT INTO indi_durchfuehrungen VALUES('IDRF_0151', 10, 10, 2, 60, TO_DATE('2021-02-13', 'YYYY-MM-DD'), 'IVP_002', 'TE_39');
INSERT INTO indi_durchfuehrungen VALUES('IDRF_0152', 7, 1, 1, 0, TO_DATE('2021-12-16', 'YYYY-MM-DD'), 'IVP_002', 'TE_32');
INSERT INTO indi_durchfuehrungen VALUES('IDRF_0153', 7, 8, 1, 60, TO_DATE('2021-12-16', 'YYYY-MM-DD'), 'IVP_002', 'TE_33');
INSERT INTO indi_durchfuehrungen VALUES('IDRF_0154', 7, 9, 3, 120, TO_DATE('2021-12-16', 'YYYY-MM-DD'), 'IVP_002', 'TE_34');
INSERT INTO indi_durchfuehrungen VALUES('IDRF_0155', 5, 10, 3, 90, TO_DATE('2021-12-16', 'YYYY-MM-DD'), 'IVP_002', 'TE_35');
INSERT INTO indi_durchfuehrungen VALUES('IDRF_0156', 9, 11, 3, 90, TO_DATE('2021-12-16', 'YYYY-MM-DD'), 'IVP_002', 'TE_36');
INSERT INTO indi_durchfuehrungen VALUES('IDRF_0157', 8, 8, 3, 90, TO_DATE('2021-12-16', 'YYYY-MM-DD'), 'IVP_002', 'TE_37');
INSERT INTO indi_durchfuehrungen VALUES('IDRF_0158', 9, 8, 3, 90, TO_DATE('2021-12-16', 'YYYY-MM-DD'), 'IVP_002', 'TE_38');
INSERT INTO indi_durchfuehrungen VALUES('IDRF_0159', 9, 9, 2, 90, TO_DATE('2021-12-16', 'YYYY-MM-DD'), 'IVP_002', 'TE_39');
INSERT INTO indi_durchfuehrungen VALUES('IDRF_0160', 7, 1, 1, 0, TO_DATE('2021-08-02', 'YYYY-MM-DD'), 'IVP_002', 'TE_32');
INSERT INTO indi_durchfuehrungen VALUES('IDRF_0161', 5, 9, 3, 120, TO_DATE('2021-08-02', 'YYYY-MM-DD'), 'IVP_002', 'TE_33');
INSERT INTO indi_durchfuehrungen VALUES('IDRF_0162', 10, 10, 1, 120, TO_DATE('2021-08-02', 'YYYY-MM-DD'), 'IVP_002', 'TE_34');
INSERT INTO indi_durchfuehrungen VALUES('IDRF_0163', 6, 8, 2, 60, TO_DATE('2021-08-02', 'YYYY-MM-DD'), 'IVP_002', 'TE_35');
INSERT INTO indi_durchfuehrungen VALUES('IDRF_0164', 5, 9, 1, 90, TO_DATE('2021-08-02', 'YYYY-MM-DD'), 'IVP_002', 'TE_36');
INSERT INTO indi_durchfuehrungen VALUES('IDRF_0165', 9, 10, 3, 120, TO_DATE('2021-08-02', 'YYYY-MM-DD'), 'IVP_002', 'TE_37');
INSERT INTO indi_durchfuehrungen VALUES('IDRF_0166', 8, 8, 1, 60, TO_DATE('2021-08-02', 'YYYY-MM-DD'), 'IVP_002', 'TE_38');
INSERT INTO indi_durchfuehrungen VALUES('IDRF_0167', 9, 10, 3, 120, TO_DATE('2021-08-02', 'YYYY-MM-DD'), 'IVP_002', 'TE_39');
INSERT INTO indi_durchfuehrungen VALUES('IDRF_0168', 7, 1, 1, 0, TO_DATE('2021-09-23', 'YYYY-MM-DD'), 'IVP_002', 'TE_32');
INSERT INTO indi_durchfuehrungen VALUES('IDRF_0169', 6, 8, 2, 90, TO_DATE('2021-09-23', 'YYYY-MM-DD'), 'IVP_002', 'TE_33');
INSERT INTO indi_durchfuehrungen VALUES('IDRF_0170', 10, 8, 1, 90, TO_DATE('2021-09-23', 'YYYY-MM-DD'), 'IVP_002', 'TE_34');
INSERT INTO indi_durchfuehrungen VALUES('IDRF_0171', 8, 9, 3, 60, TO_DATE('2021-09-23', 'YYYY-MM-DD'), 'IVP_002', 'TE_35');
INSERT INTO indi_durchfuehrungen VALUES('IDRF_0172', 10, 9, 3, 120, TO_DATE('2021-09-23', 'YYYY-MM-DD'), 'IVP_002', 'TE_36');
INSERT INTO indi_durchfuehrungen VALUES('IDRF_0173', 10, 9, 3, 120, TO_DATE('2021-09-23', 'YYYY-MM-DD'), 'IVP_002', 'TE_37');
INSERT INTO indi_durchfuehrungen VALUES('IDRF_0174', 10, 9, 1, 120, TO_DATE('2021-09-23', 'YYYY-MM-DD'), 'IVP_002', 'TE_38');
INSERT INTO indi_durchfuehrungen VALUES('IDRF_0175', 9, 8, 3, 60, TO_DATE('2021-09-23', 'YYYY-MM-DD'), 'IVP_002', 'TE_39');
INSERT INTO indi_durchfuehrungen VALUES('IDRF_0176', 7, 1, 1, 0, TO_DATE('2021-01-04', 'YYYY-MM-DD'), 'IVP_002', 'TE_32');
INSERT INTO indi_durchfuehrungen VALUES('IDRF_0177', 8, 10, 2, 60, TO_DATE('2021-01-04', 'YYYY-MM-DD'), 'IVP_002', 'TE_33');
INSERT INTO indi_durchfuehrungen VALUES('IDRF_0178', 7, 9, 3, 120, TO_DATE('2021-01-04', 'YYYY-MM-DD'), 'IVP_002', 'TE_34');
INSERT INTO indi_durchfuehrungen VALUES('IDRF_0179', 7, 8, 1, 60, TO_DATE('2021-01-04', 'YYYY-MM-DD'), 'IVP_002', 'TE_35');
INSERT INTO indi_durchfuehrungen VALUES('IDRF_0180', 5, 10, 2, 90, TO_DATE('2021-01-04', 'YYYY-MM-DD'), 'IVP_002', 'TE_36');
INSERT INTO indi_durchfuehrungen VALUES('IDRF_0181', 6, 9, 1, 60, TO_DATE('2021-01-04', 'YYYY-MM-DD'), 'IVP_002', 'TE_37');
INSERT INTO indi_durchfuehrungen VALUES('IDRF_0182', 5, 8, 3, 60, TO_DATE('2021-01-04', 'YYYY-MM-DD'), 'IVP_002', 'TE_38');
INSERT INTO indi_durchfuehrungen VALUES('IDRF_0183', 10, 11, 2, 120, TO_DATE('2021-01-04', 'YYYY-MM-DD'), 'IVP_002', 'TE_39');
INSERT INTO indi_durchfuehrungen VALUES('IDRF_0184', 7, 1, 1, 0, TO_DATE('2021-04-02', 'YYYY-MM-DD'), 'IVP_002', 'TE_32');
INSERT INTO indi_durchfuehrungen VALUES('IDRF_0185', 6, 9, 1, 60, TO_DATE('2021-04-02', 'YYYY-MM-DD'), 'IVP_002', 'TE_33');
INSERT INTO indi_durchfuehrungen VALUES('IDRF_0186', 5, 10, 2, 60, TO_DATE('2021-04-02', 'YYYY-MM-DD'), 'IVP_002', 'TE_34');
INSERT INTO indi_durchfuehrungen VALUES('IDRF_0187', 5, 8, 2, 90, TO_DATE('2021-04-02', 'YYYY-MM-DD'), 'IVP_002', 'TE_35');
INSERT INTO indi_durchfuehrungen VALUES('IDRF_0188', 7, 9, 1, 90, TO_DATE('2021-04-02', 'YYYY-MM-DD'), 'IVP_002', 'TE_36');
INSERT INTO indi_durchfuehrungen VALUES('IDRF_0189', 6, 8, 1, 120, TO_DATE('2021-04-02', 'YYYY-MM-DD'), 'IVP_002', 'TE_37');
INSERT INTO indi_durchfuehrungen VALUES('IDRF_0190', 10, 9, 2, 120, TO_DATE('2021-04-02', 'YYYY-MM-DD'), 'IVP_002', 'TE_38');
INSERT INTO indi_durchfuehrungen VALUES('IDRF_0191', 5, 9, 1, 90, TO_DATE('2021-04-02', 'YYYY-MM-DD'), 'IVP_002', 'TE_39');
INSERT INTO indi_durchfuehrungen VALUES('IDRF_0192', 5, 8, 3, 120, TO_DATE('2021-11-10', 'YYYY-MM-DD'), 'IVP_003', 'TE_16');
INSERT INTO indi_durchfuehrungen VALUES('IDRF_0193', 7, 10, 3, 120, TO_DATE('2021-11-10', 'YYYY-MM-DD'), 'IVP_003', 'TE_17');
INSERT INTO indi_durchfuehrungen VALUES('IDRF_0194', 6, 8, 2, 90, TO_DATE('2021-11-10', 'YYYY-MM-DD'), 'IVP_003', 'TE_18');
INSERT INTO indi_durchfuehrungen VALUES('IDRF_0195', 7, 8, 2, 120, TO_DATE('2021-11-10', 'YYYY-MM-DD'), 'IVP_003', 'TE_19');
INSERT INTO indi_durchfuehrungen VALUES('IDRF_0196', 7, 10, 1, 120, TO_DATE('2021-11-10', 'YYYY-MM-DD'), 'IVP_003', 'TE_20');
INSERT INTO indi_durchfuehrungen VALUES('IDRF_0197', 6, 11, 2, 90, TO_DATE('2021-11-10', 'YYYY-MM-DD'), 'IVP_003', 'TE_29');
INSERT INTO indi_durchfuehrungen VALUES('IDRF_0198', 8, 9, 2, 120, TO_DATE('2021-11-10', 'YYYY-MM-DD'), 'IVP_003', 'TE_30');
INSERT INTO indi_durchfuehrungen VALUES('IDRF_0199', 7, 9, 3, 90, TO_DATE('2021-11-10', 'YYYY-MM-DD'), 'IVP_003', 'TE_31');
INSERT INTO indi_durchfuehrungen VALUES('IDRF_0200', 5, 11, 2, 90, TO_DATE('2021-08-23', 'YYYY-MM-DD'), 'IVP_003', 'TE_16');
INSERT INTO indi_durchfuehrungen VALUES('IDRF_0201', 5, 8, 3, 90, TO_DATE('2021-08-23', 'YYYY-MM-DD'), 'IVP_003', 'TE_17');
INSERT INTO indi_durchfuehrungen VALUES('IDRF_0202', 6, 8, 3, 60, TO_DATE('2021-08-23', 'YYYY-MM-DD'), 'IVP_003', 'TE_18');
INSERT INTO indi_durchfuehrungen VALUES('IDRF_0203', 10, 9, 1, 90, TO_DATE('2021-08-23', 'YYYY-MM-DD'), 'IVP_003', 'TE_19');
INSERT INTO indi_durchfuehrungen VALUES('IDRF_0204', 9, 10, 3, 60, TO_DATE('2021-08-23', 'YYYY-MM-DD'), 'IVP_003', 'TE_20');
INSERT INTO indi_durchfuehrungen VALUES('IDRF_0205', 8, 8, 3, 60, TO_DATE('2021-08-23', 'YYYY-MM-DD'), 'IVP_003', 'TE_29');
INSERT INTO indi_durchfuehrungen VALUES('IDRF_0206', 8, 11, 2, 90, TO_DATE('2021-08-23', 'YYYY-MM-DD'), 'IVP_003', 'TE_30');
INSERT INTO indi_durchfuehrungen VALUES('IDRF_0207', 6, 11, 1, 90, TO_DATE('2021-08-23', 'YYYY-MM-DD'), 'IVP_003', 'TE_31');
INSERT INTO indi_durchfuehrungen VALUES('IDRF_0208', 6, 10, 3, 90, TO_DATE('2021-09-16', 'YYYY-MM-DD'), 'IVP_003', 'TE_16');
INSERT INTO indi_durchfuehrungen VALUES('IDRF_0209', 6, 11, 3, 60, TO_DATE('2021-09-16', 'YYYY-MM-DD'), 'IVP_003', 'TE_17');
INSERT INTO indi_durchfuehrungen VALUES('IDRF_0210', 8, 9, 3, 90, TO_DATE('2021-09-16', 'YYYY-MM-DD'), 'IVP_003', 'TE_18');
INSERT INTO indi_durchfuehrungen VALUES('IDRF_0211', 5, 9, 3, 60, TO_DATE('2021-09-16', 'YYYY-MM-DD'), 'IVP_003', 'TE_19');
INSERT INTO indi_durchfuehrungen VALUES('IDRF_0212', 10, 8, 1, 120, TO_DATE('2021-09-16', 'YYYY-MM-DD'), 'IVP_003', 'TE_20');
INSERT INTO indi_durchfuehrungen VALUES('IDRF_0213', 8, 11, 2, 90, TO_DATE('2021-09-16', 'YYYY-MM-DD'), 'IVP_003', 'TE_29');
INSERT INTO indi_durchfuehrungen VALUES('IDRF_0214', 5, 10, 2, 60, TO_DATE('2021-09-16', 'YYYY-MM-DD'), 'IVP_003', 'TE_30');
INSERT INTO indi_durchfuehrungen VALUES('IDRF_0215', 7, 11, 2, 90, TO_DATE('2021-09-16', 'YYYY-MM-DD'), 'IVP_003', 'TE_31');
INSERT INTO indi_durchfuehrungen VALUES('IDRF_0216', 7, 8, 1, 90, TO_DATE('2021-06-01', 'YYYY-MM-DD'), 'IVP_003', 'TE_16');
INSERT INTO indi_durchfuehrungen VALUES('IDRF_0217', 9, 10, 3, 90, TO_DATE('2021-06-01', 'YYYY-MM-DD'), 'IVP_003', 'TE_17');
INSERT INTO indi_durchfuehrungen VALUES('IDRF_0218', 9, 8, 1, 60, TO_DATE('2021-06-01', 'YYYY-MM-DD'), 'IVP_003', 'TE_18');
INSERT INTO indi_durchfuehrungen VALUES('IDRF_0219', 10, 8, 1, 90, TO_DATE('2021-06-01', 'YYYY-MM-DD'), 'IVP_003', 'TE_19');
INSERT INTO indi_durchfuehrungen VALUES('IDRF_0220', 5, 9, 1, 120, TO_DATE('2021-06-01', 'YYYY-MM-DD'), 'IVP_003', 'TE_20');
INSERT INTO indi_durchfuehrungen VALUES('IDRF_0221', 6, 11, 1, 120, TO_DATE('2021-06-01', 'YYYY-MM-DD'), 'IVP_003', 'TE_29');
INSERT INTO indi_durchfuehrungen VALUES('IDRF_0222', 10, 8, 2, 120, TO_DATE('2021-06-01', 'YYYY-MM-DD'), 'IVP_003', 'TE_30');
INSERT INTO indi_durchfuehrungen VALUES('IDRF_0223', 6, 10, 1, 90, TO_DATE('2021-06-01', 'YYYY-MM-DD'), 'IVP_003', 'TE_31');
INSERT INTO indi_durchfuehrungen VALUES('IDRF_0224', 5, 10, 2, 60, TO_DATE('2021-01-25', 'YYYY-MM-DD'), 'IVP_003', 'TE_16');
INSERT INTO indi_durchfuehrungen VALUES('IDRF_0225', 9, 11, 1, 90, TO_DATE('2021-01-25', 'YYYY-MM-DD'), 'IVP_003', 'TE_17');
INSERT INTO indi_durchfuehrungen VALUES('IDRF_0226', 8, 9, 3, 60, TO_DATE('2021-01-25', 'YYYY-MM-DD'), 'IVP_003', 'TE_18');
INSERT INTO indi_durchfuehrungen VALUES('IDRF_0227', 7, 8, 1, 60, TO_DATE('2021-01-25', 'YYYY-MM-DD'), 'IVP_003', 'TE_19');
INSERT INTO indi_durchfuehrungen VALUES('IDRF_0228', 6, 10, 2, 120, TO_DATE('2021-01-25', 'YYYY-MM-DD'), 'IVP_003', 'TE_20');
INSERT INTO indi_durchfuehrungen VALUES('IDRF_0229', 8, 8, 1, 90, TO_DATE('2021-01-25', 'YYYY-MM-DD'), 'IVP_003', 'TE_29');
INSERT INTO indi_durchfuehrungen VALUES('IDRF_0230', 8, 9, 3, 60, TO_DATE('2021-01-25', 'YYYY-MM-DD'), 'IVP_003', 'TE_30');
INSERT INTO indi_durchfuehrungen VALUES('IDRF_0231', 7, 11, 2, 60, TO_DATE('2021-01-25', 'YYYY-MM-DD'), 'IVP_003', 'TE_31');
INSERT INTO indi_durchfuehrungen VALUES('IDRF_0232', 7, 8, 2, 90, TO_DATE('2021-08-27', 'YYYY-MM-DD'), 'IVP_003', 'TE_16');
INSERT INTO indi_durchfuehrungen VALUES('IDRF_0233', 8, 11, 2, 90, TO_DATE('2021-08-27', 'YYYY-MM-DD'), 'IVP_003', 'TE_17');
INSERT INTO indi_durchfuehrungen VALUES('IDRF_0234', 10, 8, 1, 60, TO_DATE('2021-08-27', 'YYYY-MM-DD'), 'IVP_003', 'TE_18');
INSERT INTO indi_durchfuehrungen VALUES('IDRF_0235', 9, 8, 2, 90, TO_DATE('2021-08-27', 'YYYY-MM-DD'), 'IVP_003', 'TE_19');
INSERT INTO indi_durchfuehrungen VALUES('IDRF_0236', 10, 9, 1, 90, TO_DATE('2021-08-27', 'YYYY-MM-DD'), 'IVP_003', 'TE_20');
INSERT INTO indi_durchfuehrungen VALUES('IDRF_0237', 10, 11, 1, 120, TO_DATE('2021-08-27', 'YYYY-MM-DD'), 'IVP_003', 'TE_29');
INSERT INTO indi_durchfuehrungen VALUES('IDRF_0238', 7, 8, 2, 90, TO_DATE('2021-08-27', 'YYYY-MM-DD'), 'IVP_003', 'TE_30');
INSERT INTO indi_durchfuehrungen VALUES('IDRF_0239', 10, 8, 2, 120, TO_DATE('2021-08-27', 'YYYY-MM-DD'), 'IVP_003', 'TE_31');
INSERT INTO indi_durchfuehrungen VALUES('IDRF_0240', 8, 10, 3, 120, TO_DATE('2021-06-08', 'YYYY-MM-DD'), 'IVP_003', 'TE_16');
INSERT INTO indi_durchfuehrungen VALUES('IDRF_0241', 8, 9, 3, 90, TO_DATE('2021-06-08', 'YYYY-MM-DD'), 'IVP_003', 'TE_17');
INSERT INTO indi_durchfuehrungen VALUES('IDRF_0242', 6, 9, 1, 90, TO_DATE('2021-06-08', 'YYYY-MM-DD'), 'IVP_003', 'TE_18');
INSERT INTO indi_durchfuehrungen VALUES('IDRF_0243', 5, 8, 2, 60, TO_DATE('2021-06-08', 'YYYY-MM-DD'), 'IVP_003', 'TE_19');
INSERT INTO indi_durchfuehrungen VALUES('IDRF_0244', 9, 8, 3, 120, TO_DATE('2021-06-08', 'YYYY-MM-DD'), 'IVP_003', 'TE_20');
INSERT INTO indi_durchfuehrungen VALUES('IDRF_0245', 10, 8, 2, 90, TO_DATE('2021-06-08', 'YYYY-MM-DD'), 'IVP_003', 'TE_29');
INSERT INTO indi_durchfuehrungen VALUES('IDRF_0246', 6, 8, 1, 90, TO_DATE('2021-06-08', 'YYYY-MM-DD'), 'IVP_003', 'TE_30');
INSERT INTO indi_durchfuehrungen VALUES('IDRF_0247', 6, 8, 3, 60, TO_DATE('2021-06-08', 'YYYY-MM-DD'), 'IVP_003', 'TE_31');
INSERT INTO indi_durchfuehrungen VALUES('IDRF_0248', 5, 9, 2, 60, TO_DATE('2021-08-04', 'YYYY-MM-DD'), 'IVP_003', 'TE_16');
INSERT INTO indi_durchfuehrungen VALUES('IDRF_0249', 9, 9, 1, 90, TO_DATE('2021-08-04', 'YYYY-MM-DD'), 'IVP_003', 'TE_17');
INSERT INTO indi_durchfuehrungen VALUES('IDRF_0250', 9, 11, 1, 120, TO_DATE('2021-08-04', 'YYYY-MM-DD'), 'IVP_003', 'TE_18');
INSERT INTO indi_durchfuehrungen VALUES('IDRF_0251', 5, 11, 3, 120, TO_DATE('2021-08-04', 'YYYY-MM-DD'), 'IVP_003', 'TE_19');
INSERT INTO indi_durchfuehrungen VALUES('IDRF_0252', 8, 8, 1, 90, TO_DATE('2021-08-04', 'YYYY-MM-DD'), 'IVP_003', 'TE_20');
INSERT INTO indi_durchfuehrungen VALUES('IDRF_0253', 6, 10, 1, 120, TO_DATE('2021-08-04', 'YYYY-MM-DD'), 'IVP_003', 'TE_29');
INSERT INTO indi_durchfuehrungen VALUES('IDRF_0254', 10, 9, 2, 120, TO_DATE('2021-08-04', 'YYYY-MM-DD'), 'IVP_003', 'TE_30');
INSERT INTO indi_durchfuehrungen VALUES('IDRF_0255', 8, 8, 2, 90, TO_DATE('2021-08-04', 'YYYY-MM-DD'), 'IVP_003', 'TE_31');
INSERT INTO indi_durchfuehrungen VALUES('IDRF_0256', 7, 11, 3, 120, TO_DATE('2021-08-03', 'YYYY-MM-DD'), 'IVP_004', 'TE_16');
INSERT INTO indi_durchfuehrungen VALUES('IDRF_0257', 10, 8, 3, 90, TO_DATE('2021-08-03', 'YYYY-MM-DD'), 'IVP_004', 'TE_17');
INSERT INTO indi_durchfuehrungen VALUES('IDRF_0258', 6, 11, 3, 120, TO_DATE('2021-08-03', 'YYYY-MM-DD'), 'IVP_004', 'TE_18');
INSERT INTO indi_durchfuehrungen VALUES('IDRF_0259', 8, 8, 1, 90, TO_DATE('2021-08-03', 'YYYY-MM-DD'), 'IVP_004', 'TE_19');
INSERT INTO indi_durchfuehrungen VALUES('IDRF_0260', 10, 10, 3, 120, TO_DATE('2021-08-03', 'YYYY-MM-DD'), 'IVP_004', 'TE_20');
INSERT INTO indi_durchfuehrungen VALUES('IDRF_0261', 5, 9, 3, 120, TO_DATE('2021-08-03', 'YYYY-MM-DD'), 'IVP_004', 'TE_29');
INSERT INTO indi_durchfuehrungen VALUES('IDRF_0262', 6, 8, 1, 120, TO_DATE('2021-08-03', 'YYYY-MM-DD'), 'IVP_004', 'TE_30');
INSERT INTO indi_durchfuehrungen VALUES('IDRF_0263', 6, 8, 3, 120, TO_DATE('2021-08-03', 'YYYY-MM-DD'), 'IVP_004', 'TE_31');
INSERT INTO indi_durchfuehrungen VALUES('IDRF_0264', 9, 8, 1, 90, TO_DATE('2021-06-21', 'YYYY-MM-DD'), 'IVP_004', 'TE_16');
INSERT INTO indi_durchfuehrungen VALUES('IDRF_0265', 9, 10, 1, 60, TO_DATE('2021-06-21', 'YYYY-MM-DD'), 'IVP_004', 'TE_17');
INSERT INTO indi_durchfuehrungen VALUES('IDRF_0266', 7, 11, 3, 60, TO_DATE('2021-06-21', 'YYYY-MM-DD'), 'IVP_004', 'TE_18');
INSERT INTO indi_durchfuehrungen VALUES('IDRF_0267', 9, 9, 3, 90, TO_DATE('2021-06-21', 'YYYY-MM-DD'), 'IVP_004', 'TE_19');
INSERT INTO indi_durchfuehrungen VALUES('IDRF_0268', 8, 11, 1, 120, TO_DATE('2021-06-21', 'YYYY-MM-DD'), 'IVP_004', 'TE_20');
INSERT INTO indi_durchfuehrungen VALUES('IDRF_0269', 5, 11, 2, 90, TO_DATE('2021-06-21', 'YYYY-MM-DD'), 'IVP_004', 'TE_29');
INSERT INTO indi_durchfuehrungen VALUES('IDRF_0270', 10, 10, 3, 60, TO_DATE('2021-06-21', 'YYYY-MM-DD'), 'IVP_004', 'TE_30');
INSERT INTO indi_durchfuehrungen VALUES('IDRF_0271', 5, 10, 2, 90, TO_DATE('2021-06-21', 'YYYY-MM-DD'), 'IVP_004', 'TE_31');
INSERT INTO indi_durchfuehrungen VALUES('IDRF_0272', 6, 11, 1, 60, TO_DATE('2021-03-27', 'YYYY-MM-DD'), 'IVP_004', 'TE_16');
INSERT INTO indi_durchfuehrungen VALUES('IDRF_0273', 9, 10, 3, 120, TO_DATE('2021-03-27', 'YYYY-MM-DD'), 'IVP_004', 'TE_17');
INSERT INTO indi_durchfuehrungen VALUES('IDRF_0274', 10, 9, 1, 90, TO_DATE('2021-03-27', 'YYYY-MM-DD'), 'IVP_004', 'TE_18');
INSERT INTO indi_durchfuehrungen VALUES('IDRF_0275', 10, 10, 1, 120, TO_DATE('2021-03-27', 'YYYY-MM-DD'), 'IVP_004', 'TE_19');
INSERT INTO indi_durchfuehrungen VALUES('IDRF_0276', 5, 10, 1, 90, TO_DATE('2021-03-27', 'YYYY-MM-DD'), 'IVP_004', 'TE_20');
INSERT INTO indi_durchfuehrungen VALUES('IDRF_0277', 5, 10, 2, 90, TO_DATE('2021-03-27', 'YYYY-MM-DD'), 'IVP_004', 'TE_29');
INSERT INTO indi_durchfuehrungen VALUES('IDRF_0278', 5, 8, 2, 60, TO_DATE('2021-03-27', 'YYYY-MM-DD'), 'IVP_004', 'TE_30');
INSERT INTO indi_durchfuehrungen VALUES('IDRF_0279', 9, 9, 3, 120, TO_DATE('2021-03-27', 'YYYY-MM-DD'), 'IVP_004', 'TE_31');
INSERT INTO indi_durchfuehrungen VALUES('IDRF_0280', 6, 8, 3, 120, TO_DATE('2021-11-04', 'YYYY-MM-DD'), 'IVP_004', 'TE_16');
INSERT INTO indi_durchfuehrungen VALUES('IDRF_0281', 5, 11, 2, 60, TO_DATE('2021-11-04', 'YYYY-MM-DD'), 'IVP_004', 'TE_17');
INSERT INTO indi_durchfuehrungen VALUES('IDRF_0282', 9, 8, 3, 120, TO_DATE('2021-11-04', 'YYYY-MM-DD'), 'IVP_004', 'TE_18');
INSERT INTO indi_durchfuehrungen VALUES('IDRF_0283', 8, 11, 2, 120, TO_DATE('2021-11-04', 'YYYY-MM-DD'), 'IVP_004', 'TE_19');
INSERT INTO indi_durchfuehrungen VALUES('IDRF_0284', 7, 8, 3, 60, TO_DATE('2021-11-04', 'YYYY-MM-DD'), 'IVP_004', 'TE_20');
INSERT INTO indi_durchfuehrungen VALUES('IDRF_0285', 10, 8, 2, 120, TO_DATE('2021-11-04', 'YYYY-MM-DD'), 'IVP_004', 'TE_29');
INSERT INTO indi_durchfuehrungen VALUES('IDRF_0286', 9, 11, 2, 60, TO_DATE('2021-11-04', 'YYYY-MM-DD'), 'IVP_004', 'TE_30');
INSERT INTO indi_durchfuehrungen VALUES('IDRF_0287', 10, 10, 1, 90, TO_DATE('2021-11-04', 'YYYY-MM-DD'), 'IVP_004', 'TE_31');
INSERT INTO indi_durchfuehrungen VALUES('IDRF_0288', 5, 10, 1, 120, TO_DATE('2021-03-04', 'YYYY-MM-DD'), 'IVP_004', 'TE_16');
INSERT INTO indi_durchfuehrungen VALUES('IDRF_0289', 10, 8, 1, 120, TO_DATE('2021-03-04', 'YYYY-MM-DD'), 'IVP_004', 'TE_17');
INSERT INTO indi_durchfuehrungen VALUES('IDRF_0290', 8, 9, 1, 90, TO_DATE('2021-03-04', 'YYYY-MM-DD'), 'IVP_004', 'TE_18');
INSERT INTO indi_durchfuehrungen VALUES('IDRF_0291', 10, 11, 3, 90, TO_DATE('2021-03-04', 'YYYY-MM-DD'), 'IVP_004', 'TE_19');
INSERT INTO indi_durchfuehrungen VALUES('IDRF_0292', 6, 10, 3, 90, TO_DATE('2021-03-04', 'YYYY-MM-DD'), 'IVP_004', 'TE_20');
INSERT INTO indi_durchfuehrungen VALUES('IDRF_0293', 7, 9, 2, 120, TO_DATE('2021-03-04', 'YYYY-MM-DD'), 'IVP_004', 'TE_29');
INSERT INTO indi_durchfuehrungen VALUES('IDRF_0294', 8, 8, 3, 120, TO_DATE('2021-03-04', 'YYYY-MM-DD'), 'IVP_004', 'TE_30');
INSERT INTO indi_durchfuehrungen VALUES('IDRF_0295', 7, 8, 2, 60, TO_DATE('2021-03-04', 'YYYY-MM-DD'), 'IVP_004', 'TE_31');
INSERT INTO indi_durchfuehrungen VALUES('IDRF_0296', 7, 10, 3, 90, TO_DATE('2021-05-06', 'YYYY-MM-DD'), 'IVP_004', 'TE_16');
INSERT INTO indi_durchfuehrungen VALUES('IDRF_0297', 6, 9, 3, 120, TO_DATE('2021-05-06', 'YYYY-MM-DD'), 'IVP_004', 'TE_17');
INSERT INTO indi_durchfuehrungen VALUES('IDRF_0298', 9, 10, 3, 60, TO_DATE('2021-05-06', 'YYYY-MM-DD'), 'IVP_004', 'TE_18');
INSERT INTO indi_durchfuehrungen VALUES('IDRF_0299', 9, 8, 2, 120, TO_DATE('2021-05-06', 'YYYY-MM-DD'), 'IVP_004', 'TE_19');
INSERT INTO indi_durchfuehrungen VALUES('IDRF_0300', 7, 9, 3, 90, TO_DATE('2021-05-06', 'YYYY-MM-DD'), 'IVP_004', 'TE_20');
INSERT INTO indi_durchfuehrungen VALUES('IDRF_0301', 5, 8, 2, 60, TO_DATE('2021-05-06', 'YYYY-MM-DD'), 'IVP_004', 'TE_29');
INSERT INTO indi_durchfuehrungen VALUES('IDRF_0302', 10, 11, 2, 90, TO_DATE('2021-05-06', 'YYYY-MM-DD'), 'IVP_004', 'TE_30');
INSERT INTO indi_durchfuehrungen VALUES('IDRF_0303', 10, 8, 1, 120, TO_DATE('2021-05-06', 'YYYY-MM-DD'), 'IVP_004', 'TE_31');
INSERT INTO indi_durchfuehrungen VALUES('IDRF_0304', 5, 9, 2, 90, TO_DATE('2021-03-15', 'YYYY-MM-DD'), 'IVP_004', 'TE_16');
INSERT INTO indi_durchfuehrungen VALUES('IDRF_0305', 9, 9, 1, 120, TO_DATE('2021-03-15', 'YYYY-MM-DD'), 'IVP_004', 'TE_17');
INSERT INTO indi_durchfuehrungen VALUES('IDRF_0306', 10, 8, 1, 120, TO_DATE('2021-03-15', 'YYYY-MM-DD'), 'IVP_004', 'TE_18');
INSERT INTO indi_durchfuehrungen VALUES('IDRF_0307', 9, 9, 1, 120, TO_DATE('2021-03-15', 'YYYY-MM-DD'), 'IVP_004', 'TE_19');
INSERT INTO indi_durchfuehrungen VALUES('IDRF_0308', 8, 10, 3, 60, TO_DATE('2021-03-15', 'YYYY-MM-DD'), 'IVP_004', 'TE_20');
INSERT INTO indi_durchfuehrungen VALUES('IDRF_0309', 10, 10, 1, 90, TO_DATE('2021-03-15', 'YYYY-MM-DD'), 'IVP_004', 'TE_29');
INSERT INTO indi_durchfuehrungen VALUES('IDRF_0310', 6, 10, 2, 90, TO_DATE('2021-03-15', 'YYYY-MM-DD'), 'IVP_004', 'TE_30');
INSERT INTO indi_durchfuehrungen VALUES('IDRF_0311', 5, 11, 1, 90, TO_DATE('2021-03-15', 'YYYY-MM-DD'), 'IVP_004', 'TE_31');
INSERT INTO indi_durchfuehrungen VALUES('IDRF_0312', 5, 11, 1, 90, TO_DATE('2021-02-20', 'YYYY-MM-DD'), 'IVP_004', 'TE_16');
INSERT INTO indi_durchfuehrungen VALUES('IDRF_0313', 8, 10, 3, 90, TO_DATE('2021-02-20', 'YYYY-MM-DD'), 'IVP_004', 'TE_17');
INSERT INTO indi_durchfuehrungen VALUES('IDRF_0314', 7, 11, 1, 120, TO_DATE('2021-02-20', 'YYYY-MM-DD'), 'IVP_004', 'TE_18');
INSERT INTO indi_durchfuehrungen VALUES('IDRF_0315', 5, 8, 1, 120, TO_DATE('2021-02-20', 'YYYY-MM-DD'), 'IVP_004', 'TE_19');
INSERT INTO indi_durchfuehrungen VALUES('IDRF_0316', 10, 8, 3, 60, TO_DATE('2021-02-20', 'YYYY-MM-DD'), 'IVP_004', 'TE_20');
INSERT INTO indi_durchfuehrungen VALUES('IDRF_0317', 10, 9, 1, 120, TO_DATE('2021-02-20', 'YYYY-MM-DD'), 'IVP_004', 'TE_29');
INSERT INTO indi_durchfuehrungen VALUES('IDRF_0318', 9, 11, 3, 90, TO_DATE('2021-02-20', 'YYYY-MM-DD'), 'IVP_004', 'TE_30');
INSERT INTO indi_durchfuehrungen VALUES('IDRF_0319', 7, 8, 3, 60, TO_DATE('2021-02-20', 'YYYY-MM-DD'), 'IVP_004', 'TE_31');
INSERT INTO indi_durchfuehrungen VALUES('IDRF_0320', 7, 1, 1, 0, TO_DATE('2021-10-18', 'YYYY-MM-DD'), 'IVP_005', 'TE_08');
INSERT INTO indi_durchfuehrungen VALUES('IDRF_0321', 5, 10, 2, 120, TO_DATE('2021-10-18', 'YYYY-MM-DD'), 'IVP_005', 'TE_09');
INSERT INTO indi_durchfuehrungen VALUES('IDRF_0322', 9, 10, 1, 120, TO_DATE('2021-10-18', 'YYYY-MM-DD'), 'IVP_005', 'TE_10');
INSERT INTO indi_durchfuehrungen VALUES('IDRF_0323', 9, 9, 1, 120, TO_DATE('2021-10-18', 'YYYY-MM-DD'), 'IVP_005', 'TE_11');
INSERT INTO indi_durchfuehrungen VALUES('IDRF_0324', 5, 10, 3, 60, TO_DATE('2021-10-18', 'YYYY-MM-DD'), 'IVP_005', 'TE_12');
INSERT INTO indi_durchfuehrungen VALUES('IDRF_0325', 6, 11, 3, 120, TO_DATE('2021-10-18', 'YYYY-MM-DD'), 'IVP_005', 'TE_13');
INSERT INTO indi_durchfuehrungen VALUES('IDRF_0326', 7, 10, 3, 60, TO_DATE('2021-10-18', 'YYYY-MM-DD'), 'IVP_005', 'TE_14');
INSERT INTO indi_durchfuehrungen VALUES('IDRF_0327', 7, 1, 1, 0, TO_DATE('2021-10-18', 'YYYY-MM-DD'), 'IVP_005', 'TE_15');
INSERT INTO indi_durchfuehrungen VALUES('IDRF_0328', 7, 1, 1, 0, TO_DATE('2021-07-12', 'YYYY-MM-DD'), 'IVP_005', 'TE_08');
INSERT INTO indi_durchfuehrungen VALUES('IDRF_0329', 5, 8, 2, 120, TO_DATE('2021-07-12', 'YYYY-MM-DD'), 'IVP_005', 'TE_09');
INSERT INTO indi_durchfuehrungen VALUES('IDRF_0330', 6, 9, 2, 120, TO_DATE('2021-07-12', 'YYYY-MM-DD'), 'IVP_005', 'TE_10');
INSERT INTO indi_durchfuehrungen VALUES('IDRF_0331', 9, 8, 2, 120, TO_DATE('2021-07-12', 'YYYY-MM-DD'), 'IVP_005', 'TE_11');
INSERT INTO indi_durchfuehrungen VALUES('IDRF_0332', 9, 9, 1, 60, TO_DATE('2021-07-12', 'YYYY-MM-DD'), 'IVP_005', 'TE_12');
INSERT INTO indi_durchfuehrungen VALUES('IDRF_0333', 5, 10, 2, 120, TO_DATE('2021-07-12', 'YYYY-MM-DD'), 'IVP_005', 'TE_13');
INSERT INTO indi_durchfuehrungen VALUES('IDRF_0334', 10, 9, 1, 90, TO_DATE('2021-07-12', 'YYYY-MM-DD'), 'IVP_005', 'TE_14');
INSERT INTO indi_durchfuehrungen VALUES('IDRF_0335', 7, 1, 1, 0, TO_DATE('2021-07-12', 'YYYY-MM-DD'), 'IVP_005', 'TE_15');
INSERT INTO indi_durchfuehrungen VALUES('IDRF_0336', 7, 1, 1, 0, TO_DATE('2021-01-15', 'YYYY-MM-DD'), 'IVP_005', 'TE_08');
INSERT INTO indi_durchfuehrungen VALUES('IDRF_0337', 7, 11, 1, 60, TO_DATE('2021-01-15', 'YYYY-MM-DD'), 'IVP_005', 'TE_09');
INSERT INTO indi_durchfuehrungen VALUES('IDRF_0338', 10, 10, 2, 90, TO_DATE('2021-01-15', 'YYYY-MM-DD'), 'IVP_005', 'TE_10');
INSERT INTO indi_durchfuehrungen VALUES('IDRF_0339', 10, 8, 2, 120, TO_DATE('2021-01-15', 'YYYY-MM-DD'), 'IVP_005', 'TE_11');
INSERT INTO indi_durchfuehrungen VALUES('IDRF_0340', 9, 10, 3, 60, TO_DATE('2021-01-15', 'YYYY-MM-DD'), 'IVP_005', 'TE_12');
INSERT INTO indi_durchfuehrungen VALUES('IDRF_0341', 9, 8, 2, 90, TO_DATE('2021-01-15', 'YYYY-MM-DD'), 'IVP_005', 'TE_13');
INSERT INTO indi_durchfuehrungen VALUES('IDRF_0342', 10, 11, 1, 120, TO_DATE('2021-01-15', 'YYYY-MM-DD'), 'IVP_005', 'TE_14');
INSERT INTO indi_durchfuehrungen VALUES('IDRF_0343', 7, 1, 1, 0, TO_DATE('2021-01-15', 'YYYY-MM-DD'), 'IVP_005', 'TE_15');
INSERT INTO indi_durchfuehrungen VALUES('IDRF_0344', 7, 1, 1, 0, TO_DATE('2021-10-28', 'YYYY-MM-DD'), 'IVP_005', 'TE_08');
INSERT INTO indi_durchfuehrungen VALUES('IDRF_0345', 7, 8, 1, 60, TO_DATE('2021-10-28', 'YYYY-MM-DD'), 'IVP_005', 'TE_09');
INSERT INTO indi_durchfuehrungen VALUES('IDRF_0346', 9, 9, 3, 60, TO_DATE('2021-10-28', 'YYYY-MM-DD'), 'IVP_005', 'TE_10');
INSERT INTO indi_durchfuehrungen VALUES('IDRF_0347', 5, 11, 2, 120, TO_DATE('2021-10-28', 'YYYY-MM-DD'), 'IVP_005', 'TE_11');
INSERT INTO indi_durchfuehrungen VALUES('IDRF_0348', 8, 11, 3, 120, TO_DATE('2021-10-28', 'YYYY-MM-DD'), 'IVP_005', 'TE_12');
INSERT INTO indi_durchfuehrungen VALUES('IDRF_0349', 9, 8, 2, 90, TO_DATE('2021-10-28', 'YYYY-MM-DD'), 'IVP_005', 'TE_13');
INSERT INTO indi_durchfuehrungen VALUES('IDRF_0350', 10, 8, 2, 90, TO_DATE('2021-10-28', 'YYYY-MM-DD'), 'IVP_005', 'TE_14');
INSERT INTO indi_durchfuehrungen VALUES('IDRF_0351', 7, 1, 1, 0, TO_DATE('2021-10-28', 'YYYY-MM-DD'), 'IVP_005', 'TE_15');
INSERT INTO indi_durchfuehrungen VALUES('IDRF_0352', 7, 1, 1, 0, TO_DATE('2021-09-08', 'YYYY-MM-DD'), 'IVP_005', 'TE_08');
INSERT INTO indi_durchfuehrungen VALUES('IDRF_0353', 6, 10, 2, 60, TO_DATE('2021-09-08', 'YYYY-MM-DD'), 'IVP_005', 'TE_09');
INSERT INTO indi_durchfuehrungen VALUES('IDRF_0354', 10, 8, 3, 60, TO_DATE('2021-09-08', 'YYYY-MM-DD'), 'IVP_005', 'TE_10');
INSERT INTO indi_durchfuehrungen VALUES('IDRF_0355', 6, 10, 2, 90, TO_DATE('2021-09-08', 'YYYY-MM-DD'), 'IVP_005', 'TE_11');
INSERT INTO indi_durchfuehrungen VALUES('IDRF_0356', 7, 9, 2, 90, TO_DATE('2021-09-08', 'YYYY-MM-DD'), 'IVP_005', 'TE_12');
INSERT INTO indi_durchfuehrungen VALUES('IDRF_0357', 6, 8, 1, 60, TO_DATE('2021-09-08', 'YYYY-MM-DD'), 'IVP_005', 'TE_13');
INSERT INTO indi_durchfuehrungen VALUES('IDRF_0358', 9, 10, 1, 60, TO_DATE('2021-09-08', 'YYYY-MM-DD'), 'IVP_005', 'TE_14');
INSERT INTO indi_durchfuehrungen VALUES('IDRF_0359', 7, 1, 1, 0, TO_DATE('2021-09-08', 'YYYY-MM-DD'), 'IVP_005', 'TE_15');
INSERT INTO indi_durchfuehrungen VALUES('IDRF_0360', 7, 1, 1, 0, TO_DATE('2021-08-13', 'YYYY-MM-DD'), 'IVP_005', 'TE_08');
INSERT INTO indi_durchfuehrungen VALUES('IDRF_0361', 5, 11, 2, 120, TO_DATE('2021-08-13', 'YYYY-MM-DD'), 'IVP_005', 'TE_09');
INSERT INTO indi_durchfuehrungen VALUES('IDRF_0362', 5, 11, 1, 120, TO_DATE('2021-08-13', 'YYYY-MM-DD'), 'IVP_005', 'TE_10');
INSERT INTO indi_durchfuehrungen VALUES('IDRF_0363', 9, 8, 1, 60, TO_DATE('2021-08-13', 'YYYY-MM-DD'), 'IVP_005', 'TE_11');
INSERT INTO indi_durchfuehrungen VALUES('IDRF_0364', 9, 11, 3, 120, TO_DATE('2021-08-13', 'YYYY-MM-DD'), 'IVP_005', 'TE_12');
INSERT INTO indi_durchfuehrungen VALUES('IDRF_0365', 6, 8, 2, 120, TO_DATE('2021-08-13', 'YYYY-MM-DD'), 'IVP_005', 'TE_13');
INSERT INTO indi_durchfuehrungen VALUES('IDRF_0366', 8, 9, 3, 60, TO_DATE('2021-08-13', 'YYYY-MM-DD'), 'IVP_005', 'TE_14');
INSERT INTO indi_durchfuehrungen VALUES('IDRF_0367', 7, 1, 1, 0, TO_DATE('2021-08-13', 'YYYY-MM-DD'), 'IVP_005', 'TE_15');
INSERT INTO indi_durchfuehrungen VALUES('IDRF_0368', 7, 1, 1, 0, TO_DATE('2021-03-07', 'YYYY-MM-DD'), 'IVP_005', 'TE_08');
INSERT INTO indi_durchfuehrungen VALUES('IDRF_0369', 5, 10, 2, 120, TO_DATE('2021-03-07', 'YYYY-MM-DD'), 'IVP_005', 'TE_09');
INSERT INTO indi_durchfuehrungen VALUES('IDRF_0370', 9, 8, 1, 60, TO_DATE('2021-03-07', 'YYYY-MM-DD'), 'IVP_005', 'TE_10');
INSERT INTO indi_durchfuehrungen VALUES('IDRF_0371', 9, 10, 1, 120, TO_DATE('2021-03-07', 'YYYY-MM-DD'), 'IVP_005', 'TE_11');
INSERT INTO indi_durchfuehrungen VALUES('IDRF_0372', 6, 8, 1, 120, TO_DATE('2021-03-07', 'YYYY-MM-DD'), 'IVP_005', 'TE_12');
INSERT INTO indi_durchfuehrungen VALUES('IDRF_0373', 5, 11, 3, 60, TO_DATE('2021-03-07', 'YYYY-MM-DD'), 'IVP_005', 'TE_13');
INSERT INTO indi_durchfuehrungen VALUES('IDRF_0374', 5, 9, 2, 90, TO_DATE('2021-03-07', 'YYYY-MM-DD'), 'IVP_005', 'TE_14');
INSERT INTO indi_durchfuehrungen VALUES('IDRF_0375', 7, 1, 1, 0, TO_DATE('2021-03-07', 'YYYY-MM-DD'), 'IVP_005', 'TE_15');
INSERT INTO indi_durchfuehrungen VALUES('IDRF_0376', 7, 1, 1, 0, TO_DATE('2021-03-17', 'YYYY-MM-DD'), 'IVP_005', 'TE_08');
INSERT INTO indi_durchfuehrungen VALUES('IDRF_0377', 6, 10, 1, 120, TO_DATE('2021-03-17', 'YYYY-MM-DD'), 'IVP_005', 'TE_09');
INSERT INTO indi_durchfuehrungen VALUES('IDRF_0378', 6, 10, 1, 90, TO_DATE('2021-03-17', 'YYYY-MM-DD'), 'IVP_005', 'TE_10');
INSERT INTO indi_durchfuehrungen VALUES('IDRF_0379', 8, 9, 3, 90, TO_DATE('2021-03-17', 'YYYY-MM-DD'), 'IVP_005', 'TE_11');
INSERT INTO indi_durchfuehrungen VALUES('IDRF_0380', 8, 9, 3, 60, TO_DATE('2021-03-17', 'YYYY-MM-DD'), 'IVP_005', 'TE_12');
INSERT INTO indi_durchfuehrungen VALUES('IDRF_0381', 8, 10, 2, 120, TO_DATE('2021-03-17', 'YYYY-MM-DD'), 'IVP_005', 'TE_13');
INSERT INTO indi_durchfuehrungen VALUES('IDRF_0382', 5, 10, 1, 60, TO_DATE('2021-03-17', 'YYYY-MM-DD'), 'IVP_005', 'TE_14');
INSERT INTO indi_durchfuehrungen VALUES('IDRF_0383', 7, 1, 1, 0, TO_DATE('2021-03-17', 'YYYY-MM-DD'), 'IVP_005', 'TE_15');
INSERT INTO indi_durchfuehrungen VALUES('IDRF_0384', 7, 1, 1, 0, TO_DATE('2021-01-25', 'YYYY-MM-DD'), 'IVP_006', 'TE_00');
INSERT INTO indi_durchfuehrungen VALUES('IDRF_0385', 7, 10, 3, 120, TO_DATE('2021-01-25', 'YYYY-MM-DD'), 'IVP_006', 'TE_01');
INSERT INTO indi_durchfuehrungen VALUES('IDRF_0386', 5, 8, 1, 60, TO_DATE('2021-01-25', 'YYYY-MM-DD'), 'IVP_006', 'TE_02');
INSERT INTO indi_durchfuehrungen VALUES('IDRF_0387', 6, 10, 3, 90, TO_DATE('2021-01-25', 'YYYY-MM-DD'), 'IVP_006', 'TE_03');
INSERT INTO indi_durchfuehrungen VALUES('IDRF_0388', 9, 9, 2, 120, TO_DATE('2021-01-25', 'YYYY-MM-DD'), 'IVP_006', 'TE_04');
INSERT INTO indi_durchfuehrungen VALUES('IDRF_0389', 5, 10, 2, 120, TO_DATE('2021-01-25', 'YYYY-MM-DD'), 'IVP_006', 'TE_05');
INSERT INTO indi_durchfuehrungen VALUES('IDRF_0390', 7, 9, 3, 120, TO_DATE('2021-01-25', 'YYYY-MM-DD'), 'IVP_006', 'TE_06');
INSERT INTO indi_durchfuehrungen VALUES('IDRF_0391', 6, 8, 1, 60, TO_DATE('2021-01-25', 'YYYY-MM-DD'), 'IVP_006', 'TE_07');
INSERT INTO indi_durchfuehrungen VALUES('IDRF_0392', 7, 1, 1, 0, TO_DATE('2021-06-06', 'YYYY-MM-DD'), 'IVP_006', 'TE_00');
INSERT INTO indi_durchfuehrungen VALUES('IDRF_0393', 6, 8, 2, 120, TO_DATE('2021-06-06', 'YYYY-MM-DD'), 'IVP_006', 'TE_01');
INSERT INTO indi_durchfuehrungen VALUES('IDRF_0394', 7, 8, 2, 120, TO_DATE('2021-06-06', 'YYYY-MM-DD'), 'IVP_006', 'TE_02');
INSERT INTO indi_durchfuehrungen VALUES('IDRF_0395', 7, 9, 3, 60, TO_DATE('2021-06-06', 'YYYY-MM-DD'), 'IVP_006', 'TE_03');
INSERT INTO indi_durchfuehrungen VALUES('IDRF_0396', 9, 8, 3, 120, TO_DATE('2021-06-06', 'YYYY-MM-DD'), 'IVP_006', 'TE_04');
INSERT INTO indi_durchfuehrungen VALUES('IDRF_0397', 7, 11, 1, 120, TO_DATE('2021-06-06', 'YYYY-MM-DD'), 'IVP_006', 'TE_05');
INSERT INTO indi_durchfuehrungen VALUES('IDRF_0398', 10, 9, 2, 60, TO_DATE('2021-06-06', 'YYYY-MM-DD'), 'IVP_006', 'TE_06');
INSERT INTO indi_durchfuehrungen VALUES('IDRF_0399', 6, 9, 2, 90, TO_DATE('2021-06-06', 'YYYY-MM-DD'), 'IVP_006', 'TE_07');
INSERT INTO indi_durchfuehrungen VALUES('IDRF_0400', 7, 1, 1, 0, TO_DATE('2021-05-01', 'YYYY-MM-DD'), 'IVP_006', 'TE_00');
INSERT INTO indi_durchfuehrungen VALUES('IDRF_0401', 10, 8, 2, 60, TO_DATE('2021-05-01', 'YYYY-MM-DD'), 'IVP_006', 'TE_01');
INSERT INTO indi_durchfuehrungen VALUES('IDRF_0402', 10, 11, 3, 120, TO_DATE('2021-05-01', 'YYYY-MM-DD'), 'IVP_006', 'TE_02');
INSERT INTO indi_durchfuehrungen VALUES('IDRF_0403', 9, 9, 2, 90, TO_DATE('2021-05-01', 'YYYY-MM-DD'), 'IVP_006', 'TE_03');
INSERT INTO indi_durchfuehrungen VALUES('IDRF_0404', 5, 9, 3, 120, TO_DATE('2021-05-01', 'YYYY-MM-DD'), 'IVP_006', 'TE_04');
INSERT INTO indi_durchfuehrungen VALUES('IDRF_0405', 5, 11, 3, 60, TO_DATE('2021-05-01', 'YYYY-MM-DD'), 'IVP_006', 'TE_05');
INSERT INTO indi_durchfuehrungen VALUES('IDRF_0406', 10, 8, 3, 90, TO_DATE('2021-05-01', 'YYYY-MM-DD'), 'IVP_006', 'TE_06');
INSERT INTO indi_durchfuehrungen VALUES('IDRF_0407', 8, 9, 2, 120, TO_DATE('2021-05-01', 'YYYY-MM-DD'), 'IVP_006', 'TE_07');
INSERT INTO indi_durchfuehrungen VALUES('IDRF_0408', 7, 1, 1, 0, TO_DATE('2021-07-17', 'YYYY-MM-DD'), 'IVP_006', 'TE_00');
INSERT INTO indi_durchfuehrungen VALUES('IDRF_0409', 6, 11, 2, 120, TO_DATE('2021-07-17', 'YYYY-MM-DD'), 'IVP_006', 'TE_01');
INSERT INTO indi_durchfuehrungen VALUES('IDRF_0410', 7, 10, 1, 90, TO_DATE('2021-07-17', 'YYYY-MM-DD'), 'IVP_006', 'TE_02');
INSERT INTO indi_durchfuehrungen VALUES('IDRF_0411', 10, 10, 1, 90, TO_DATE('2021-07-17', 'YYYY-MM-DD'), 'IVP_006', 'TE_03');
INSERT INTO indi_durchfuehrungen VALUES('IDRF_0412', 9, 9, 3, 60, TO_DATE('2021-07-17', 'YYYY-MM-DD'), 'IVP_006', 'TE_04');
INSERT INTO indi_durchfuehrungen VALUES('IDRF_0413', 6, 9, 2, 120, TO_DATE('2021-07-17', 'YYYY-MM-DD'), 'IVP_006', 'TE_05');
INSERT INTO indi_durchfuehrungen VALUES('IDRF_0414', 10, 11, 3, 60, TO_DATE('2021-07-17', 'YYYY-MM-DD'), 'IVP_006', 'TE_06');
INSERT INTO indi_durchfuehrungen VALUES('IDRF_0415', 7, 10, 2, 120, TO_DATE('2021-07-17', 'YYYY-MM-DD'), 'IVP_006', 'TE_07');
INSERT INTO indi_durchfuehrungen VALUES('IDRF_0416', 7, 1, 1, 0, TO_DATE('2021-03-25', 'YYYY-MM-DD'), 'IVP_006', 'TE_00');
INSERT INTO indi_durchfuehrungen VALUES('IDRF_0417', 10, 11, 3, 90, TO_DATE('2021-03-25', 'YYYY-MM-DD'), 'IVP_006', 'TE_01');
INSERT INTO indi_durchfuehrungen VALUES('IDRF_0418', 7, 11, 1, 60, TO_DATE('2021-03-25', 'YYYY-MM-DD'), 'IVP_006', 'TE_02');
INSERT INTO indi_durchfuehrungen VALUES('IDRF_0419', 5, 8, 2, 120, TO_DATE('2021-03-25', 'YYYY-MM-DD'), 'IVP_006', 'TE_03');
INSERT INTO indi_durchfuehrungen VALUES('IDRF_0420', 7, 9, 1, 60, TO_DATE('2021-03-25', 'YYYY-MM-DD'), 'IVP_006', 'TE_04');
INSERT INTO indi_durchfuehrungen VALUES('IDRF_0421', 9, 9, 2, 60, TO_DATE('2021-03-25', 'YYYY-MM-DD'), 'IVP_006', 'TE_05');
INSERT INTO indi_durchfuehrungen VALUES('IDRF_0422', 9, 8, 1, 120, TO_DATE('2021-03-25', 'YYYY-MM-DD'), 'IVP_006', 'TE_06');
INSERT INTO indi_durchfuehrungen VALUES('IDRF_0423', 9, 11, 1, 60, TO_DATE('2021-03-25', 'YYYY-MM-DD'), 'IVP_006', 'TE_07');
INSERT INTO indi_durchfuehrungen VALUES('IDRF_0424', 7, 1, 1, 0, TO_DATE('2021-07-19', 'YYYY-MM-DD'), 'IVP_006', 'TE_00');
INSERT INTO indi_durchfuehrungen VALUES('IDRF_0425', 8, 9, 3, 60, TO_DATE('2021-07-19', 'YYYY-MM-DD'), 'IVP_006', 'TE_01');
INSERT INTO indi_durchfuehrungen VALUES('IDRF_0426', 5, 9, 3, 90, TO_DATE('2021-07-19', 'YYYY-MM-DD'), 'IVP_006', 'TE_02');
INSERT INTO indi_durchfuehrungen VALUES('IDRF_0427', 6, 10, 3, 120, TO_DATE('2021-07-19', 'YYYY-MM-DD'), 'IVP_006', 'TE_03');
INSERT INTO indi_durchfuehrungen VALUES('IDRF_0428', 6, 8, 1, 90, TO_DATE('2021-07-19', 'YYYY-MM-DD'), 'IVP_006', 'TE_04');
INSERT INTO indi_durchfuehrungen VALUES('IDRF_0429', 10, 10, 2, 60, TO_DATE('2021-07-19', 'YYYY-MM-DD'), 'IVP_006', 'TE_05');
INSERT INTO indi_durchfuehrungen VALUES('IDRF_0430', 9, 9, 3, 60, TO_DATE('2021-07-19', 'YYYY-MM-DD'), 'IVP_006', 'TE_06');
INSERT INTO indi_durchfuehrungen VALUES('IDRF_0431', 7, 8, 3, 90, TO_DATE('2021-07-19', 'YYYY-MM-DD'), 'IVP_006', 'TE_07');
INSERT INTO indi_durchfuehrungen VALUES('IDRF_0432', 7, 1, 1, 0, TO_DATE('2021-06-19', 'YYYY-MM-DD'), 'IVP_006', 'TE_00');
INSERT INTO indi_durchfuehrungen VALUES('IDRF_0433', 6, 10, 3, 60, TO_DATE('2021-06-19', 'YYYY-MM-DD'), 'IVP_006', 'TE_01');
INSERT INTO indi_durchfuehrungen VALUES('IDRF_0434', 10, 9, 2, 120, TO_DATE('2021-06-19', 'YYYY-MM-DD'), 'IVP_006', 'TE_02');
INSERT INTO indi_durchfuehrungen VALUES('IDRF_0435', 10, 9, 2, 120, TO_DATE('2021-06-19', 'YYYY-MM-DD'), 'IVP_006', 'TE_03');
INSERT INTO indi_durchfuehrungen VALUES('IDRF_0436', 6, 10, 2, 120, TO_DATE('2021-06-19', 'YYYY-MM-DD'), 'IVP_006', 'TE_04');
INSERT INTO indi_durchfuehrungen VALUES('IDRF_0437', 8, 8, 1, 120, TO_DATE('2021-06-19', 'YYYY-MM-DD'), 'IVP_006', 'TE_05');
INSERT INTO indi_durchfuehrungen VALUES('IDRF_0438', 6, 10, 1, 90, TO_DATE('2021-06-19', 'YYYY-MM-DD'), 'IVP_006', 'TE_06');
INSERT INTO indi_durchfuehrungen VALUES('IDRF_0439', 5, 11, 2, 120, TO_DATE('2021-06-19', 'YYYY-MM-DD'), 'IVP_006', 'TE_07');
INSERT INTO indi_durchfuehrungen VALUES('IDRF_0440', 7, 1, 1, 0, TO_DATE('2021-12-25', 'YYYY-MM-DD'), 'IVP_006', 'TE_00');
INSERT INTO indi_durchfuehrungen VALUES('IDRF_0441', 5, 10, 3, 60, TO_DATE('2021-12-25', 'YYYY-MM-DD'), 'IVP_006', 'TE_01');
INSERT INTO indi_durchfuehrungen VALUES('IDRF_0442', 10, 9, 3, 60, TO_DATE('2021-12-25', 'YYYY-MM-DD'), 'IVP_006', 'TE_02');
INSERT INTO indi_durchfuehrungen VALUES('IDRF_0443', 7, 8, 3, 90, TO_DATE('2021-12-25', 'YYYY-MM-DD'), 'IVP_006', 'TE_03');
INSERT INTO indi_durchfuehrungen VALUES('IDRF_0444', 6, 11, 3, 60, TO_DATE('2021-12-25', 'YYYY-MM-DD'), 'IVP_006', 'TE_04');
INSERT INTO indi_durchfuehrungen VALUES('IDRF_0445', 8, 8, 1, 120, TO_DATE('2021-12-25', 'YYYY-MM-DD'), 'IVP_006', 'TE_05');
INSERT INTO indi_durchfuehrungen VALUES('IDRF_0446', 7, 9, 1, 90, TO_DATE('2021-12-25', 'YYYY-MM-DD'), 'IVP_006', 'TE_06');
INSERT INTO indi_durchfuehrungen VALUES('IDRF_0447', 9, 11, 1, 60, TO_DATE('2021-12-25', 'YYYY-MM-DD'), 'IVP_006', 'TE_07');
INSERT INTO indi_durchfuehrungen VALUES('IDRF_0448', 7, 1, 1, 0, TO_DATE('2021-02-02', 'YYYY-MM-DD'), 'IVP_007', 'TE_32');
INSERT INTO indi_durchfuehrungen VALUES('IDRF_0449', 8, 9, 1, 60, TO_DATE('2021-02-02', 'YYYY-MM-DD'), 'IVP_007', 'TE_33');
INSERT INTO indi_durchfuehrungen VALUES('IDRF_0450', 8, 8, 2, 60, TO_DATE('2021-02-02', 'YYYY-MM-DD'), 'IVP_007', 'TE_34');
INSERT INTO indi_durchfuehrungen VALUES('IDRF_0451', 7, 8, 1, 90, TO_DATE('2021-02-02', 'YYYY-MM-DD'), 'IVP_007', 'TE_35');
INSERT INTO indi_durchfuehrungen VALUES('IDRF_0452', 5, 11, 1, 120, TO_DATE('2021-02-02', 'YYYY-MM-DD'), 'IVP_007', 'TE_36');
INSERT INTO indi_durchfuehrungen VALUES('IDRF_0453', 8, 11, 3, 120, TO_DATE('2021-02-02', 'YYYY-MM-DD'), 'IVP_007', 'TE_37');
INSERT INTO indi_durchfuehrungen VALUES('IDRF_0454', 8, 11, 2, 120, TO_DATE('2021-02-02', 'YYYY-MM-DD'), 'IVP_007', 'TE_38');
INSERT INTO indi_durchfuehrungen VALUES('IDRF_0455', 6, 11, 2, 60, TO_DATE('2021-02-02', 'YYYY-MM-DD'), 'IVP_007', 'TE_39');
INSERT INTO indi_durchfuehrungen VALUES('IDRF_0456', 7, 1, 1, 0, TO_DATE('2021-12-04', 'YYYY-MM-DD'), 'IVP_007', 'TE_32');
INSERT INTO indi_durchfuehrungen VALUES('IDRF_0457', 9, 9, 3, 90, TO_DATE('2021-12-04', 'YYYY-MM-DD'), 'IVP_007', 'TE_33');
INSERT INTO indi_durchfuehrungen VALUES('IDRF_0458', 10, 11, 2, 90, TO_DATE('2021-12-04', 'YYYY-MM-DD'), 'IVP_007', 'TE_34');
INSERT INTO indi_durchfuehrungen VALUES('IDRF_0459', 9, 8, 1, 60, TO_DATE('2021-12-04', 'YYYY-MM-DD'), 'IVP_007', 'TE_35');
INSERT INTO indi_durchfuehrungen VALUES('IDRF_0460', 8, 10, 3, 90, TO_DATE('2021-12-04', 'YYYY-MM-DD'), 'IVP_007', 'TE_36');
INSERT INTO indi_durchfuehrungen VALUES('IDRF_0461', 6, 9, 3, 120, TO_DATE('2021-12-04', 'YYYY-MM-DD'), 'IVP_007', 'TE_37');
INSERT INTO indi_durchfuehrungen VALUES('IDRF_0462', 5, 11, 1, 60, TO_DATE('2021-12-04', 'YYYY-MM-DD'), 'IVP_007', 'TE_38');
INSERT INTO indi_durchfuehrungen VALUES('IDRF_0463', 6, 10, 1, 60, TO_DATE('2021-12-04', 'YYYY-MM-DD'), 'IVP_007', 'TE_39');
INSERT INTO indi_durchfuehrungen VALUES('IDRF_0464', 7, 1, 1, 0, TO_DATE('2021-03-07', 'YYYY-MM-DD'), 'IVP_007', 'TE_32');
INSERT INTO indi_durchfuehrungen VALUES('IDRF_0465', 10, 8, 2, 60, TO_DATE('2021-03-07', 'YYYY-MM-DD'), 'IVP_007', 'TE_33');
INSERT INTO indi_durchfuehrungen VALUES('IDRF_0466', 8, 9, 3, 60, TO_DATE('2021-03-07', 'YYYY-MM-DD'), 'IVP_007', 'TE_34');
INSERT INTO indi_durchfuehrungen VALUES('IDRF_0467', 8, 10, 3, 120, TO_DATE('2021-03-07', 'YYYY-MM-DD'), 'IVP_007', 'TE_35');
INSERT INTO indi_durchfuehrungen VALUES('IDRF_0468', 10, 11, 3, 90, TO_DATE('2021-03-07', 'YYYY-MM-DD'), 'IVP_007', 'TE_36');
INSERT INTO indi_durchfuehrungen VALUES('IDRF_0469', 9, 11, 2, 120, TO_DATE('2021-03-07', 'YYYY-MM-DD'), 'IVP_007', 'TE_37');
INSERT INTO indi_durchfuehrungen VALUES('IDRF_0470', 8, 10, 2, 60, TO_DATE('2021-03-07', 'YYYY-MM-DD'), 'IVP_007', 'TE_38');
INSERT INTO indi_durchfuehrungen VALUES('IDRF_0471', 7, 8, 3, 120, TO_DATE('2021-03-07', 'YYYY-MM-DD'), 'IVP_007', 'TE_39');
INSERT INTO indi_durchfuehrungen VALUES('IDRF_0472', 7, 1, 1, 0, TO_DATE('2021-12-27', 'YYYY-MM-DD'), 'IVP_007', 'TE_32');
INSERT INTO indi_durchfuehrungen VALUES('IDRF_0473', 10, 9, 2, 60, TO_DATE('2021-12-27', 'YYYY-MM-DD'), 'IVP_007', 'TE_33');
INSERT INTO indi_durchfuehrungen VALUES('IDRF_0474', 10, 11, 3, 60, TO_DATE('2021-12-27', 'YYYY-MM-DD'), 'IVP_007', 'TE_34');
INSERT INTO indi_durchfuehrungen VALUES('IDRF_0475', 6, 9, 2, 120, TO_DATE('2021-12-27', 'YYYY-MM-DD'), 'IVP_007', 'TE_35');
INSERT INTO indi_durchfuehrungen VALUES('IDRF_0476', 8, 11, 1, 120, TO_DATE('2021-12-27', 'YYYY-MM-DD'), 'IVP_007', 'TE_36');
INSERT INTO indi_durchfuehrungen VALUES('IDRF_0477', 10, 11, 2, 60, TO_DATE('2021-12-27', 'YYYY-MM-DD'), 'IVP_007', 'TE_37');
INSERT INTO indi_durchfuehrungen VALUES('IDRF_0478', 8, 9, 2, 120, TO_DATE('2021-12-27', 'YYYY-MM-DD'), 'IVP_007', 'TE_38');
INSERT INTO indi_durchfuehrungen VALUES('IDRF_0479', 8, 9, 2, 120, TO_DATE('2021-12-27', 'YYYY-MM-DD'), 'IVP_007', 'TE_39');
INSERT INTO indi_durchfuehrungen VALUES('IDRF_0480', 7, 1, 1, 0, TO_DATE('2021-09-24', 'YYYY-MM-DD'), 'IVP_007', 'TE_32');
INSERT INTO indi_durchfuehrungen VALUES('IDRF_0481', 6, 8, 2, 90, TO_DATE('2021-09-24', 'YYYY-MM-DD'), 'IVP_007', 'TE_33');
INSERT INTO indi_durchfuehrungen VALUES('IDRF_0482', 7, 9, 1, 90, TO_DATE('2021-09-24', 'YYYY-MM-DD'), 'IVP_007', 'TE_34');
INSERT INTO indi_durchfuehrungen VALUES('IDRF_0483', 10, 11, 3, 60, TO_DATE('2021-09-24', 'YYYY-MM-DD'), 'IVP_007', 'TE_35');
INSERT INTO indi_durchfuehrungen VALUES('IDRF_0484', 6, 10, 3, 60, TO_DATE('2021-09-24', 'YYYY-MM-DD'), 'IVP_007', 'TE_36');
INSERT INTO indi_durchfuehrungen VALUES('IDRF_0485', 6, 10, 1, 90, TO_DATE('2021-09-24', 'YYYY-MM-DD'), 'IVP_007', 'TE_37');
INSERT INTO indi_durchfuehrungen VALUES('IDRF_0486', 9, 11, 3, 60, TO_DATE('2021-09-24', 'YYYY-MM-DD'), 'IVP_007', 'TE_38');
INSERT INTO indi_durchfuehrungen VALUES('IDRF_0487', 5, 9, 2, 60, TO_DATE('2021-09-24', 'YYYY-MM-DD'), 'IVP_007', 'TE_39');
INSERT INTO indi_durchfuehrungen VALUES('IDRF_0488', 7, 1, 1, 0, TO_DATE('2021-01-13', 'YYYY-MM-DD'), 'IVP_007', 'TE_32');
INSERT INTO indi_durchfuehrungen VALUES('IDRF_0489', 9, 8, 2, 120, TO_DATE('2021-01-13', 'YYYY-MM-DD'), 'IVP_007', 'TE_33');
INSERT INTO indi_durchfuehrungen VALUES('IDRF_0490', 10, 8, 1, 120, TO_DATE('2021-01-13', 'YYYY-MM-DD'), 'IVP_007', 'TE_34');
INSERT INTO indi_durchfuehrungen VALUES('IDRF_0491', 8, 11, 3, 120, TO_DATE('2021-01-13', 'YYYY-MM-DD'), 'IVP_007', 'TE_35');
INSERT INTO indi_durchfuehrungen VALUES('IDRF_0492', 8, 11, 1, 90, TO_DATE('2021-01-13', 'YYYY-MM-DD'), 'IVP_007', 'TE_36');
INSERT INTO indi_durchfuehrungen VALUES('IDRF_0493', 8, 10, 1, 60, TO_DATE('2021-01-13', 'YYYY-MM-DD'), 'IVP_007', 'TE_37');
INSERT INTO indi_durchfuehrungen VALUES('IDRF_0494', 10, 11, 3, 60, TO_DATE('2021-01-13', 'YYYY-MM-DD'), 'IVP_007', 'TE_38');
INSERT INTO indi_durchfuehrungen VALUES('IDRF_0495', 6, 8, 1, 60, TO_DATE('2021-01-13', 'YYYY-MM-DD'), 'IVP_007', 'TE_39');
INSERT INTO indi_durchfuehrungen VALUES('IDRF_0496', 7, 1, 1, 0, TO_DATE('2021-01-07', 'YYYY-MM-DD'), 'IVP_007', 'TE_32');
INSERT INTO indi_durchfuehrungen VALUES('IDRF_0497', 5, 9, 1, 90, TO_DATE('2021-01-07', 'YYYY-MM-DD'), 'IVP_007', 'TE_33');
INSERT INTO indi_durchfuehrungen VALUES('IDRF_0498', 6, 10, 1, 120, TO_DATE('2021-01-07', 'YYYY-MM-DD'), 'IVP_007', 'TE_34');
INSERT INTO indi_durchfuehrungen VALUES('IDRF_0499', 9, 10, 3, 120, TO_DATE('2021-01-07', 'YYYY-MM-DD'), 'IVP_007', 'TE_35');
INSERT INTO indi_durchfuehrungen VALUES('IDRF_0500', 5, 10, 3, 60, TO_DATE('2021-01-07', 'YYYY-MM-DD'), 'IVP_007', 'TE_36');
INSERT INTO indi_durchfuehrungen VALUES('IDRF_0501', 10, 8, 2, 60, TO_DATE('2021-01-07', 'YYYY-MM-DD'), 'IVP_007', 'TE_37');
INSERT INTO indi_durchfuehrungen VALUES('IDRF_0502', 7, 8, 3, 120, TO_DATE('2021-01-07', 'YYYY-MM-DD'), 'IVP_007', 'TE_38');
INSERT INTO indi_durchfuehrungen VALUES('IDRF_0503', 6, 11, 2, 60, TO_DATE('2021-01-07', 'YYYY-MM-DD'), 'IVP_007', 'TE_39');
INSERT INTO indi_durchfuehrungen VALUES('IDRF_0504', 7, 1, 1, 0, TO_DATE('2021-07-18', 'YYYY-MM-DD'), 'IVP_007', 'TE_32');
INSERT INTO indi_durchfuehrungen VALUES('IDRF_0505', 7, 11, 3, 120, TO_DATE('2021-07-18', 'YYYY-MM-DD'), 'IVP_007', 'TE_33');
INSERT INTO indi_durchfuehrungen VALUES('IDRF_0506', 7, 8, 3, 120, TO_DATE('2021-07-18', 'YYYY-MM-DD'), 'IVP_007', 'TE_34');
INSERT INTO indi_durchfuehrungen VALUES('IDRF_0507', 8, 11, 2, 90, TO_DATE('2021-07-18', 'YYYY-MM-DD'), 'IVP_007', 'TE_35');
INSERT INTO indi_durchfuehrungen VALUES('IDRF_0508', 9, 8, 3, 60, TO_DATE('2021-07-18', 'YYYY-MM-DD'), 'IVP_007', 'TE_36');
INSERT INTO indi_durchfuehrungen VALUES('IDRF_0509', 6, 11, 1, 90, TO_DATE('2021-07-18', 'YYYY-MM-DD'), 'IVP_007', 'TE_37');
INSERT INTO indi_durchfuehrungen VALUES('IDRF_0510', 5, 9, 1, 90, TO_DATE('2021-07-18', 'YYYY-MM-DD'), 'IVP_007', 'TE_38');
INSERT INTO indi_durchfuehrungen VALUES('IDRF_0511', 10, 9, 3, 90, TO_DATE('2021-07-18', 'YYYY-MM-DD'), 'IVP_007', 'TE_39');
INSERT INTO indi_durchfuehrungen VALUES('IDRF_0512', 7, 1, 1, 0, TO_DATE('2021-02-20', 'YYYY-MM-DD'), 'IVP_008', 'TE_21');
INSERT INTO indi_durchfuehrungen VALUES('IDRF_0513', 7, 11, 1, 60, TO_DATE('2021-02-20', 'YYYY-MM-DD'), 'IVP_008', 'TE_22');
INSERT INTO indi_durchfuehrungen VALUES('IDRF_0514', 7, 8, 1, 60, TO_DATE('2021-02-20', 'YYYY-MM-DD'), 'IVP_008', 'TE_23');
INSERT INTO indi_durchfuehrungen VALUES('IDRF_0515', 10, 8, 3, 90, TO_DATE('2021-02-20', 'YYYY-MM-DD'), 'IVP_008', 'TE_24');
INSERT INTO indi_durchfuehrungen VALUES('IDRF_0516', 8, 8, 1, 90, TO_DATE('2021-02-20', 'YYYY-MM-DD'), 'IVP_008', 'TE_25');
INSERT INTO indi_durchfuehrungen VALUES('IDRF_0517', 7, 10, 3, 90, TO_DATE('2021-02-20', 'YYYY-MM-DD'), 'IVP_008', 'TE_26');
INSERT INTO indi_durchfuehrungen VALUES('IDRF_0518', 7, 11, 3, 60, TO_DATE('2021-02-20', 'YYYY-MM-DD'), 'IVP_008', 'TE_27');
INSERT INTO indi_durchfuehrungen VALUES('IDRF_0519', 7, 1, 1, 0, TO_DATE('2021-02-20', 'YYYY-MM-DD'), 'IVP_008', 'TE_28');
INSERT INTO indi_durchfuehrungen VALUES('IDRF_0520', 7, 1, 1, 0, TO_DATE('2021-04-03', 'YYYY-MM-DD'), 'IVP_008', 'TE_21');
INSERT INTO indi_durchfuehrungen VALUES('IDRF_0521', 6, 8, 1, 90, TO_DATE('2021-04-03', 'YYYY-MM-DD'), 'IVP_008', 'TE_22');
INSERT INTO indi_durchfuehrungen VALUES('IDRF_0522', 7, 10, 3, 120, TO_DATE('2021-04-03', 'YYYY-MM-DD'), 'IVP_008', 'TE_23');
INSERT INTO indi_durchfuehrungen VALUES('IDRF_0523', 6, 11, 1, 60, TO_DATE('2021-04-03', 'YYYY-MM-DD'), 'IVP_008', 'TE_24');
INSERT INTO indi_durchfuehrungen VALUES('IDRF_0524', 7, 11, 2, 60, TO_DATE('2021-04-03', 'YYYY-MM-DD'), 'IVP_008', 'TE_25');
INSERT INTO indi_durchfuehrungen VALUES('IDRF_0525', 10, 9, 1, 120, TO_DATE('2021-04-03', 'YYYY-MM-DD'), 'IVP_008', 'TE_26');
INSERT INTO indi_durchfuehrungen VALUES('IDRF_0526', 5, 9, 3, 60, TO_DATE('2021-04-03', 'YYYY-MM-DD'), 'IVP_008', 'TE_27');
INSERT INTO indi_durchfuehrungen VALUES('IDRF_0527', 7, 1, 1, 0, TO_DATE('2021-04-03', 'YYYY-MM-DD'), 'IVP_008', 'TE_28');
INSERT INTO indi_durchfuehrungen VALUES('IDRF_0528', 7, 1, 1, 0, TO_DATE('2021-08-14', 'YYYY-MM-DD'), 'IVP_008', 'TE_21');
INSERT INTO indi_durchfuehrungen VALUES('IDRF_0529', 5, 10, 2, 90, TO_DATE('2021-08-14', 'YYYY-MM-DD'), 'IVP_008', 'TE_22');
INSERT INTO indi_durchfuehrungen VALUES('IDRF_0530', 9, 11, 3, 60, TO_DATE('2021-08-14', 'YYYY-MM-DD'), 'IVP_008', 'TE_23');
INSERT INTO indi_durchfuehrungen VALUES('IDRF_0531', 5, 8, 2, 60, TO_DATE('2021-08-14', 'YYYY-MM-DD'), 'IVP_008', 'TE_24');
INSERT INTO indi_durchfuehrungen VALUES('IDRF_0532', 9, 9, 2, 120, TO_DATE('2021-08-14', 'YYYY-MM-DD'), 'IVP_008', 'TE_25');
INSERT INTO indi_durchfuehrungen VALUES('IDRF_0533', 9, 11, 3, 90, TO_DATE('2021-08-14', 'YYYY-MM-DD'), 'IVP_008', 'TE_26');
INSERT INTO indi_durchfuehrungen VALUES('IDRF_0534', 5, 8, 1, 90, TO_DATE('2021-08-14', 'YYYY-MM-DD'), 'IVP_008', 'TE_27');
INSERT INTO indi_durchfuehrungen VALUES('IDRF_0535', 7, 1, 1, 0, TO_DATE('2021-08-14', 'YYYY-MM-DD'), 'IVP_008', 'TE_28');
INSERT INTO indi_durchfuehrungen VALUES('IDRF_0536', 7, 1, 1, 0, TO_DATE('2021-12-14', 'YYYY-MM-DD'), 'IVP_008', 'TE_21');
INSERT INTO indi_durchfuehrungen VALUES('IDRF_0537', 8, 10, 2, 90, TO_DATE('2021-12-14', 'YYYY-MM-DD'), 'IVP_008', 'TE_22');
INSERT INTO indi_durchfuehrungen VALUES('IDRF_0538', 8, 11, 2, 120, TO_DATE('2021-12-14', 'YYYY-MM-DD'), 'IVP_008', 'TE_23');
INSERT INTO indi_durchfuehrungen VALUES('IDRF_0539', 5, 8, 3, 120, TO_DATE('2021-12-14', 'YYYY-MM-DD'), 'IVP_008', 'TE_24');
INSERT INTO indi_durchfuehrungen VALUES('IDRF_0540', 7, 9, 2, 60, TO_DATE('2021-12-14', 'YYYY-MM-DD'), 'IVP_008', 'TE_25');
INSERT INTO indi_durchfuehrungen VALUES('IDRF_0541', 10, 9, 1, 90, TO_DATE('2021-12-14', 'YYYY-MM-DD'), 'IVP_008', 'TE_26');
INSERT INTO indi_durchfuehrungen VALUES('IDRF_0542', 5, 11, 2, 120, TO_DATE('2021-12-14', 'YYYY-MM-DD'), 'IVP_008', 'TE_27');
INSERT INTO indi_durchfuehrungen VALUES('IDRF_0543', 7, 1, 1, 0, TO_DATE('2021-12-14', 'YYYY-MM-DD'), 'IVP_008', 'TE_28');
INSERT INTO indi_durchfuehrungen VALUES('IDRF_0544', 7, 1, 1, 0, TO_DATE('2021-11-06', 'YYYY-MM-DD'), 'IVP_008', 'TE_21');
INSERT INTO indi_durchfuehrungen VALUES('IDRF_0545', 5, 9, 3, 90, TO_DATE('2021-11-06', 'YYYY-MM-DD'), 'IVP_008', 'TE_22');
INSERT INTO indi_durchfuehrungen VALUES('IDRF_0546', 6, 9, 2, 120, TO_DATE('2021-11-06', 'YYYY-MM-DD'), 'IVP_008', 'TE_23');
INSERT INTO indi_durchfuehrungen VALUES('IDRF_0547', 7, 9, 3, 60, TO_DATE('2021-11-06', 'YYYY-MM-DD'), 'IVP_008', 'TE_24');
INSERT INTO indi_durchfuehrungen VALUES('IDRF_0548', 9, 8, 2, 120, TO_DATE('2021-11-06', 'YYYY-MM-DD'), 'IVP_008', 'TE_25');
INSERT INTO indi_durchfuehrungen VALUES('IDRF_0549', 6, 8, 3, 120, TO_DATE('2021-11-06', 'YYYY-MM-DD'), 'IVP_008', 'TE_26');
INSERT INTO indi_durchfuehrungen VALUES('IDRF_0550', 7, 8, 3, 90, TO_DATE('2021-11-06', 'YYYY-MM-DD'), 'IVP_008', 'TE_27');
INSERT INTO indi_durchfuehrungen VALUES('IDRF_0551', 7, 1, 1, 0, TO_DATE('2021-11-06', 'YYYY-MM-DD'), 'IVP_008', 'TE_28');
INSERT INTO indi_durchfuehrungen VALUES('IDRF_0552', 7, 1, 1, 0, TO_DATE('2021-10-02', 'YYYY-MM-DD'), 'IVP_008', 'TE_21');
INSERT INTO indi_durchfuehrungen VALUES('IDRF_0553', 5, 8, 2, 90, TO_DATE('2021-10-02', 'YYYY-MM-DD'), 'IVP_008', 'TE_22');
INSERT INTO indi_durchfuehrungen VALUES('IDRF_0554', 7, 9, 2, 120, TO_DATE('2021-10-02', 'YYYY-MM-DD'), 'IVP_008', 'TE_23');
INSERT INTO indi_durchfuehrungen VALUES('IDRF_0555', 10, 10, 2, 90, TO_DATE('2021-10-02', 'YYYY-MM-DD'), 'IVP_008', 'TE_24');
INSERT INTO indi_durchfuehrungen VALUES('IDRF_0556', 9, 10, 1, 90, TO_DATE('2021-10-02', 'YYYY-MM-DD'), 'IVP_008', 'TE_25');
INSERT INTO indi_durchfuehrungen VALUES('IDRF_0557', 6, 8, 1, 60, TO_DATE('2021-10-02', 'YYYY-MM-DD'), 'IVP_008', 'TE_26');
INSERT INTO indi_durchfuehrungen VALUES('IDRF_0558', 5, 8, 3, 90, TO_DATE('2021-10-02', 'YYYY-MM-DD'), 'IVP_008', 'TE_27');
INSERT INTO indi_durchfuehrungen VALUES('IDRF_0559', 7, 1, 1, 0, TO_DATE('2021-10-02', 'YYYY-MM-DD'), 'IVP_008', 'TE_28');
INSERT INTO indi_durchfuehrungen VALUES('IDRF_0560', 7, 1, 1, 0, TO_DATE('2021-08-06', 'YYYY-MM-DD'), 'IVP_008', 'TE_21');
INSERT INTO indi_durchfuehrungen VALUES('IDRF_0561', 9, 11, 3, 120, TO_DATE('2021-08-06', 'YYYY-MM-DD'), 'IVP_008', 'TE_22');
INSERT INTO indi_durchfuehrungen VALUES('IDRF_0562', 10, 9, 2, 120, TO_DATE('2021-08-06', 'YYYY-MM-DD'), 'IVP_008', 'TE_23');
INSERT INTO indi_durchfuehrungen VALUES('IDRF_0563', 9, 8, 3, 120, TO_DATE('2021-08-06', 'YYYY-MM-DD'), 'IVP_008', 'TE_24');
INSERT INTO indi_durchfuehrungen VALUES('IDRF_0564', 5, 8, 1, 120, TO_DATE('2021-08-06', 'YYYY-MM-DD'), 'IVP_008', 'TE_25');
INSERT INTO indi_durchfuehrungen VALUES('IDRF_0565', 7, 9, 1, 120, TO_DATE('2021-08-06', 'YYYY-MM-DD'), 'IVP_008', 'TE_26');
INSERT INTO indi_durchfuehrungen VALUES('IDRF_0566', 10, 9, 2, 60, TO_DATE('2021-08-06', 'YYYY-MM-DD'), 'IVP_008', 'TE_27');
INSERT INTO indi_durchfuehrungen VALUES('IDRF_0567', 7, 1, 1, 0, TO_DATE('2021-08-06', 'YYYY-MM-DD'), 'IVP_008', 'TE_28');
INSERT INTO indi_durchfuehrungen VALUES('IDRF_0568', 7, 1, 1, 0, TO_DATE('2021-06-09', 'YYYY-MM-DD'), 'IVP_008', 'TE_21');
INSERT INTO indi_durchfuehrungen VALUES('IDRF_0569', 10, 11, 3, 120, TO_DATE('2021-06-09', 'YYYY-MM-DD'), 'IVP_008', 'TE_22');
INSERT INTO indi_durchfuehrungen VALUES('IDRF_0570', 8, 10, 2, 120, TO_DATE('2021-06-09', 'YYYY-MM-DD'), 'IVP_008', 'TE_23');
INSERT INTO indi_durchfuehrungen VALUES('IDRF_0571', 9, 8, 3, 90, TO_DATE('2021-06-09', 'YYYY-MM-DD'), 'IVP_008', 'TE_24');
INSERT INTO indi_durchfuehrungen VALUES('IDRF_0572', 7, 8, 2, 120, TO_DATE('2021-06-09', 'YYYY-MM-DD'), 'IVP_008', 'TE_25');
INSERT INTO indi_durchfuehrungen VALUES('IDRF_0573', 6, 8, 3, 90, TO_DATE('2021-06-09', 'YYYY-MM-DD'), 'IVP_008', 'TE_26');
INSERT INTO indi_durchfuehrungen VALUES('IDRF_0574', 10, 9, 3, 120, TO_DATE('2021-06-09', 'YYYY-MM-DD'), 'IVP_008', 'TE_27');
INSERT INTO indi_durchfuehrungen VALUES('IDRF_0575', 7, 1, 1, 0, TO_DATE('2021-06-09', 'YYYY-MM-DD'), 'IVP_008', 'TE_28');
INSERT INTO indi_durchfuehrungen VALUES('IDRF_0576', 7, 1, 1, 0, TO_DATE('2021-04-28', 'YYYY-MM-DD'), 'IVP_009', 'TE_21');
INSERT INTO indi_durchfuehrungen VALUES('IDRF_0577', 7, 10, 3, 60, TO_DATE('2021-04-28', 'YYYY-MM-DD'), 'IVP_009', 'TE_22');
INSERT INTO indi_durchfuehrungen VALUES('IDRF_0578', 7, 9, 1, 90, TO_DATE('2021-04-28', 'YYYY-MM-DD'), 'IVP_009', 'TE_23');
INSERT INTO indi_durchfuehrungen VALUES('IDRF_0579', 6, 9, 3, 90, TO_DATE('2021-04-28', 'YYYY-MM-DD'), 'IVP_009', 'TE_24');
INSERT INTO indi_durchfuehrungen VALUES('IDRF_0580', 5, 10, 3, 60, TO_DATE('2021-04-28', 'YYYY-MM-DD'), 'IVP_009', 'TE_25');
INSERT INTO indi_durchfuehrungen VALUES('IDRF_0581', 5, 9, 1, 90, TO_DATE('2021-04-28', 'YYYY-MM-DD'), 'IVP_009', 'TE_26');
INSERT INTO indi_durchfuehrungen VALUES('IDRF_0582', 5, 11, 3, 60, TO_DATE('2021-04-28', 'YYYY-MM-DD'), 'IVP_009', 'TE_27');
INSERT INTO indi_durchfuehrungen VALUES('IDRF_0583', 7, 1, 1, 0, TO_DATE('2021-04-28', 'YYYY-MM-DD'), 'IVP_009', 'TE_28');
INSERT INTO indi_durchfuehrungen VALUES('IDRF_0584', 7, 1, 1, 0, TO_DATE('2021-10-16', 'YYYY-MM-DD'), 'IVP_009', 'TE_21');
INSERT INTO indi_durchfuehrungen VALUES('IDRF_0585', 6, 10, 3, 120, TO_DATE('2021-10-16', 'YYYY-MM-DD'), 'IVP_009', 'TE_22');
INSERT INTO indi_durchfuehrungen VALUES('IDRF_0586', 5, 10, 3, 120, TO_DATE('2021-10-16', 'YYYY-MM-DD'), 'IVP_009', 'TE_23');
INSERT INTO indi_durchfuehrungen VALUES('IDRF_0587', 8, 8, 2, 90, TO_DATE('2021-10-16', 'YYYY-MM-DD'), 'IVP_009', 'TE_24');
INSERT INTO indi_durchfuehrungen VALUES('IDRF_0588', 7, 9, 1, 120, TO_DATE('2021-10-16', 'YYYY-MM-DD'), 'IVP_009', 'TE_25');
INSERT INTO indi_durchfuehrungen VALUES('IDRF_0589', 10, 8, 2, 90, TO_DATE('2021-10-16', 'YYYY-MM-DD'), 'IVP_009', 'TE_26');
INSERT INTO indi_durchfuehrungen VALUES('IDRF_0590', 5, 10, 2, 60, TO_DATE('2021-10-16', 'YYYY-MM-DD'), 'IVP_009', 'TE_27');
INSERT INTO indi_durchfuehrungen VALUES('IDRF_0591', 7, 1, 1, 0, TO_DATE('2021-10-16', 'YYYY-MM-DD'), 'IVP_009', 'TE_28');
INSERT INTO indi_durchfuehrungen VALUES('IDRF_0592', 7, 1, 1, 0, TO_DATE('2021-05-28', 'YYYY-MM-DD'), 'IVP_009', 'TE_21');
INSERT INTO indi_durchfuehrungen VALUES('IDRF_0593', 6, 11, 1, 60, TO_DATE('2021-05-28', 'YYYY-MM-DD'), 'IVP_009', 'TE_22');
INSERT INTO indi_durchfuehrungen VALUES('IDRF_0594', 10, 10, 1, 90, TO_DATE('2021-05-28', 'YYYY-MM-DD'), 'IVP_009', 'TE_23');
INSERT INTO indi_durchfuehrungen VALUES('IDRF_0595', 7, 8, 1, 120, TO_DATE('2021-05-28', 'YYYY-MM-DD'), 'IVP_009', 'TE_24');
INSERT INTO indi_durchfuehrungen VALUES('IDRF_0596', 6, 8, 3, 90, TO_DATE('2021-05-28', 'YYYY-MM-DD'), 'IVP_009', 'TE_25');
INSERT INTO indi_durchfuehrungen VALUES('IDRF_0597', 8, 9, 2, 90, TO_DATE('2021-05-28', 'YYYY-MM-DD'), 'IVP_009', 'TE_26');
INSERT INTO indi_durchfuehrungen VALUES('IDRF_0598', 6, 10, 3, 60, TO_DATE('2021-05-28', 'YYYY-MM-DD'), 'IVP_009', 'TE_27');
INSERT INTO indi_durchfuehrungen VALUES('IDRF_0599', 7, 1, 1, 0, TO_DATE('2021-05-28', 'YYYY-MM-DD'), 'IVP_009', 'TE_28');
INSERT INTO indi_durchfuehrungen VALUES('IDRF_0600', 7, 1, 1, 0, TO_DATE('2021-07-08', 'YYYY-MM-DD'), 'IVP_009', 'TE_21');
INSERT INTO indi_durchfuehrungen VALUES('IDRF_0601', 10, 9, 1, 60, TO_DATE('2021-07-08', 'YYYY-MM-DD'), 'IVP_009', 'TE_22');
INSERT INTO indi_durchfuehrungen VALUES('IDRF_0602', 8, 10, 1, 90, TO_DATE('2021-07-08', 'YYYY-MM-DD'), 'IVP_009', 'TE_23');
INSERT INTO indi_durchfuehrungen VALUES('IDRF_0603', 5, 9, 2, 60, TO_DATE('2021-07-08', 'YYYY-MM-DD'), 'IVP_009', 'TE_24');
INSERT INTO indi_durchfuehrungen VALUES('IDRF_0604', 10, 10, 3, 120, TO_DATE('2021-07-08', 'YYYY-MM-DD'), 'IVP_009', 'TE_25');
INSERT INTO indi_durchfuehrungen VALUES('IDRF_0605', 10, 11, 2, 120, TO_DATE('2021-07-08', 'YYYY-MM-DD'), 'IVP_009', 'TE_26');
INSERT INTO indi_durchfuehrungen VALUES('IDRF_0606', 7, 10, 2, 60, TO_DATE('2021-07-08', 'YYYY-MM-DD'), 'IVP_009', 'TE_27');
INSERT INTO indi_durchfuehrungen VALUES('IDRF_0607', 7, 1, 1, 0, TO_DATE('2021-07-08', 'YYYY-MM-DD'), 'IVP_009', 'TE_28');
INSERT INTO indi_durchfuehrungen VALUES('IDRF_0608', 7, 1, 1, 0, TO_DATE('2021-05-17', 'YYYY-MM-DD'), 'IVP_009', 'TE_21');
INSERT INTO indi_durchfuehrungen VALUES('IDRF_0609', 8, 10, 2, 60, TO_DATE('2021-05-17', 'YYYY-MM-DD'), 'IVP_009', 'TE_22');
INSERT INTO indi_durchfuehrungen VALUES('IDRF_0610', 6, 8, 2, 120, TO_DATE('2021-05-17', 'YYYY-MM-DD'), 'IVP_009', 'TE_23');
INSERT INTO indi_durchfuehrungen VALUES('IDRF_0611', 5, 11, 1, 60, TO_DATE('2021-05-17', 'YYYY-MM-DD'), 'IVP_009', 'TE_24');
INSERT INTO indi_durchfuehrungen VALUES('IDRF_0612', 6, 8, 2, 120, TO_DATE('2021-05-17', 'YYYY-MM-DD'), 'IVP_009', 'TE_25');
INSERT INTO indi_durchfuehrungen VALUES('IDRF_0613', 7, 10, 1, 60, TO_DATE('2021-05-17', 'YYYY-MM-DD'), 'IVP_009', 'TE_26');
INSERT INTO indi_durchfuehrungen VALUES('IDRF_0614', 7, 11, 2, 120, TO_DATE('2021-05-17', 'YYYY-MM-DD'), 'IVP_009', 'TE_27');
INSERT INTO indi_durchfuehrungen VALUES('IDRF_0615', 7, 1, 1, 0, TO_DATE('2021-05-17', 'YYYY-MM-DD'), 'IVP_009', 'TE_28');
INSERT INTO indi_durchfuehrungen VALUES('IDRF_0616', 7, 1, 1, 0, TO_DATE('2021-02-07', 'YYYY-MM-DD'), 'IVP_009', 'TE_21');
INSERT INTO indi_durchfuehrungen VALUES('IDRF_0617', 7, 11, 2, 60, TO_DATE('2021-02-07', 'YYYY-MM-DD'), 'IVP_009', 'TE_22');
INSERT INTO indi_durchfuehrungen VALUES('IDRF_0618', 6, 11, 3, 60, TO_DATE('2021-02-07', 'YYYY-MM-DD'), 'IVP_009', 'TE_23');
INSERT INTO indi_durchfuehrungen VALUES('IDRF_0619', 10, 10, 2, 90, TO_DATE('2021-02-07', 'YYYY-MM-DD'), 'IVP_009', 'TE_24');
INSERT INTO indi_durchfuehrungen VALUES('IDRF_0620', 8, 11, 3, 120, TO_DATE('2021-02-07', 'YYYY-MM-DD'), 'IVP_009', 'TE_25');
INSERT INTO indi_durchfuehrungen VALUES('IDRF_0621', 6, 9, 3, 90, TO_DATE('2021-02-07', 'YYYY-MM-DD'), 'IVP_009', 'TE_26');
INSERT INTO indi_durchfuehrungen VALUES('IDRF_0622', 6, 9, 3, 90, TO_DATE('2021-02-07', 'YYYY-MM-DD'), 'IVP_009', 'TE_27');
INSERT INTO indi_durchfuehrungen VALUES('IDRF_0623', 7, 1, 1, 0, TO_DATE('2021-02-07', 'YYYY-MM-DD'), 'IVP_009', 'TE_28');
INSERT INTO indi_durchfuehrungen VALUES('IDRF_0624', 7, 1, 1, 0, TO_DATE('2021-09-26', 'YYYY-MM-DD'), 'IVP_009', 'TE_21');
INSERT INTO indi_durchfuehrungen VALUES('IDRF_0625', 7, 10, 3, 120, TO_DATE('2021-09-26', 'YYYY-MM-DD'), 'IVP_009', 'TE_22');
INSERT INTO indi_durchfuehrungen VALUES('IDRF_0626', 10, 9, 3, 60, TO_DATE('2021-09-26', 'YYYY-MM-DD'), 'IVP_009', 'TE_23');
INSERT INTO indi_durchfuehrungen VALUES('IDRF_0627', 5, 10, 3, 120, TO_DATE('2021-09-26', 'YYYY-MM-DD'), 'IVP_009', 'TE_24');
INSERT INTO indi_durchfuehrungen VALUES('IDRF_0628', 7, 9, 1, 90, TO_DATE('2021-09-26', 'YYYY-MM-DD'), 'IVP_009', 'TE_25');
INSERT INTO indi_durchfuehrungen VALUES('IDRF_0629', 9, 9, 2, 120, TO_DATE('2021-09-26', 'YYYY-MM-DD'), 'IVP_009', 'TE_26');
INSERT INTO indi_durchfuehrungen VALUES('IDRF_0630', 8, 10, 1, 120, TO_DATE('2021-09-26', 'YYYY-MM-DD'), 'IVP_009', 'TE_27');
INSERT INTO indi_durchfuehrungen VALUES('IDRF_0631', 7, 1, 1, 0, TO_DATE('2021-09-26', 'YYYY-MM-DD'), 'IVP_009', 'TE_28');
INSERT INTO indi_durchfuehrungen VALUES('IDRF_0632', 7, 1, 1, 0, TO_DATE('2021-02-15', 'YYYY-MM-DD'), 'IVP_009', 'TE_21');
INSERT INTO indi_durchfuehrungen VALUES('IDRF_0633', 10, 11, 3, 120, TO_DATE('2021-02-15', 'YYYY-MM-DD'), 'IVP_009', 'TE_22');
INSERT INTO indi_durchfuehrungen VALUES('IDRF_0634', 5, 9, 1, 90, TO_DATE('2021-02-15', 'YYYY-MM-DD'), 'IVP_009', 'TE_23');
INSERT INTO indi_durchfuehrungen VALUES('IDRF_0635', 10, 9, 3, 90, TO_DATE('2021-02-15', 'YYYY-MM-DD'), 'IVP_009', 'TE_24');
INSERT INTO indi_durchfuehrungen VALUES('IDRF_0636', 5, 11, 3, 120, TO_DATE('2021-02-15', 'YYYY-MM-DD'), 'IVP_009', 'TE_25');
INSERT INTO indi_durchfuehrungen VALUES('IDRF_0637', 6, 11, 2, 90, TO_DATE('2021-02-15', 'YYYY-MM-DD'), 'IVP_009', 'TE_26');
INSERT INTO indi_durchfuehrungen VALUES('IDRF_0638', 5, 9, 1, 120, TO_DATE('2021-02-15', 'YYYY-MM-DD'), 'IVP_009', 'TE_27');
INSERT INTO indi_durchfuehrungen VALUES('IDRF_0639', 7, 1, 1, 0, TO_DATE('2021-02-15', 'YYYY-MM-DD'), 'IVP_009', 'TE_28');
INSERT INTO indi_durchfuehrungen VALUES('IDRF_0640', 7, 1, 1, 0, TO_DATE('2021-08-15', 'YYYY-MM-DD'), 'IVP_010', 'TE_21');
INSERT INTO indi_durchfuehrungen VALUES('IDRF_0641', 5, 10, 3, 60, TO_DATE('2021-08-15', 'YYYY-MM-DD'), 'IVP_010', 'TE_22');
INSERT INTO indi_durchfuehrungen VALUES('IDRF_0642', 8, 9, 3, 90, TO_DATE('2021-08-15', 'YYYY-MM-DD'), 'IVP_010', 'TE_23');
INSERT INTO indi_durchfuehrungen VALUES('IDRF_0643', 5, 11, 1, 90, TO_DATE('2021-08-15', 'YYYY-MM-DD'), 'IVP_010', 'TE_24');
INSERT INTO indi_durchfuehrungen VALUES('IDRF_0644', 9, 9, 1, 60, TO_DATE('2021-08-15', 'YYYY-MM-DD'), 'IVP_010', 'TE_25');
INSERT INTO indi_durchfuehrungen VALUES('IDRF_0645', 8, 10, 3, 90, TO_DATE('2021-08-15', 'YYYY-MM-DD'), 'IVP_010', 'TE_26');
INSERT INTO indi_durchfuehrungen VALUES('IDRF_0646', 5, 10, 1, 60, TO_DATE('2021-08-15', 'YYYY-MM-DD'), 'IVP_010', 'TE_27');
INSERT INTO indi_durchfuehrungen VALUES('IDRF_0647', 7, 1, 1, 0, TO_DATE('2021-08-15', 'YYYY-MM-DD'), 'IVP_010', 'TE_28');
INSERT INTO indi_durchfuehrungen VALUES('IDRF_0648', 7, 1, 1, 0, TO_DATE('2021-04-04', 'YYYY-MM-DD'), 'IVP_010', 'TE_21');
INSERT INTO indi_durchfuehrungen VALUES('IDRF_0649', 10, 8, 1, 60, TO_DATE('2021-04-04', 'YYYY-MM-DD'), 'IVP_010', 'TE_22');
INSERT INTO indi_durchfuehrungen VALUES('IDRF_0650', 5, 10, 2, 90, TO_DATE('2021-04-04', 'YYYY-MM-DD'), 'IVP_010', 'TE_23');
INSERT INTO indi_durchfuehrungen VALUES('IDRF_0651', 6, 8, 2, 90, TO_DATE('2021-04-04', 'YYYY-MM-DD'), 'IVP_010', 'TE_24');
INSERT INTO indi_durchfuehrungen VALUES('IDRF_0652', 9, 11, 3, 60, TO_DATE('2021-04-04', 'YYYY-MM-DD'), 'IVP_010', 'TE_25');
INSERT INTO indi_durchfuehrungen VALUES('IDRF_0653', 9, 9, 2, 90, TO_DATE('2021-04-04', 'YYYY-MM-DD'), 'IVP_010', 'TE_26');
INSERT INTO indi_durchfuehrungen VALUES('IDRF_0654', 6, 10, 3, 90, TO_DATE('2021-04-04', 'YYYY-MM-DD'), 'IVP_010', 'TE_27');
INSERT INTO indi_durchfuehrungen VALUES('IDRF_0655', 7, 1, 1, 0, TO_DATE('2021-04-04', 'YYYY-MM-DD'), 'IVP_010', 'TE_28');
INSERT INTO indi_durchfuehrungen VALUES('IDRF_0656', 7, 1, 1, 0, TO_DATE('2021-02-04', 'YYYY-MM-DD'), 'IVP_010', 'TE_21');
INSERT INTO indi_durchfuehrungen VALUES('IDRF_0657', 5, 9, 3, 120, TO_DATE('2021-02-04', 'YYYY-MM-DD'), 'IVP_010', 'TE_22');
INSERT INTO indi_durchfuehrungen VALUES('IDRF_0658', 9, 11, 2, 120, TO_DATE('2021-02-04', 'YYYY-MM-DD'), 'IVP_010', 'TE_23');
INSERT INTO indi_durchfuehrungen VALUES('IDRF_0659', 8, 11, 2, 120, TO_DATE('2021-02-04', 'YYYY-MM-DD'), 'IVP_010', 'TE_24');
INSERT INTO indi_durchfuehrungen VALUES('IDRF_0660', 7, 9, 3, 60, TO_DATE('2021-02-04', 'YYYY-MM-DD'), 'IVP_010', 'TE_25');
INSERT INTO indi_durchfuehrungen VALUES('IDRF_0661', 5, 9, 2, 90, TO_DATE('2021-02-04', 'YYYY-MM-DD'), 'IVP_010', 'TE_26');
INSERT INTO indi_durchfuehrungen VALUES('IDRF_0662', 9, 9, 3, 120, TO_DATE('2021-02-04', 'YYYY-MM-DD'), 'IVP_010', 'TE_27');
INSERT INTO indi_durchfuehrungen VALUES('IDRF_0663', 7, 1, 1, 0, TO_DATE('2021-02-04', 'YYYY-MM-DD'), 'IVP_010', 'TE_28');
INSERT INTO indi_durchfuehrungen VALUES('IDRF_0664', 7, 1, 1, 0, TO_DATE('2021-09-27', 'YYYY-MM-DD'), 'IVP_010', 'TE_21');
INSERT INTO indi_durchfuehrungen VALUES('IDRF_0665', 9, 10, 2, 120, TO_DATE('2021-09-27', 'YYYY-MM-DD'), 'IVP_010', 'TE_22');
INSERT INTO indi_durchfuehrungen VALUES('IDRF_0666', 9, 8, 3, 90, TO_DATE('2021-09-27', 'YYYY-MM-DD'), 'IVP_010', 'TE_23');
INSERT INTO indi_durchfuehrungen VALUES('IDRF_0667', 6, 8, 1, 90, TO_DATE('2021-09-27', 'YYYY-MM-DD'), 'IVP_010', 'TE_24');
INSERT INTO indi_durchfuehrungen VALUES('IDRF_0668', 6, 8, 1, 60, TO_DATE('2021-09-27', 'YYYY-MM-DD'), 'IVP_010', 'TE_25');
INSERT INTO indi_durchfuehrungen VALUES('IDRF_0669', 5, 11, 2, 60, TO_DATE('2021-09-27', 'YYYY-MM-DD'), 'IVP_010', 'TE_26');
INSERT INTO indi_durchfuehrungen VALUES('IDRF_0670', 8, 10, 3, 60, TO_DATE('2021-09-27', 'YYYY-MM-DD'), 'IVP_010', 'TE_27');
INSERT INTO indi_durchfuehrungen VALUES('IDRF_0671', 7, 1, 1, 0, TO_DATE('2021-09-27', 'YYYY-MM-DD'), 'IVP_010', 'TE_28');
INSERT INTO indi_durchfuehrungen VALUES('IDRF_0672', 7, 1, 1, 0, TO_DATE('2021-10-04', 'YYYY-MM-DD'), 'IVP_010', 'TE_21');
INSERT INTO indi_durchfuehrungen VALUES('IDRF_0673', 10, 9, 2, 60, TO_DATE('2021-10-04', 'YYYY-MM-DD'), 'IVP_010', 'TE_22');
INSERT INTO indi_durchfuehrungen VALUES('IDRF_0674', 8, 9, 3, 60, TO_DATE('2021-10-04', 'YYYY-MM-DD'), 'IVP_010', 'TE_23');
INSERT INTO indi_durchfuehrungen VALUES('IDRF_0675', 6, 11, 2, 60, TO_DATE('2021-10-04', 'YYYY-MM-DD'), 'IVP_010', 'TE_24');
INSERT INTO indi_durchfuehrungen VALUES('IDRF_0676', 10, 8, 1, 120, TO_DATE('2021-10-04', 'YYYY-MM-DD'), 'IVP_010', 'TE_25');
INSERT INTO indi_durchfuehrungen VALUES('IDRF_0677', 8, 9, 2, 60, TO_DATE('2021-10-04', 'YYYY-MM-DD'), 'IVP_010', 'TE_26');
INSERT INTO indi_durchfuehrungen VALUES('IDRF_0678', 8, 9, 3, 60, TO_DATE('2021-10-04', 'YYYY-MM-DD'), 'IVP_010', 'TE_27');
INSERT INTO indi_durchfuehrungen VALUES('IDRF_0679', 7, 1, 1, 0, TO_DATE('2021-10-04', 'YYYY-MM-DD'), 'IVP_010', 'TE_28');
INSERT INTO indi_durchfuehrungen VALUES('IDRF_0680', 7, 1, 1, 0, TO_DATE('2021-10-20', 'YYYY-MM-DD'), 'IVP_010', 'TE_21');
INSERT INTO indi_durchfuehrungen VALUES('IDRF_0681', 5, 8, 3, 60, TO_DATE('2021-10-20', 'YYYY-MM-DD'), 'IVP_010', 'TE_22');
INSERT INTO indi_durchfuehrungen VALUES('IDRF_0682', 7, 10, 2, 90, TO_DATE('2021-10-20', 'YYYY-MM-DD'), 'IVP_010', 'TE_23');
INSERT INTO indi_durchfuehrungen VALUES('IDRF_0683', 6, 10, 3, 60, TO_DATE('2021-10-20', 'YYYY-MM-DD'), 'IVP_010', 'TE_24');
INSERT INTO indi_durchfuehrungen VALUES('IDRF_0684', 6, 9, 3, 120, TO_DATE('2021-10-20', 'YYYY-MM-DD'), 'IVP_010', 'TE_25');
INSERT INTO indi_durchfuehrungen VALUES('IDRF_0685', 7, 8, 2, 90, TO_DATE('2021-10-20', 'YYYY-MM-DD'), 'IVP_010', 'TE_26');
INSERT INTO indi_durchfuehrungen VALUES('IDRF_0686', 6, 10, 3, 120, TO_DATE('2021-10-20', 'YYYY-MM-DD'), 'IVP_010', 'TE_27');
INSERT INTO indi_durchfuehrungen VALUES('IDRF_0687', 7, 1, 1, 0, TO_DATE('2021-10-20', 'YYYY-MM-DD'), 'IVP_010', 'TE_28');
INSERT INTO indi_durchfuehrungen VALUES('IDRF_0688', 7, 1, 1, 0, TO_DATE('2021-07-02', 'YYYY-MM-DD'), 'IVP_010', 'TE_21');
INSERT INTO indi_durchfuehrungen VALUES('IDRF_0689', 6, 11, 2, 120, TO_DATE('2021-07-02', 'YYYY-MM-DD'), 'IVP_010', 'TE_22');
INSERT INTO indi_durchfuehrungen VALUES('IDRF_0690', 10, 11, 1, 120, TO_DATE('2021-07-02', 'YYYY-MM-DD'), 'IVP_010', 'TE_23');
INSERT INTO indi_durchfuehrungen VALUES('IDRF_0691', 7, 9, 3, 120, TO_DATE('2021-07-02', 'YYYY-MM-DD'), 'IVP_010', 'TE_24');
INSERT INTO indi_durchfuehrungen VALUES('IDRF_0692', 6, 10, 2, 120, TO_DATE('2021-07-02', 'YYYY-MM-DD'), 'IVP_010', 'TE_25');
INSERT INTO indi_durchfuehrungen VALUES('IDRF_0693', 10, 8, 2, 120, TO_DATE('2021-07-02', 'YYYY-MM-DD'), 'IVP_010', 'TE_26');
INSERT INTO indi_durchfuehrungen VALUES('IDRF_0694', 5, 9, 1, 60, TO_DATE('2021-07-02', 'YYYY-MM-DD'), 'IVP_010', 'TE_27');
INSERT INTO indi_durchfuehrungen VALUES('IDRF_0695', 7, 1, 1, 0, TO_DATE('2021-07-02', 'YYYY-MM-DD'), 'IVP_010', 'TE_28');
INSERT INTO indi_durchfuehrungen VALUES('IDRF_0696', 7, 1, 1, 0, TO_DATE('2021-12-01', 'YYYY-MM-DD'), 'IVP_010', 'TE_21');
INSERT INTO indi_durchfuehrungen VALUES('IDRF_0697', 7, 8, 1, 60, TO_DATE('2021-12-01', 'YYYY-MM-DD'), 'IVP_010', 'TE_22');
INSERT INTO indi_durchfuehrungen VALUES('IDRF_0698', 7, 9, 2, 120, TO_DATE('2021-12-01', 'YYYY-MM-DD'), 'IVP_010', 'TE_23');
INSERT INTO indi_durchfuehrungen VALUES('IDRF_0699', 7, 9, 3, 90, TO_DATE('2021-12-01', 'YYYY-MM-DD'), 'IVP_010', 'TE_24');
INSERT INTO indi_durchfuehrungen VALUES('IDRF_0700', 8, 9, 2, 90, TO_DATE('2021-12-01', 'YYYY-MM-DD'), 'IVP_010', 'TE_25');
INSERT INTO indi_durchfuehrungen VALUES('IDRF_0701', 7, 11, 1, 120, TO_DATE('2021-12-01', 'YYYY-MM-DD'), 'IVP_010', 'TE_26');
INSERT INTO indi_durchfuehrungen VALUES('IDRF_0702', 10, 10, 3, 90, TO_DATE('2021-12-01', 'YYYY-MM-DD'), 'IVP_010', 'TE_27');
INSERT INTO indi_durchfuehrungen VALUES('IDRF_0703', 7, 1, 1, 0, TO_DATE('2021-12-01', 'YYYY-MM-DD'), 'IVP_010', 'TE_28');
INSERT INTO indi_durchfuehrungen VALUES('IDRF_0704', 7, 1, 1, 0, TO_DATE('2021-04-08', 'YYYY-MM-DD'), 'IVP_011', 'TE_32');
INSERT INTO indi_durchfuehrungen VALUES('IDRF_0705', 9, 9, 1, 120, TO_DATE('2021-04-08', 'YYYY-MM-DD'), 'IVP_011', 'TE_33');
INSERT INTO indi_durchfuehrungen VALUES('IDRF_0706', 6, 10, 3, 90, TO_DATE('2021-04-08', 'YYYY-MM-DD'), 'IVP_011', 'TE_34');
INSERT INTO indi_durchfuehrungen VALUES('IDRF_0707', 7, 11, 3, 60, TO_DATE('2021-04-08', 'YYYY-MM-DD'), 'IVP_011', 'TE_35');
INSERT INTO indi_durchfuehrungen VALUES('IDRF_0708', 10, 8, 3, 120, TO_DATE('2021-04-08', 'YYYY-MM-DD'), 'IVP_011', 'TE_36');
INSERT INTO indi_durchfuehrungen VALUES('IDRF_0709', 8, 8, 1, 90, TO_DATE('2021-04-08', 'YYYY-MM-DD'), 'IVP_011', 'TE_37');
INSERT INTO indi_durchfuehrungen VALUES('IDRF_0710', 10, 10, 1, 120, TO_DATE('2021-04-08', 'YYYY-MM-DD'), 'IVP_011', 'TE_38');
INSERT INTO indi_durchfuehrungen VALUES('IDRF_0711', 7, 10, 2, 90, TO_DATE('2021-04-08', 'YYYY-MM-DD'), 'IVP_011', 'TE_39');
INSERT INTO indi_durchfuehrungen VALUES('IDRF_0712', 7, 1, 1, 0, TO_DATE('2021-10-17', 'YYYY-MM-DD'), 'IVP_011', 'TE_32');
INSERT INTO indi_durchfuehrungen VALUES('IDRF_0713', 7, 9, 2, 90, TO_DATE('2021-10-17', 'YYYY-MM-DD'), 'IVP_011', 'TE_33');
INSERT INTO indi_durchfuehrungen VALUES('IDRF_0714', 7, 11, 3, 120, TO_DATE('2021-10-17', 'YYYY-MM-DD'), 'IVP_011', 'TE_34');
INSERT INTO indi_durchfuehrungen VALUES('IDRF_0715', 9, 9, 2, 60, TO_DATE('2021-10-17', 'YYYY-MM-DD'), 'IVP_011', 'TE_35');
INSERT INTO indi_durchfuehrungen VALUES('IDRF_0716', 10, 11, 2, 90, TO_DATE('2021-10-17', 'YYYY-MM-DD'), 'IVP_011', 'TE_36');
INSERT INTO indi_durchfuehrungen VALUES('IDRF_0717', 7, 10, 1, 90, TO_DATE('2021-10-17', 'YYYY-MM-DD'), 'IVP_011', 'TE_37');
INSERT INTO indi_durchfuehrungen VALUES('IDRF_0718', 9, 9, 3, 90, TO_DATE('2021-10-17', 'YYYY-MM-DD'), 'IVP_011', 'TE_38');
INSERT INTO indi_durchfuehrungen VALUES('IDRF_0719', 7, 9, 3, 60, TO_DATE('2021-10-17', 'YYYY-MM-DD'), 'IVP_011', 'TE_39');
INSERT INTO indi_durchfuehrungen VALUES('IDRF_0720', 7, 1, 1, 0, TO_DATE('2021-12-28', 'YYYY-MM-DD'), 'IVP_011', 'TE_32');
INSERT INTO indi_durchfuehrungen VALUES('IDRF_0721', 7, 10, 3, 120, TO_DATE('2021-12-28', 'YYYY-MM-DD'), 'IVP_011', 'TE_33');
INSERT INTO indi_durchfuehrungen VALUES('IDRF_0722', 7, 9, 2, 60, TO_DATE('2021-12-28', 'YYYY-MM-DD'), 'IVP_011', 'TE_34');
INSERT INTO indi_durchfuehrungen VALUES('IDRF_0723', 5, 8, 3, 120, TO_DATE('2021-12-28', 'YYYY-MM-DD'), 'IVP_011', 'TE_35');
INSERT INTO indi_durchfuehrungen VALUES('IDRF_0724', 8, 10, 2, 90, TO_DATE('2021-12-28', 'YYYY-MM-DD'), 'IVP_011', 'TE_36');
INSERT INTO indi_durchfuehrungen VALUES('IDRF_0725', 10, 9, 3, 60, TO_DATE('2021-12-28', 'YYYY-MM-DD'), 'IVP_011', 'TE_37');
INSERT INTO indi_durchfuehrungen VALUES('IDRF_0726', 5, 9, 3, 60, TO_DATE('2021-12-28', 'YYYY-MM-DD'), 'IVP_011', 'TE_38');
INSERT INTO indi_durchfuehrungen VALUES('IDRF_0727', 6, 10, 3, 60, TO_DATE('2021-12-28', 'YYYY-MM-DD'), 'IVP_011', 'TE_39');
INSERT INTO indi_durchfuehrungen VALUES('IDRF_0728', 7, 1, 1, 0, TO_DATE('2021-03-06', 'YYYY-MM-DD'), 'IVP_011', 'TE_32');
INSERT INTO indi_durchfuehrungen VALUES('IDRF_0729', 7, 9, 2, 60, TO_DATE('2021-03-06', 'YYYY-MM-DD'), 'IVP_011', 'TE_33');
INSERT INTO indi_durchfuehrungen VALUES('IDRF_0730', 5, 10, 3, 90, TO_DATE('2021-03-06', 'YYYY-MM-DD'), 'IVP_011', 'TE_34');
INSERT INTO indi_durchfuehrungen VALUES('IDRF_0731', 10, 11, 2, 60, TO_DATE('2021-03-06', 'YYYY-MM-DD'), 'IVP_011', 'TE_35');
INSERT INTO indi_durchfuehrungen VALUES('IDRF_0732', 5, 8, 2, 90, TO_DATE('2021-03-06', 'YYYY-MM-DD'), 'IVP_011', 'TE_36');
INSERT INTO indi_durchfuehrungen VALUES('IDRF_0733', 5, 10, 2, 60, TO_DATE('2021-03-06', 'YYYY-MM-DD'), 'IVP_011', 'TE_37');
INSERT INTO indi_durchfuehrungen VALUES('IDRF_0734', 6, 10, 2, 90, TO_DATE('2021-03-06', 'YYYY-MM-DD'), 'IVP_011', 'TE_38');
INSERT INTO indi_durchfuehrungen VALUES('IDRF_0735', 10, 9, 3, 60, TO_DATE('2021-03-06', 'YYYY-MM-DD'), 'IVP_011', 'TE_39');
INSERT INTO indi_durchfuehrungen VALUES('IDRF_0736', 7, 1, 1, 0, TO_DATE('2021-02-02', 'YYYY-MM-DD'), 'IVP_011', 'TE_32');
INSERT INTO indi_durchfuehrungen VALUES('IDRF_0737', 8, 11, 1, 120, TO_DATE('2021-02-02', 'YYYY-MM-DD'), 'IVP_011', 'TE_33');
INSERT INTO indi_durchfuehrungen VALUES('IDRF_0738', 6, 11, 2, 120, TO_DATE('2021-02-02', 'YYYY-MM-DD'), 'IVP_011', 'TE_34');
INSERT INTO indi_durchfuehrungen VALUES('IDRF_0739', 8, 9, 3, 60, TO_DATE('2021-02-02', 'YYYY-MM-DD'), 'IVP_011', 'TE_35');
INSERT INTO indi_durchfuehrungen VALUES('IDRF_0740', 6, 11, 2, 90, TO_DATE('2021-02-02', 'YYYY-MM-DD'), 'IVP_011', 'TE_36');
INSERT INTO indi_durchfuehrungen VALUES('IDRF_0741', 5, 11, 1, 90, TO_DATE('2021-02-02', 'YYYY-MM-DD'), 'IVP_011', 'TE_37');
INSERT INTO indi_durchfuehrungen VALUES('IDRF_0742', 9, 8, 3, 120, TO_DATE('2021-02-02', 'YYYY-MM-DD'), 'IVP_011', 'TE_38');
INSERT INTO indi_durchfuehrungen VALUES('IDRF_0743', 6, 11, 3, 90, TO_DATE('2021-02-02', 'YYYY-MM-DD'), 'IVP_011', 'TE_39');
INSERT INTO indi_durchfuehrungen VALUES('IDRF_0744', 7, 1, 1, 0, TO_DATE('2021-03-10', 'YYYY-MM-DD'), 'IVP_011', 'TE_32');
INSERT INTO indi_durchfuehrungen VALUES('IDRF_0745', 10, 10, 3, 120, TO_DATE('2021-03-10', 'YYYY-MM-DD'), 'IVP_011', 'TE_33');
INSERT INTO indi_durchfuehrungen VALUES('IDRF_0746', 6, 8, 2, 120, TO_DATE('2021-03-10', 'YYYY-MM-DD'), 'IVP_011', 'TE_34');
INSERT INTO indi_durchfuehrungen VALUES('IDRF_0747', 7, 9, 3, 120, TO_DATE('2021-03-10', 'YYYY-MM-DD'), 'IVP_011', 'TE_35');
INSERT INTO indi_durchfuehrungen VALUES('IDRF_0748', 10, 10, 3, 60, TO_DATE('2021-03-10', 'YYYY-MM-DD'), 'IVP_011', 'TE_36');
INSERT INTO indi_durchfuehrungen VALUES('IDRF_0749', 5, 11, 1, 90, TO_DATE('2021-03-10', 'YYYY-MM-DD'), 'IVP_011', 'TE_37');
INSERT INTO indi_durchfuehrungen VALUES('IDRF_0750', 6, 10, 1, 60, TO_DATE('2021-03-10', 'YYYY-MM-DD'), 'IVP_011', 'TE_38');
INSERT INTO indi_durchfuehrungen VALUES('IDRF_0751', 8, 9, 2, 120, TO_DATE('2021-03-10', 'YYYY-MM-DD'), 'IVP_011', 'TE_39');
INSERT INTO indi_durchfuehrungen VALUES('IDRF_0752', 7, 1, 1, 0, TO_DATE('2021-03-18', 'YYYY-MM-DD'), 'IVP_011', 'TE_32');
INSERT INTO indi_durchfuehrungen VALUES('IDRF_0753', 8, 8, 3, 120, TO_DATE('2021-03-18', 'YYYY-MM-DD'), 'IVP_011', 'TE_33');
INSERT INTO indi_durchfuehrungen VALUES('IDRF_0754', 7, 11, 2, 120, TO_DATE('2021-03-18', 'YYYY-MM-DD'), 'IVP_011', 'TE_34');
INSERT INTO indi_durchfuehrungen VALUES('IDRF_0755', 6, 10, 1, 60, TO_DATE('2021-03-18', 'YYYY-MM-DD'), 'IVP_011', 'TE_35');
INSERT INTO indi_durchfuehrungen VALUES('IDRF_0756', 9, 9, 3, 90, TO_DATE('2021-03-18', 'YYYY-MM-DD'), 'IVP_011', 'TE_36');
INSERT INTO indi_durchfuehrungen VALUES('IDRF_0757', 6, 11, 2, 90, TO_DATE('2021-03-18', 'YYYY-MM-DD'), 'IVP_011', 'TE_37');
INSERT INTO indi_durchfuehrungen VALUES('IDRF_0758', 5, 10, 1, 120, TO_DATE('2021-03-18', 'YYYY-MM-DD'), 'IVP_011', 'TE_38');
INSERT INTO indi_durchfuehrungen VALUES('IDRF_0759', 7, 8, 1, 90, TO_DATE('2021-03-18', 'YYYY-MM-DD'), 'IVP_011', 'TE_39');
INSERT INTO indi_durchfuehrungen VALUES('IDRF_0760', 7, 1, 1, 0, TO_DATE('2021-06-07', 'YYYY-MM-DD'), 'IVP_011', 'TE_32');
INSERT INTO indi_durchfuehrungen VALUES('IDRF_0761', 5, 9, 2, 120, TO_DATE('2021-06-07', 'YYYY-MM-DD'), 'IVP_011', 'TE_33');
INSERT INTO indi_durchfuehrungen VALUES('IDRF_0762', 10, 10, 3, 120, TO_DATE('2021-06-07', 'YYYY-MM-DD'), 'IVP_011', 'TE_34');
INSERT INTO indi_durchfuehrungen VALUES('IDRF_0763', 5, 8, 3, 120, TO_DATE('2021-06-07', 'YYYY-MM-DD'), 'IVP_011', 'TE_35');
INSERT INTO indi_durchfuehrungen VALUES('IDRF_0764', 7, 10, 3, 90, TO_DATE('2021-06-07', 'YYYY-MM-DD'), 'IVP_011', 'TE_36');
INSERT INTO indi_durchfuehrungen VALUES('IDRF_0765', 9, 11, 3, 120, TO_DATE('2021-06-07', 'YYYY-MM-DD'), 'IVP_011', 'TE_37');
INSERT INTO indi_durchfuehrungen VALUES('IDRF_0766', 10, 11, 2, 120, TO_DATE('2021-06-07', 'YYYY-MM-DD'), 'IVP_011', 'TE_38');
INSERT INTO indi_durchfuehrungen VALUES('IDRF_0767', 10, 8, 2, 60, TO_DATE('2021-06-07', 'YYYY-MM-DD'), 'IVP_011', 'TE_39');
INSERT INTO indi_durchfuehrungen VALUES('IDRF_0768', 8, 11, 2, 120, TO_DATE('2021-08-24', 'YYYY-MM-DD'), 'IVP_012', 'TE_16');
INSERT INTO indi_durchfuehrungen VALUES('IDRF_0769', 10, 9, 2, 120, TO_DATE('2021-08-24', 'YYYY-MM-DD'), 'IVP_012', 'TE_17');
INSERT INTO indi_durchfuehrungen VALUES('IDRF_0770', 8, 8, 1, 120, TO_DATE('2021-08-24', 'YYYY-MM-DD'), 'IVP_012', 'TE_18');
INSERT INTO indi_durchfuehrungen VALUES('IDRF_0771', 7, 11, 2, 90, TO_DATE('2021-08-24', 'YYYY-MM-DD'), 'IVP_012', 'TE_19');
INSERT INTO indi_durchfuehrungen VALUES('IDRF_0772', 10, 10, 2, 90, TO_DATE('2021-08-24', 'YYYY-MM-DD'), 'IVP_012', 'TE_20');
INSERT INTO indi_durchfuehrungen VALUES('IDRF_0773', 10, 10, 2, 120, TO_DATE('2021-08-24', 'YYYY-MM-DD'), 'IVP_012', 'TE_29');
INSERT INTO indi_durchfuehrungen VALUES('IDRF_0774', 6, 11, 1, 120, TO_DATE('2021-08-24', 'YYYY-MM-DD'), 'IVP_012', 'TE_30');
INSERT INTO indi_durchfuehrungen VALUES('IDRF_0775', 9, 11, 2, 60, TO_DATE('2021-08-24', 'YYYY-MM-DD'), 'IVP_012', 'TE_31');
INSERT INTO indi_durchfuehrungen VALUES('IDRF_0776', 6, 9, 1, 60, TO_DATE('2021-10-06', 'YYYY-MM-DD'), 'IVP_012', 'TE_16');
INSERT INTO indi_durchfuehrungen VALUES('IDRF_0777', 6, 10, 2, 120, TO_DATE('2021-10-06', 'YYYY-MM-DD'), 'IVP_012', 'TE_17');
INSERT INTO indi_durchfuehrungen VALUES('IDRF_0778', 8, 10, 3, 60, TO_DATE('2021-10-06', 'YYYY-MM-DD'), 'IVP_012', 'TE_18');
INSERT INTO indi_durchfuehrungen VALUES('IDRF_0779', 9, 8, 2, 60, TO_DATE('2021-10-06', 'YYYY-MM-DD'), 'IVP_012', 'TE_19');
INSERT INTO indi_durchfuehrungen VALUES('IDRF_0780', 7, 9, 2, 90, TO_DATE('2021-10-06', 'YYYY-MM-DD'), 'IVP_012', 'TE_20');
INSERT INTO indi_durchfuehrungen VALUES('IDRF_0781', 9, 8, 1, 90, TO_DATE('2021-10-06', 'YYYY-MM-DD'), 'IVP_012', 'TE_29');
INSERT INTO indi_durchfuehrungen VALUES('IDRF_0782', 10, 11, 1, 60, TO_DATE('2021-10-06', 'YYYY-MM-DD'), 'IVP_012', 'TE_30');
INSERT INTO indi_durchfuehrungen VALUES('IDRF_0783', 5, 11, 1, 60, TO_DATE('2021-10-06', 'YYYY-MM-DD'), 'IVP_012', 'TE_31');
INSERT INTO indi_durchfuehrungen VALUES('IDRF_0784', 7, 9, 2, 60, TO_DATE('2021-08-25', 'YYYY-MM-DD'), 'IVP_012', 'TE_16');
INSERT INTO indi_durchfuehrungen VALUES('IDRF_0785', 5, 9, 3, 120, TO_DATE('2021-08-25', 'YYYY-MM-DD'), 'IVP_012', 'TE_17');
INSERT INTO indi_durchfuehrungen VALUES('IDRF_0786', 6, 8, 3, 90, TO_DATE('2021-08-25', 'YYYY-MM-DD'), 'IVP_012', 'TE_18');
INSERT INTO indi_durchfuehrungen VALUES('IDRF_0787', 7, 10, 3, 120, TO_DATE('2021-08-25', 'YYYY-MM-DD'), 'IVP_012', 'TE_19');
INSERT INTO indi_durchfuehrungen VALUES('IDRF_0788', 10, 11, 3, 90, TO_DATE('2021-08-25', 'YYYY-MM-DD'), 'IVP_012', 'TE_20');
INSERT INTO indi_durchfuehrungen VALUES('IDRF_0789', 7, 11, 1, 60, TO_DATE('2021-08-25', 'YYYY-MM-DD'), 'IVP_012', 'TE_29');
INSERT INTO indi_durchfuehrungen VALUES('IDRF_0790', 5, 11, 3, 90, TO_DATE('2021-08-25', 'YYYY-MM-DD'), 'IVP_012', 'TE_30');
INSERT INTO indi_durchfuehrungen VALUES('IDRF_0791', 7, 9, 3, 60, TO_DATE('2021-08-25', 'YYYY-MM-DD'), 'IVP_012', 'TE_31');
INSERT INTO indi_durchfuehrungen VALUES('IDRF_0792', 10, 8, 3, 60, TO_DATE('2021-05-28', 'YYYY-MM-DD'), 'IVP_012', 'TE_16');
INSERT INTO indi_durchfuehrungen VALUES('IDRF_0793', 5, 9, 1, 120, TO_DATE('2021-05-28', 'YYYY-MM-DD'), 'IVP_012', 'TE_17');
INSERT INTO indi_durchfuehrungen VALUES('IDRF_0794', 8, 8, 1, 60, TO_DATE('2021-05-28', 'YYYY-MM-DD'), 'IVP_012', 'TE_18');
INSERT INTO indi_durchfuehrungen VALUES('IDRF_0795', 10, 11, 3, 90, TO_DATE('2021-05-28', 'YYYY-MM-DD'), 'IVP_012', 'TE_19');
INSERT INTO indi_durchfuehrungen VALUES('IDRF_0796', 10, 11, 3, 120, TO_DATE('2021-05-28', 'YYYY-MM-DD'), 'IVP_012', 'TE_20');
INSERT INTO indi_durchfuehrungen VALUES('IDRF_0797', 10, 11, 3, 60, TO_DATE('2021-05-28', 'YYYY-MM-DD'), 'IVP_012', 'TE_29');
INSERT INTO indi_durchfuehrungen VALUES('IDRF_0798', 10, 10, 1, 60, TO_DATE('2021-05-28', 'YYYY-MM-DD'), 'IVP_012', 'TE_30');
INSERT INTO indi_durchfuehrungen VALUES('IDRF_0799', 7, 9, 2, 90, TO_DATE('2021-05-28', 'YYYY-MM-DD'), 'IVP_012', 'TE_31');
INSERT INTO indi_durchfuehrungen VALUES('IDRF_0800', 10, 8, 1, 120, TO_DATE('2021-12-03', 'YYYY-MM-DD'), 'IVP_012', 'TE_16');
INSERT INTO indi_durchfuehrungen VALUES('IDRF_0801', 6, 11, 1, 60, TO_DATE('2021-12-03', 'YYYY-MM-DD'), 'IVP_012', 'TE_17');
INSERT INTO indi_durchfuehrungen VALUES('IDRF_0802', 9, 10, 1, 120, TO_DATE('2021-12-03', 'YYYY-MM-DD'), 'IVP_012', 'TE_18');
INSERT INTO indi_durchfuehrungen VALUES('IDRF_0803', 10, 8, 2, 120, TO_DATE('2021-12-03', 'YYYY-MM-DD'), 'IVP_012', 'TE_19');
INSERT INTO indi_durchfuehrungen VALUES('IDRF_0804', 7, 8, 2, 90, TO_DATE('2021-12-03', 'YYYY-MM-DD'), 'IVP_012', 'TE_20');
INSERT INTO indi_durchfuehrungen VALUES('IDRF_0805', 7, 8, 1, 120, TO_DATE('2021-12-03', 'YYYY-MM-DD'), 'IVP_012', 'TE_29');
INSERT INTO indi_durchfuehrungen VALUES('IDRF_0806', 6, 10, 3, 60, TO_DATE('2021-12-03', 'YYYY-MM-DD'), 'IVP_012', 'TE_30');
INSERT INTO indi_durchfuehrungen VALUES('IDRF_0807', 9, 9, 1, 60, TO_DATE('2021-12-03', 'YYYY-MM-DD'), 'IVP_012', 'TE_31');
INSERT INTO indi_durchfuehrungen VALUES('IDRF_0808', 6, 11, 2, 90, TO_DATE('2021-02-16', 'YYYY-MM-DD'), 'IVP_012', 'TE_16');
INSERT INTO indi_durchfuehrungen VALUES('IDRF_0809', 10, 11, 2, 90, TO_DATE('2021-02-16', 'YYYY-MM-DD'), 'IVP_012', 'TE_17');
INSERT INTO indi_durchfuehrungen VALUES('IDRF_0810', 5, 9, 2, 90, TO_DATE('2021-02-16', 'YYYY-MM-DD'), 'IVP_012', 'TE_18');
INSERT INTO indi_durchfuehrungen VALUES('IDRF_0811', 9, 10, 3, 60, TO_DATE('2021-02-16', 'YYYY-MM-DD'), 'IVP_012', 'TE_19');
INSERT INTO indi_durchfuehrungen VALUES('IDRF_0812', 8, 10, 3, 120, TO_DATE('2021-02-16', 'YYYY-MM-DD'), 'IVP_012', 'TE_20');
INSERT INTO indi_durchfuehrungen VALUES('IDRF_0813', 8, 9, 3, 60, TO_DATE('2021-02-16', 'YYYY-MM-DD'), 'IVP_012', 'TE_29');
INSERT INTO indi_durchfuehrungen VALUES('IDRF_0814', 6, 10, 3, 120, TO_DATE('2021-02-16', 'YYYY-MM-DD'), 'IVP_012', 'TE_30');
INSERT INTO indi_durchfuehrungen VALUES('IDRF_0815', 7, 10, 2, 120, TO_DATE('2021-02-16', 'YYYY-MM-DD'), 'IVP_012', 'TE_31');
INSERT INTO indi_durchfuehrungen VALUES('IDRF_0816', 7, 8, 1, 90, TO_DATE('2021-11-21', 'YYYY-MM-DD'), 'IVP_012', 'TE_16');
INSERT INTO indi_durchfuehrungen VALUES('IDRF_0817', 7, 9, 1, 90, TO_DATE('2021-11-21', 'YYYY-MM-DD'), 'IVP_012', 'TE_17');
INSERT INTO indi_durchfuehrungen VALUES('IDRF_0818', 9, 11, 3, 90, TO_DATE('2021-11-21', 'YYYY-MM-DD'), 'IVP_012', 'TE_18');
INSERT INTO indi_durchfuehrungen VALUES('IDRF_0819', 5, 8, 3, 60, TO_DATE('2021-11-21', 'YYYY-MM-DD'), 'IVP_012', 'TE_19');
INSERT INTO indi_durchfuehrungen VALUES('IDRF_0820', 9, 9, 3, 90, TO_DATE('2021-11-21', 'YYYY-MM-DD'), 'IVP_012', 'TE_20');
INSERT INTO indi_durchfuehrungen VALUES('IDRF_0821', 6, 8, 2, 60, TO_DATE('2021-11-21', 'YYYY-MM-DD'), 'IVP_012', 'TE_29');
INSERT INTO indi_durchfuehrungen VALUES('IDRF_0822', 10, 8, 1, 60, TO_DATE('2021-11-21', 'YYYY-MM-DD'), 'IVP_012', 'TE_30');
INSERT INTO indi_durchfuehrungen VALUES('IDRF_0823', 9, 8, 3, 90, TO_DATE('2021-11-21', 'YYYY-MM-DD'), 'IVP_012', 'TE_31');
INSERT INTO indi_durchfuehrungen VALUES('IDRF_0824', 5, 10, 3, 60, TO_DATE('2021-07-02', 'YYYY-MM-DD'), 'IVP_012', 'TE_16');
INSERT INTO indi_durchfuehrungen VALUES('IDRF_0825', 10, 11, 2, 90, TO_DATE('2021-07-02', 'YYYY-MM-DD'), 'IVP_012', 'TE_17');
INSERT INTO indi_durchfuehrungen VALUES('IDRF_0826', 7, 10, 2, 60, TO_DATE('2021-07-02', 'YYYY-MM-DD'), 'IVP_012', 'TE_18');
INSERT INTO indi_durchfuehrungen VALUES('IDRF_0827', 10, 9, 1, 90, TO_DATE('2021-07-02', 'YYYY-MM-DD'), 'IVP_012', 'TE_19');
INSERT INTO indi_durchfuehrungen VALUES('IDRF_0828', 9, 8, 3, 120, TO_DATE('2021-07-02', 'YYYY-MM-DD'), 'IVP_012', 'TE_20');
INSERT INTO indi_durchfuehrungen VALUES('IDRF_0829', 5, 8, 2, 120, TO_DATE('2021-07-02', 'YYYY-MM-DD'), 'IVP_012', 'TE_29');
INSERT INTO indi_durchfuehrungen VALUES('IDRF_0830', 8, 11, 1, 90, TO_DATE('2021-07-02', 'YYYY-MM-DD'), 'IVP_012', 'TE_30');
INSERT INTO indi_durchfuehrungen VALUES('IDRF_0831', 7, 10, 1, 90, TO_DATE('2021-07-02', 'YYYY-MM-DD'), 'IVP_012', 'TE_31');
INSERT INTO indi_durchfuehrungen VALUES('IDRF_0832', 7, 1, 1, 0, TO_DATE('2021-07-01', 'YYYY-MM-DD'), 'IVP_013', 'TE_21');
INSERT INTO indi_durchfuehrungen VALUES('IDRF_0833', 8, 9, 2, 90, TO_DATE('2021-07-01', 'YYYY-MM-DD'), 'IVP_013', 'TE_22');
INSERT INTO indi_durchfuehrungen VALUES('IDRF_0834', 7, 11, 3, 60, TO_DATE('2021-07-01', 'YYYY-MM-DD'), 'IVP_013', 'TE_23');
INSERT INTO indi_durchfuehrungen VALUES('IDRF_0835', 5, 10, 3, 120, TO_DATE('2021-07-01', 'YYYY-MM-DD'), 'IVP_013', 'TE_24');
INSERT INTO indi_durchfuehrungen VALUES('IDRF_0836', 6, 9, 2, 90, TO_DATE('2021-07-01', 'YYYY-MM-DD'), 'IVP_013', 'TE_25');
INSERT INTO indi_durchfuehrungen VALUES('IDRF_0837', 5, 8, 1, 60, TO_DATE('2021-07-01', 'YYYY-MM-DD'), 'IVP_013', 'TE_26');
INSERT INTO indi_durchfuehrungen VALUES('IDRF_0838', 5, 8, 2, 120, TO_DATE('2021-07-01', 'YYYY-MM-DD'), 'IVP_013', 'TE_27');
INSERT INTO indi_durchfuehrungen VALUES('IDRF_0839', 7, 1, 1, 0, TO_DATE('2021-07-01', 'YYYY-MM-DD'), 'IVP_013', 'TE_28');
INSERT INTO indi_durchfuehrungen VALUES('IDRF_0840', 7, 1, 1, 0, TO_DATE('2021-01-07', 'YYYY-MM-DD'), 'IVP_013', 'TE_21');
INSERT INTO indi_durchfuehrungen VALUES('IDRF_0841', 6, 11, 1, 120, TO_DATE('2021-01-07', 'YYYY-MM-DD'), 'IVP_013', 'TE_22');
INSERT INTO indi_durchfuehrungen VALUES('IDRF_0842', 10, 9, 3, 90, TO_DATE('2021-01-07', 'YYYY-MM-DD'), 'IVP_013', 'TE_23');
INSERT INTO indi_durchfuehrungen VALUES('IDRF_0843', 10, 9, 1, 120, TO_DATE('2021-01-07', 'YYYY-MM-DD'), 'IVP_013', 'TE_24');
INSERT INTO indi_durchfuehrungen VALUES('IDRF_0844', 8, 11, 1, 120, TO_DATE('2021-01-07', 'YYYY-MM-DD'), 'IVP_013', 'TE_25');
INSERT INTO indi_durchfuehrungen VALUES('IDRF_0845', 6, 10, 1, 60, TO_DATE('2021-01-07', 'YYYY-MM-DD'), 'IVP_013', 'TE_26');
INSERT INTO indi_durchfuehrungen VALUES('IDRF_0846', 10, 10, 3, 90, TO_DATE('2021-01-07', 'YYYY-MM-DD'), 'IVP_013', 'TE_27');
INSERT INTO indi_durchfuehrungen VALUES('IDRF_0847', 7, 1, 1, 0, TO_DATE('2021-01-07', 'YYYY-MM-DD'), 'IVP_013', 'TE_28');
INSERT INTO indi_durchfuehrungen VALUES('IDRF_0848', 7, 1, 1, 0, TO_DATE('2021-10-04', 'YYYY-MM-DD'), 'IVP_013', 'TE_21');
INSERT INTO indi_durchfuehrungen VALUES('IDRF_0849', 5, 10, 3, 120, TO_DATE('2021-10-04', 'YYYY-MM-DD'), 'IVP_013', 'TE_22');
INSERT INTO indi_durchfuehrungen VALUES('IDRF_0850', 10, 8, 1, 120, TO_DATE('2021-10-04', 'YYYY-MM-DD'), 'IVP_013', 'TE_23');
INSERT INTO indi_durchfuehrungen VALUES('IDRF_0851', 9, 8, 1, 120, TO_DATE('2021-10-04', 'YYYY-MM-DD'), 'IVP_013', 'TE_24');
INSERT INTO indi_durchfuehrungen VALUES('IDRF_0852', 7, 10, 2, 90, TO_DATE('2021-10-04', 'YYYY-MM-DD'), 'IVP_013', 'TE_25');
INSERT INTO indi_durchfuehrungen VALUES('IDRF_0853', 8, 11, 2, 120, TO_DATE('2021-10-04', 'YYYY-MM-DD'), 'IVP_013', 'TE_26');
INSERT INTO indi_durchfuehrungen VALUES('IDRF_0854', 10, 8, 1, 90, TO_DATE('2021-10-04', 'YYYY-MM-DD'), 'IVP_013', 'TE_27');
INSERT INTO indi_durchfuehrungen VALUES('IDRF_0855', 7, 1, 1, 0, TO_DATE('2021-10-04', 'YYYY-MM-DD'), 'IVP_013', 'TE_28');
INSERT INTO indi_durchfuehrungen VALUES('IDRF_0856', 7, 1, 1, 0, TO_DATE('2021-12-02', 'YYYY-MM-DD'), 'IVP_013', 'TE_21');
INSERT INTO indi_durchfuehrungen VALUES('IDRF_0857', 10, 8, 2, 90, TO_DATE('2021-12-02', 'YYYY-MM-DD'), 'IVP_013', 'TE_22');
INSERT INTO indi_durchfuehrungen VALUES('IDRF_0858', 10, 8, 1, 60, TO_DATE('2021-12-02', 'YYYY-MM-DD'), 'IVP_013', 'TE_23');
INSERT INTO indi_durchfuehrungen VALUES('IDRF_0859', 7, 8, 2, 60, TO_DATE('2021-12-02', 'YYYY-MM-DD'), 'IVP_013', 'TE_24');
INSERT INTO indi_durchfuehrungen VALUES('IDRF_0860', 6, 8, 2, 90, TO_DATE('2021-12-02', 'YYYY-MM-DD'), 'IVP_013', 'TE_25');
INSERT INTO indi_durchfuehrungen VALUES('IDRF_0861', 9, 9, 3, 90, TO_DATE('2021-12-02', 'YYYY-MM-DD'), 'IVP_013', 'TE_26');
INSERT INTO indi_durchfuehrungen VALUES('IDRF_0862', 7, 8, 3, 60, TO_DATE('2021-12-02', 'YYYY-MM-DD'), 'IVP_013', 'TE_27');
INSERT INTO indi_durchfuehrungen VALUES('IDRF_0863', 7, 1, 1, 0, TO_DATE('2021-12-02', 'YYYY-MM-DD'), 'IVP_013', 'TE_28');
INSERT INTO indi_durchfuehrungen VALUES('IDRF_0864', 7, 1, 1, 0, TO_DATE('2021-07-20', 'YYYY-MM-DD'), 'IVP_013', 'TE_21');
INSERT INTO indi_durchfuehrungen VALUES('IDRF_0865', 7, 8, 1, 120, TO_DATE('2021-07-20', 'YYYY-MM-DD'), 'IVP_013', 'TE_22');
INSERT INTO indi_durchfuehrungen VALUES('IDRF_0866', 7, 10, 3, 60, TO_DATE('2021-07-20', 'YYYY-MM-DD'), 'IVP_013', 'TE_23');
INSERT INTO indi_durchfuehrungen VALUES('IDRF_0867', 6, 10, 1, 90, TO_DATE('2021-07-20', 'YYYY-MM-DD'), 'IVP_013', 'TE_24');
INSERT INTO indi_durchfuehrungen VALUES('IDRF_0868', 10, 8, 2, 60, TO_DATE('2021-07-20', 'YYYY-MM-DD'), 'IVP_013', 'TE_25');
INSERT INTO indi_durchfuehrungen VALUES('IDRF_0869', 6, 9, 1, 120, TO_DATE('2021-07-20', 'YYYY-MM-DD'), 'IVP_013', 'TE_26');
INSERT INTO indi_durchfuehrungen VALUES('IDRF_0870', 7, 11, 1, 60, TO_DATE('2021-07-20', 'YYYY-MM-DD'), 'IVP_013', 'TE_27');
INSERT INTO indi_durchfuehrungen VALUES('IDRF_0871', 7, 1, 1, 0, TO_DATE('2021-07-20', 'YYYY-MM-DD'), 'IVP_013', 'TE_28');
INSERT INTO indi_durchfuehrungen VALUES('IDRF_0872', 7, 1, 1, 0, TO_DATE('2021-09-02', 'YYYY-MM-DD'), 'IVP_013', 'TE_21');
INSERT INTO indi_durchfuehrungen VALUES('IDRF_0873', 6, 8, 1, 120, TO_DATE('2021-09-02', 'YYYY-MM-DD'), 'IVP_013', 'TE_22');
INSERT INTO indi_durchfuehrungen VALUES('IDRF_0874', 9, 8, 3, 120, TO_DATE('2021-09-02', 'YYYY-MM-DD'), 'IVP_013', 'TE_23');
INSERT INTO indi_durchfuehrungen VALUES('IDRF_0875', 7, 10, 3, 60, TO_DATE('2021-09-02', 'YYYY-MM-DD'), 'IVP_013', 'TE_24');
INSERT INTO indi_durchfuehrungen VALUES('IDRF_0876', 5, 11, 3, 120, TO_DATE('2021-09-02', 'YYYY-MM-DD'), 'IVP_013', 'TE_25');
INSERT INTO indi_durchfuehrungen VALUES('IDRF_0877', 6, 10, 2, 90, TO_DATE('2021-09-02', 'YYYY-MM-DD'), 'IVP_013', 'TE_26');
INSERT INTO indi_durchfuehrungen VALUES('IDRF_0878', 5, 11, 2, 120, TO_DATE('2021-09-02', 'YYYY-MM-DD'), 'IVP_013', 'TE_27');
INSERT INTO indi_durchfuehrungen VALUES('IDRF_0879', 7, 1, 1, 0, TO_DATE('2021-09-02', 'YYYY-MM-DD'), 'IVP_013', 'TE_28');
INSERT INTO indi_durchfuehrungen VALUES('IDRF_0880', 7, 1, 1, 0, TO_DATE('2021-06-23', 'YYYY-MM-DD'), 'IVP_013', 'TE_21');
INSERT INTO indi_durchfuehrungen VALUES('IDRF_0881', 10, 11, 1, 120, TO_DATE('2021-06-23', 'YYYY-MM-DD'), 'IVP_013', 'TE_22');
INSERT INTO indi_durchfuehrungen VALUES('IDRF_0882', 6, 8, 2, 120, TO_DATE('2021-06-23', 'YYYY-MM-DD'), 'IVP_013', 'TE_23');
INSERT INTO indi_durchfuehrungen VALUES('IDRF_0883', 6, 11, 2, 90, TO_DATE('2021-06-23', 'YYYY-MM-DD'), 'IVP_013', 'TE_24');
INSERT INTO indi_durchfuehrungen VALUES('IDRF_0884', 8, 9, 3, 120, TO_DATE('2021-06-23', 'YYYY-MM-DD'), 'IVP_013', 'TE_25');
INSERT INTO indi_durchfuehrungen VALUES('IDRF_0885', 7, 9, 2, 90, TO_DATE('2021-06-23', 'YYYY-MM-DD'), 'IVP_013', 'TE_26');
INSERT INTO indi_durchfuehrungen VALUES('IDRF_0886', 8, 8, 3, 60, TO_DATE('2021-06-23', 'YYYY-MM-DD'), 'IVP_013', 'TE_27');
INSERT INTO indi_durchfuehrungen VALUES('IDRF_0887', 7, 1, 1, 0, TO_DATE('2021-06-23', 'YYYY-MM-DD'), 'IVP_013', 'TE_28');
INSERT INTO indi_durchfuehrungen VALUES('IDRF_0888', 7, 1, 1, 0, TO_DATE('2021-08-18', 'YYYY-MM-DD'), 'IVP_013', 'TE_21');
INSERT INTO indi_durchfuehrungen VALUES('IDRF_0889', 9, 9, 2, 60, TO_DATE('2021-08-18', 'YYYY-MM-DD'), 'IVP_013', 'TE_22');
INSERT INTO indi_durchfuehrungen VALUES('IDRF_0890', 5, 9, 1, 60, TO_DATE('2021-08-18', 'YYYY-MM-DD'), 'IVP_013', 'TE_23');
INSERT INTO indi_durchfuehrungen VALUES('IDRF_0891', 6, 8, 2, 90, TO_DATE('2021-08-18', 'YYYY-MM-DD'), 'IVP_013', 'TE_24');
INSERT INTO indi_durchfuehrungen VALUES('IDRF_0892', 5, 9, 2, 90, TO_DATE('2021-08-18', 'YYYY-MM-DD'), 'IVP_013', 'TE_25');
INSERT INTO indi_durchfuehrungen VALUES('IDRF_0893', 7, 8, 1, 90, TO_DATE('2021-08-18', 'YYYY-MM-DD'), 'IVP_013', 'TE_26');
INSERT INTO indi_durchfuehrungen VALUES('IDRF_0894', 5, 9, 2, 60, TO_DATE('2021-08-18', 'YYYY-MM-DD'), 'IVP_013', 'TE_27');
INSERT INTO indi_durchfuehrungen VALUES('IDRF_0895', 7, 1, 1, 0, TO_DATE('2021-08-18', 'YYYY-MM-DD'), 'IVP_013', 'TE_28');
INSERT INTO indi_durchfuehrungen VALUES('IDRF_0896', 7, 1, 1, 0, TO_DATE('2021-01-11', 'YYYY-MM-DD'), 'IVP_014', 'TE_08');
INSERT INTO indi_durchfuehrungen VALUES('IDRF_0897', 5, 10, 1, 90, TO_DATE('2021-01-11', 'YYYY-MM-DD'), 'IVP_014', 'TE_09');
INSERT INTO indi_durchfuehrungen VALUES('IDRF_0898', 6, 11, 3, 60, TO_DATE('2021-01-11', 'YYYY-MM-DD'), 'IVP_014', 'TE_10');
INSERT INTO indi_durchfuehrungen VALUES('IDRF_0899', 6, 9, 2, 120, TO_DATE('2021-01-11', 'YYYY-MM-DD'), 'IVP_014', 'TE_11');
INSERT INTO indi_durchfuehrungen VALUES('IDRF_0900', 10, 9, 1, 90, TO_DATE('2021-01-11', 'YYYY-MM-DD'), 'IVP_014', 'TE_12');
INSERT INTO indi_durchfuehrungen VALUES('IDRF_0901', 9, 8, 3, 90, TO_DATE('2021-01-11', 'YYYY-MM-DD'), 'IVP_014', 'TE_13');
INSERT INTO indi_durchfuehrungen VALUES('IDRF_0902', 9, 9, 3, 120, TO_DATE('2021-01-11', 'YYYY-MM-DD'), 'IVP_014', 'TE_14');
INSERT INTO indi_durchfuehrungen VALUES('IDRF_0903', 7, 1, 1, 0, TO_DATE('2021-01-11', 'YYYY-MM-DD'), 'IVP_014', 'TE_15');
INSERT INTO indi_durchfuehrungen VALUES('IDRF_0904', 7, 1, 1, 0, TO_DATE('2021-04-01', 'YYYY-MM-DD'), 'IVP_014', 'TE_08');
INSERT INTO indi_durchfuehrungen VALUES('IDRF_0905', 10, 9, 2, 90, TO_DATE('2021-04-01', 'YYYY-MM-DD'), 'IVP_014', 'TE_09');
INSERT INTO indi_durchfuehrungen VALUES('IDRF_0906', 9, 8, 1, 60, TO_DATE('2021-04-01', 'YYYY-MM-DD'), 'IVP_014', 'TE_10');
INSERT INTO indi_durchfuehrungen VALUES('IDRF_0907', 6, 10, 3, 60, TO_DATE('2021-04-01', 'YYYY-MM-DD'), 'IVP_014', 'TE_11');
INSERT INTO indi_durchfuehrungen VALUES('IDRF_0908', 10, 8, 3, 60, TO_DATE('2021-04-01', 'YYYY-MM-DD'), 'IVP_014', 'TE_12');
INSERT INTO indi_durchfuehrungen VALUES('IDRF_0909', 8, 11, 1, 60, TO_DATE('2021-04-01', 'YYYY-MM-DD'), 'IVP_014', 'TE_13');
INSERT INTO indi_durchfuehrungen VALUES('IDRF_0910', 10, 10, 3, 60, TO_DATE('2021-04-01', 'YYYY-MM-DD'), 'IVP_014', 'TE_14');
INSERT INTO indi_durchfuehrungen VALUES('IDRF_0911', 7, 1, 1, 0, TO_DATE('2021-04-01', 'YYYY-MM-DD'), 'IVP_014', 'TE_15');
INSERT INTO indi_durchfuehrungen VALUES('IDRF_0912', 7, 1, 1, 0, TO_DATE('2021-04-19', 'YYYY-MM-DD'), 'IVP_014', 'TE_08');
INSERT INTO indi_durchfuehrungen VALUES('IDRF_0913', 9, 11, 3, 90, TO_DATE('2021-04-19', 'YYYY-MM-DD'), 'IVP_014', 'TE_09');
INSERT INTO indi_durchfuehrungen VALUES('IDRF_0914', 6, 8, 3, 90, TO_DATE('2021-04-19', 'YYYY-MM-DD'), 'IVP_014', 'TE_10');
INSERT INTO indi_durchfuehrungen VALUES('IDRF_0915', 7, 8, 2, 120, TO_DATE('2021-04-19', 'YYYY-MM-DD'), 'IVP_014', 'TE_11');
INSERT INTO indi_durchfuehrungen VALUES('IDRF_0916', 9, 8, 2, 60, TO_DATE('2021-04-19', 'YYYY-MM-DD'), 'IVP_014', 'TE_12');
INSERT INTO indi_durchfuehrungen VALUES('IDRF_0917', 8, 8, 3, 60, TO_DATE('2021-04-19', 'YYYY-MM-DD'), 'IVP_014', 'TE_13');
INSERT INTO indi_durchfuehrungen VALUES('IDRF_0918', 7, 10, 2, 120, TO_DATE('2021-04-19', 'YYYY-MM-DD'), 'IVP_014', 'TE_14');
INSERT INTO indi_durchfuehrungen VALUES('IDRF_0919', 7, 1, 1, 0, TO_DATE('2021-04-19', 'YYYY-MM-DD'), 'IVP_014', 'TE_15');
INSERT INTO indi_durchfuehrungen VALUES('IDRF_0920', 7, 1, 1, 0, TO_DATE('2021-06-13', 'YYYY-MM-DD'), 'IVP_014', 'TE_08');
INSERT INTO indi_durchfuehrungen VALUES('IDRF_0921', 7, 10, 1, 90, TO_DATE('2021-06-13', 'YYYY-MM-DD'), 'IVP_014', 'TE_09');
INSERT INTO indi_durchfuehrungen VALUES('IDRF_0922', 8, 9, 1, 60, TO_DATE('2021-06-13', 'YYYY-MM-DD'), 'IVP_014', 'TE_10');
INSERT INTO indi_durchfuehrungen VALUES('IDRF_0923', 8, 8, 3, 60, TO_DATE('2021-06-13', 'YYYY-MM-DD'), 'IVP_014', 'TE_11');
INSERT INTO indi_durchfuehrungen VALUES('IDRF_0924', 10, 10, 3, 120, TO_DATE('2021-06-13', 'YYYY-MM-DD'), 'IVP_014', 'TE_12');
INSERT INTO indi_durchfuehrungen VALUES('IDRF_0925', 8, 10, 2, 60, TO_DATE('2021-06-13', 'YYYY-MM-DD'), 'IVP_014', 'TE_13');
INSERT INTO indi_durchfuehrungen VALUES('IDRF_0926', 9, 8, 3, 90, TO_DATE('2021-06-13', 'YYYY-MM-DD'), 'IVP_014', 'TE_14');
INSERT INTO indi_durchfuehrungen VALUES('IDRF_0927', 7, 1, 1, 0, TO_DATE('2021-06-13', 'YYYY-MM-DD'), 'IVP_014', 'TE_15');
INSERT INTO indi_durchfuehrungen VALUES('IDRF_0928', 7, 1, 1, 0, TO_DATE('2021-02-26', 'YYYY-MM-DD'), 'IVP_014', 'TE_08');
INSERT INTO indi_durchfuehrungen VALUES('IDRF_0929', 9, 11, 3, 90, TO_DATE('2021-02-26', 'YYYY-MM-DD'), 'IVP_014', 'TE_09');
INSERT INTO indi_durchfuehrungen VALUES('IDRF_0930', 7, 9, 1, 90, TO_DATE('2021-02-26', 'YYYY-MM-DD'), 'IVP_014', 'TE_10');
INSERT INTO indi_durchfuehrungen VALUES('IDRF_0931', 7, 9, 2, 120, TO_DATE('2021-02-26', 'YYYY-MM-DD'), 'IVP_014', 'TE_11');
INSERT INTO indi_durchfuehrungen VALUES('IDRF_0932', 7, 10, 3, 60, TO_DATE('2021-02-26', 'YYYY-MM-DD'), 'IVP_014', 'TE_12');
INSERT INTO indi_durchfuehrungen VALUES('IDRF_0933', 10, 11, 3, 60, TO_DATE('2021-02-26', 'YYYY-MM-DD'), 'IVP_014', 'TE_13');
INSERT INTO indi_durchfuehrungen VALUES('IDRF_0934', 8, 9, 1, 60, TO_DATE('2021-02-26', 'YYYY-MM-DD'), 'IVP_014', 'TE_14');
INSERT INTO indi_durchfuehrungen VALUES('IDRF_0935', 7, 1, 1, 0, TO_DATE('2021-02-26', 'YYYY-MM-DD'), 'IVP_014', 'TE_15');
INSERT INTO indi_durchfuehrungen VALUES('IDRF_0936', 7, 1, 1, 0, TO_DATE('2021-09-03', 'YYYY-MM-DD'), 'IVP_014', 'TE_08');
INSERT INTO indi_durchfuehrungen VALUES('IDRF_0937', 10, 9, 3, 90, TO_DATE('2021-09-03', 'YYYY-MM-DD'), 'IVP_014', 'TE_09');
INSERT INTO indi_durchfuehrungen VALUES('IDRF_0938', 8, 9, 1, 60, TO_DATE('2021-09-03', 'YYYY-MM-DD'), 'IVP_014', 'TE_10');
INSERT INTO indi_durchfuehrungen VALUES('IDRF_0939', 9, 9, 1, 90, TO_DATE('2021-09-03', 'YYYY-MM-DD'), 'IVP_014', 'TE_11');
INSERT INTO indi_durchfuehrungen VALUES('IDRF_0940', 7, 11, 2, 120, TO_DATE('2021-09-03', 'YYYY-MM-DD'), 'IVP_014', 'TE_12');
INSERT INTO indi_durchfuehrungen VALUES('IDRF_0941', 5, 8, 1, 60, TO_DATE('2021-09-03', 'YYYY-MM-DD'), 'IVP_014', 'TE_13');
INSERT INTO indi_durchfuehrungen VALUES('IDRF_0942', 5, 11, 2, 90, TO_DATE('2021-09-03', 'YYYY-MM-DD'), 'IVP_014', 'TE_14');
INSERT INTO indi_durchfuehrungen VALUES('IDRF_0943', 7, 1, 1, 0, TO_DATE('2021-09-03', 'YYYY-MM-DD'), 'IVP_014', 'TE_15');
INSERT INTO indi_durchfuehrungen VALUES('IDRF_0944', 7, 1, 1, 0, TO_DATE('2021-03-28', 'YYYY-MM-DD'), 'IVP_014', 'TE_08');
INSERT INTO indi_durchfuehrungen VALUES('IDRF_0945', 7, 10, 2, 90, TO_DATE('2021-03-28', 'YYYY-MM-DD'), 'IVP_014', 'TE_09');
INSERT INTO indi_durchfuehrungen VALUES('IDRF_0946', 6, 10, 2, 60, TO_DATE('2021-03-28', 'YYYY-MM-DD'), 'IVP_014', 'TE_10');
INSERT INTO indi_durchfuehrungen VALUES('IDRF_0947', 9, 11, 1, 90, TO_DATE('2021-03-28', 'YYYY-MM-DD'), 'IVP_014', 'TE_11');
INSERT INTO indi_durchfuehrungen VALUES('IDRF_0948', 7, 9, 2, 120, TO_DATE('2021-03-28', 'YYYY-MM-DD'), 'IVP_014', 'TE_12');
INSERT INTO indi_durchfuehrungen VALUES('IDRF_0949', 7, 9, 2, 90, TO_DATE('2021-03-28', 'YYYY-MM-DD'), 'IVP_014', 'TE_13');
INSERT INTO indi_durchfuehrungen VALUES('IDRF_0950', 7, 11, 3, 120, TO_DATE('2021-03-28', 'YYYY-MM-DD'), 'IVP_014', 'TE_14');
INSERT INTO indi_durchfuehrungen VALUES('IDRF_0951', 7, 1, 1, 0, TO_DATE('2021-03-28', 'YYYY-MM-DD'), 'IVP_014', 'TE_15');
INSERT INTO indi_durchfuehrungen VALUES('IDRF_0952', 7, 1, 1, 0, TO_DATE('2021-11-06', 'YYYY-MM-DD'), 'IVP_014', 'TE_08');
INSERT INTO indi_durchfuehrungen VALUES('IDRF_0953', 10, 11, 1, 120, TO_DATE('2021-11-06', 'YYYY-MM-DD'), 'IVP_014', 'TE_09');
INSERT INTO indi_durchfuehrungen VALUES('IDRF_0954', 9, 11, 1, 60, TO_DATE('2021-11-06', 'YYYY-MM-DD'), 'IVP_014', 'TE_10');
INSERT INTO indi_durchfuehrungen VALUES('IDRF_0955', 10, 10, 2, 90, TO_DATE('2021-11-06', 'YYYY-MM-DD'), 'IVP_014', 'TE_11');
INSERT INTO indi_durchfuehrungen VALUES('IDRF_0956', 6, 11, 3, 120, TO_DATE('2021-11-06', 'YYYY-MM-DD'), 'IVP_014', 'TE_12');
INSERT INTO indi_durchfuehrungen VALUES('IDRF_0957', 10, 9, 2, 60, TO_DATE('2021-11-06', 'YYYY-MM-DD'), 'IVP_014', 'TE_13');
INSERT INTO indi_durchfuehrungen VALUES('IDRF_0958', 5, 10, 3, 90, TO_DATE('2021-11-06', 'YYYY-MM-DD'), 'IVP_014', 'TE_14');
INSERT INTO indi_durchfuehrungen VALUES('IDRF_0959', 7, 1, 1, 0, TO_DATE('2021-11-06', 'YYYY-MM-DD'), 'IVP_014', 'TE_15');
INSERT INTO indi_durchfuehrungen VALUES('IDRF_0960', 9, 8, 3, 60, TO_DATE('2021-09-02', 'YYYY-MM-DD'), 'IVP_015', 'TE_16');
INSERT INTO indi_durchfuehrungen VALUES('IDRF_0961', 7, 11, 2, 60, TO_DATE('2021-09-02', 'YYYY-MM-DD'), 'IVP_015', 'TE_17');
INSERT INTO indi_durchfuehrungen VALUES('IDRF_0962', 7, 10, 3, 90, TO_DATE('2021-09-02', 'YYYY-MM-DD'), 'IVP_015', 'TE_18');
INSERT INTO indi_durchfuehrungen VALUES('IDRF_0963', 8, 11, 2, 90, TO_DATE('2021-09-02', 'YYYY-MM-DD'), 'IVP_015', 'TE_19');
INSERT INTO indi_durchfuehrungen VALUES('IDRF_0964', 8, 8, 1, 90, TO_DATE('2021-09-02', 'YYYY-MM-DD'), 'IVP_015', 'TE_20');
INSERT INTO indi_durchfuehrungen VALUES('IDRF_0965', 5, 9, 3, 90, TO_DATE('2021-09-02', 'YYYY-MM-DD'), 'IVP_015', 'TE_29');
INSERT INTO indi_durchfuehrungen VALUES('IDRF_0966', 9, 8, 2, 60, TO_DATE('2021-09-02', 'YYYY-MM-DD'), 'IVP_015', 'TE_30');
INSERT INTO indi_durchfuehrungen VALUES('IDRF_0967', 5, 10, 2, 60, TO_DATE('2021-09-02', 'YYYY-MM-DD'), 'IVP_015', 'TE_31');
INSERT INTO indi_durchfuehrungen VALUES('IDRF_0968', 6, 8, 2, 60, TO_DATE('2021-03-26', 'YYYY-MM-DD'), 'IVP_015', 'TE_16');
INSERT INTO indi_durchfuehrungen VALUES('IDRF_0969', 9, 11, 3, 120, TO_DATE('2021-03-26', 'YYYY-MM-DD'), 'IVP_015', 'TE_17');
INSERT INTO indi_durchfuehrungen VALUES('IDRF_0970', 8, 11, 1, 60, TO_DATE('2021-03-26', 'YYYY-MM-DD'), 'IVP_015', 'TE_18');
INSERT INTO indi_durchfuehrungen VALUES('IDRF_0971', 8, 9, 2, 60, TO_DATE('2021-03-26', 'YYYY-MM-DD'), 'IVP_015', 'TE_19');
INSERT INTO indi_durchfuehrungen VALUES('IDRF_0972', 7, 9, 1, 120, TO_DATE('2021-03-26', 'YYYY-MM-DD'), 'IVP_015', 'TE_20');
INSERT INTO indi_durchfuehrungen VALUES('IDRF_0973', 7, 11, 1, 90, TO_DATE('2021-03-26', 'YYYY-MM-DD'), 'IVP_015', 'TE_29');
INSERT INTO indi_durchfuehrungen VALUES('IDRF_0974', 8, 10, 1, 90, TO_DATE('2021-03-26', 'YYYY-MM-DD'), 'IVP_015', 'TE_30');
INSERT INTO indi_durchfuehrungen VALUES('IDRF_0975', 5, 8, 3, 120, TO_DATE('2021-03-26', 'YYYY-MM-DD'), 'IVP_015', 'TE_31');
INSERT INTO indi_durchfuehrungen VALUES('IDRF_0976', 10, 11, 1, 90, TO_DATE('2021-10-26', 'YYYY-MM-DD'), 'IVP_015', 'TE_16');
INSERT INTO indi_durchfuehrungen VALUES('IDRF_0977', 7, 8, 2, 120, TO_DATE('2021-10-26', 'YYYY-MM-DD'), 'IVP_015', 'TE_17');
INSERT INTO indi_durchfuehrungen VALUES('IDRF_0978', 6, 10, 2, 90, TO_DATE('2021-10-26', 'YYYY-MM-DD'), 'IVP_015', 'TE_18');
INSERT INTO indi_durchfuehrungen VALUES('IDRF_0979', 5, 8, 2, 90, TO_DATE('2021-10-26', 'YYYY-MM-DD'), 'IVP_015', 'TE_19');
INSERT INTO indi_durchfuehrungen VALUES('IDRF_0980', 5, 10, 2, 60, TO_DATE('2021-10-26', 'YYYY-MM-DD'), 'IVP_015', 'TE_20');
INSERT INTO indi_durchfuehrungen VALUES('IDRF_0981', 9, 8, 1, 90, TO_DATE('2021-10-26', 'YYYY-MM-DD'), 'IVP_015', 'TE_29');
INSERT INTO indi_durchfuehrungen VALUES('IDRF_0982', 5, 10, 1, 90, TO_DATE('2021-10-26', 'YYYY-MM-DD'), 'IVP_015', 'TE_30');
INSERT INTO indi_durchfuehrungen VALUES('IDRF_0983', 8, 10, 2, 120, TO_DATE('2021-10-26', 'YYYY-MM-DD'), 'IVP_015', 'TE_31');
INSERT INTO indi_durchfuehrungen VALUES('IDRF_0984', 8, 11, 2, 90, TO_DATE('2021-07-16', 'YYYY-MM-DD'), 'IVP_015', 'TE_16');
INSERT INTO indi_durchfuehrungen VALUES('IDRF_0985', 10, 11, 3, 120, TO_DATE('2021-07-16', 'YYYY-MM-DD'), 'IVP_015', 'TE_17');
INSERT INTO indi_durchfuehrungen VALUES('IDRF_0986', 10, 10, 2, 120, TO_DATE('2021-07-16', 'YYYY-MM-DD'), 'IVP_015', 'TE_18');
INSERT INTO indi_durchfuehrungen VALUES('IDRF_0987', 8, 9, 1, 90, TO_DATE('2021-07-16', 'YYYY-MM-DD'), 'IVP_015', 'TE_19');
INSERT INTO indi_durchfuehrungen VALUES('IDRF_0988', 5, 9, 3, 90, TO_DATE('2021-07-16', 'YYYY-MM-DD'), 'IVP_015', 'TE_20');
INSERT INTO indi_durchfuehrungen VALUES('IDRF_0989', 10, 11, 1, 90, TO_DATE('2021-07-16', 'YYYY-MM-DD'), 'IVP_015', 'TE_29');
INSERT INTO indi_durchfuehrungen VALUES('IDRF_0990', 9, 8, 2, 90, TO_DATE('2021-07-16', 'YYYY-MM-DD'), 'IVP_015', 'TE_30');
INSERT INTO indi_durchfuehrungen VALUES('IDRF_0991', 7, 11, 2, 120, TO_DATE('2021-07-16', 'YYYY-MM-DD'), 'IVP_015', 'TE_31');
INSERT INTO indi_durchfuehrungen VALUES('IDRF_0992', 9, 9, 3, 120, TO_DATE('2021-03-13', 'YYYY-MM-DD'), 'IVP_015', 'TE_16');
INSERT INTO indi_durchfuehrungen VALUES('IDRF_0993', 8, 10, 1, 90, TO_DATE('2021-03-13', 'YYYY-MM-DD'), 'IVP_015', 'TE_17');
INSERT INTO indi_durchfuehrungen VALUES('IDRF_0994', 6, 8, 1, 60, TO_DATE('2021-03-13', 'YYYY-MM-DD'), 'IVP_015', 'TE_18');
INSERT INTO indi_durchfuehrungen VALUES('IDRF_0995', 8, 11, 1, 60, TO_DATE('2021-03-13', 'YYYY-MM-DD'), 'IVP_015', 'TE_19');
INSERT INTO indi_durchfuehrungen VALUES('IDRF_0996', 9, 11, 1, 120, TO_DATE('2021-03-13', 'YYYY-MM-DD'), 'IVP_015', 'TE_20');
INSERT INTO indi_durchfuehrungen VALUES('IDRF_0997', 8, 10, 2, 90, TO_DATE('2021-03-13', 'YYYY-MM-DD'), 'IVP_015', 'TE_29');
INSERT INTO indi_durchfuehrungen VALUES('IDRF_0998', 7, 10, 3, 90, TO_DATE('2021-03-13', 'YYYY-MM-DD'), 'IVP_015', 'TE_30');
INSERT INTO indi_durchfuehrungen VALUES('IDRF_0999', 8, 9, 1, 120, TO_DATE('2021-03-13', 'YYYY-MM-DD'), 'IVP_015', 'TE_31');
INSERT INTO indi_durchfuehrungen VALUES('IDRF_1000', 6, 11, 2, 90, TO_DATE('2021-07-21', 'YYYY-MM-DD'), 'IVP_015', 'TE_16');
INSERT INTO indi_durchfuehrungen VALUES('IDRF_1001', 9, 10, 2, 60, TO_DATE('2021-07-21', 'YYYY-MM-DD'), 'IVP_015', 'TE_17');
INSERT INTO indi_durchfuehrungen VALUES('IDRF_1002', 7, 10, 3, 90, TO_DATE('2021-07-21', 'YYYY-MM-DD'), 'IVP_015', 'TE_18');
INSERT INTO indi_durchfuehrungen VALUES('IDRF_1003', 5, 10, 2, 90, TO_DATE('2021-07-21', 'YYYY-MM-DD'), 'IVP_015', 'TE_19');
INSERT INTO indi_durchfuehrungen VALUES('IDRF_1004', 10, 11, 2, 90, TO_DATE('2021-07-21', 'YYYY-MM-DD'), 'IVP_015', 'TE_20');
INSERT INTO indi_durchfuehrungen VALUES('IDRF_1005', 7, 8, 2, 120, TO_DATE('2021-07-21', 'YYYY-MM-DD'), 'IVP_015', 'TE_29');
INSERT INTO indi_durchfuehrungen VALUES('IDRF_1006', 8, 9, 2, 60, TO_DATE('2021-07-21', 'YYYY-MM-DD'), 'IVP_015', 'TE_30');
INSERT INTO indi_durchfuehrungen VALUES('IDRF_1007', 7, 11, 1, 90, TO_DATE('2021-07-21', 'YYYY-MM-DD'), 'IVP_015', 'TE_31');
INSERT INTO indi_durchfuehrungen VALUES('IDRF_1008', 8, 9, 1, 90, TO_DATE('2021-07-14', 'YYYY-MM-DD'), 'IVP_015', 'TE_16');
INSERT INTO indi_durchfuehrungen VALUES('IDRF_1009', 9, 11, 3, 90, TO_DATE('2021-07-14', 'YYYY-MM-DD'), 'IVP_015', 'TE_17');
INSERT INTO indi_durchfuehrungen VALUES('IDRF_1010', 7, 9, 2, 120, TO_DATE('2021-07-14', 'YYYY-MM-DD'), 'IVP_015', 'TE_18');
INSERT INTO indi_durchfuehrungen VALUES('IDRF_1011', 6, 10, 3, 60, TO_DATE('2021-07-14', 'YYYY-MM-DD'), 'IVP_015', 'TE_19');
INSERT INTO indi_durchfuehrungen VALUES('IDRF_1012', 6, 11, 3, 120, TO_DATE('2021-07-14', 'YYYY-MM-DD'), 'IVP_015', 'TE_20');
INSERT INTO indi_durchfuehrungen VALUES('IDRF_1013', 7, 10, 2, 60, TO_DATE('2021-07-14', 'YYYY-MM-DD'), 'IVP_015', 'TE_29');
INSERT INTO indi_durchfuehrungen VALUES('IDRF_1014', 9, 9, 1, 60, TO_DATE('2021-07-14', 'YYYY-MM-DD'), 'IVP_015', 'TE_30');
INSERT INTO indi_durchfuehrungen VALUES('IDRF_1015', 7, 10, 1, 90, TO_DATE('2021-07-14', 'YYYY-MM-DD'), 'IVP_015', 'TE_31');
INSERT INTO indi_durchfuehrungen VALUES('IDRF_1016', 8, 9, 1, 60, TO_DATE('2021-04-10', 'YYYY-MM-DD'), 'IVP_015', 'TE_16');
INSERT INTO indi_durchfuehrungen VALUES('IDRF_1017', 10, 8, 2, 120, TO_DATE('2021-04-10', 'YYYY-MM-DD'), 'IVP_015', 'TE_17');
INSERT INTO indi_durchfuehrungen VALUES('IDRF_1018', 9, 11, 1, 120, TO_DATE('2021-04-10', 'YYYY-MM-DD'), 'IVP_015', 'TE_18');
INSERT INTO indi_durchfuehrungen VALUES('IDRF_1019', 9, 11, 2, 120, TO_DATE('2021-04-10', 'YYYY-MM-DD'), 'IVP_015', 'TE_19');
INSERT INTO indi_durchfuehrungen VALUES('IDRF_1020', 8, 10, 1, 90, TO_DATE('2021-04-10', 'YYYY-MM-DD'), 'IVP_015', 'TE_20');
INSERT INTO indi_durchfuehrungen VALUES('IDRF_1021', 10, 11, 1, 90, TO_DATE('2021-04-10', 'YYYY-MM-DD'), 'IVP_015', 'TE_29');
INSERT INTO indi_durchfuehrungen VALUES('IDRF_1022', 7, 8, 2, 120, TO_DATE('2021-04-10', 'YYYY-MM-DD'), 'IVP_015', 'TE_30');
INSERT INTO indi_durchfuehrungen VALUES('IDRF_1023', 10, 8, 3, 120, TO_DATE('2021-04-10', 'YYYY-MM-DD'), 'IVP_015', 'TE_31');
INSERT INTO indi_durchfuehrungen VALUES('IDRF_1024', 7, 1, 1, 0, TO_DATE('2021-02-10', 'YYYY-MM-DD'), 'IVP_016', 'TE_32');
INSERT INTO indi_durchfuehrungen VALUES('IDRF_1025', 6, 9, 3, 90, TO_DATE('2021-02-10', 'YYYY-MM-DD'), 'IVP_016', 'TE_33');
INSERT INTO indi_durchfuehrungen VALUES('IDRF_1026', 10, 8, 3, 60, TO_DATE('2021-02-10', 'YYYY-MM-DD'), 'IVP_016', 'TE_34');
INSERT INTO indi_durchfuehrungen VALUES('IDRF_1027', 10, 9, 1, 90, TO_DATE('2021-02-10', 'YYYY-MM-DD'), 'IVP_016', 'TE_35');
INSERT INTO indi_durchfuehrungen VALUES('IDRF_1028', 9, 9, 3, 120, TO_DATE('2021-02-10', 'YYYY-MM-DD'), 'IVP_016', 'TE_36');
INSERT INTO indi_durchfuehrungen VALUES('IDRF_1029', 10, 10, 1, 120, TO_DATE('2021-02-10', 'YYYY-MM-DD'), 'IVP_016', 'TE_37');
INSERT INTO indi_durchfuehrungen VALUES('IDRF_1030', 8, 11, 3, 60, TO_DATE('2021-02-10', 'YYYY-MM-DD'), 'IVP_016', 'TE_38');
INSERT INTO indi_durchfuehrungen VALUES('IDRF_1031', 8, 9, 1, 60, TO_DATE('2021-02-10', 'YYYY-MM-DD'), 'IVP_016', 'TE_39');
INSERT INTO indi_durchfuehrungen VALUES('IDRF_1032', 7, 1, 1, 0, TO_DATE('2021-08-09', 'YYYY-MM-DD'), 'IVP_016', 'TE_32');
INSERT INTO indi_durchfuehrungen VALUES('IDRF_1033', 7, 8, 3, 90, TO_DATE('2021-08-09', 'YYYY-MM-DD'), 'IVP_016', 'TE_33');
INSERT INTO indi_durchfuehrungen VALUES('IDRF_1034', 9, 9, 2, 90, TO_DATE('2021-08-09', 'YYYY-MM-DD'), 'IVP_016', 'TE_34');
INSERT INTO indi_durchfuehrungen VALUES('IDRF_1035', 6, 8, 1, 60, TO_DATE('2021-08-09', 'YYYY-MM-DD'), 'IVP_016', 'TE_35');
INSERT INTO indi_durchfuehrungen VALUES('IDRF_1036', 9, 11, 1, 90, TO_DATE('2021-08-09', 'YYYY-MM-DD'), 'IVP_016', 'TE_36');
INSERT INTO indi_durchfuehrungen VALUES('IDRF_1037', 7, 9, 1, 90, TO_DATE('2021-08-09', 'YYYY-MM-DD'), 'IVP_016', 'TE_37');
INSERT INTO indi_durchfuehrungen VALUES('IDRF_1038', 6, 8, 2, 120, TO_DATE('2021-08-09', 'YYYY-MM-DD'), 'IVP_016', 'TE_38');
INSERT INTO indi_durchfuehrungen VALUES('IDRF_1039', 5, 8, 1, 60, TO_DATE('2021-08-09', 'YYYY-MM-DD'), 'IVP_016', 'TE_39');
INSERT INTO indi_durchfuehrungen VALUES('IDRF_1040', 7, 1, 1, 0, TO_DATE('2021-01-19', 'YYYY-MM-DD'), 'IVP_016', 'TE_32');
INSERT INTO indi_durchfuehrungen VALUES('IDRF_1041', 6, 11, 2, 60, TO_DATE('2021-01-19', 'YYYY-MM-DD'), 'IVP_016', 'TE_33');
INSERT INTO indi_durchfuehrungen VALUES('IDRF_1042', 9, 8, 3, 60, TO_DATE('2021-01-19', 'YYYY-MM-DD'), 'IVP_016', 'TE_34');
INSERT INTO indi_durchfuehrungen VALUES('IDRF_1043', 6, 11, 2, 120, TO_DATE('2021-01-19', 'YYYY-MM-DD'), 'IVP_016', 'TE_35');
INSERT INTO indi_durchfuehrungen VALUES('IDRF_1044', 5, 8, 2, 120, TO_DATE('2021-01-19', 'YYYY-MM-DD'), 'IVP_016', 'TE_36');
INSERT INTO indi_durchfuehrungen VALUES('IDRF_1045', 9, 8, 3, 120, TO_DATE('2021-01-19', 'YYYY-MM-DD'), 'IVP_016', 'TE_37');
INSERT INTO indi_durchfuehrungen VALUES('IDRF_1046', 9, 10, 1, 90, TO_DATE('2021-01-19', 'YYYY-MM-DD'), 'IVP_016', 'TE_38');
INSERT INTO indi_durchfuehrungen VALUES('IDRF_1047', 7, 11, 1, 120, TO_DATE('2021-01-19', 'YYYY-MM-DD'), 'IVP_016', 'TE_39');
INSERT INTO indi_durchfuehrungen VALUES('IDRF_1048', 7, 1, 1, 0, TO_DATE('2021-04-07', 'YYYY-MM-DD'), 'IVP_016', 'TE_32');
INSERT INTO indi_durchfuehrungen VALUES('IDRF_1049', 7, 10, 1, 60, TO_DATE('2021-04-07', 'YYYY-MM-DD'), 'IVP_016', 'TE_33');
INSERT INTO indi_durchfuehrungen VALUES('IDRF_1050', 9, 9, 3, 120, TO_DATE('2021-04-07', 'YYYY-MM-DD'), 'IVP_016', 'TE_34');
INSERT INTO indi_durchfuehrungen VALUES('IDRF_1051', 10, 9, 2, 60, TO_DATE('2021-04-07', 'YYYY-MM-DD'), 'IVP_016', 'TE_35');
INSERT INTO indi_durchfuehrungen VALUES('IDRF_1052', 9, 9, 1, 60, TO_DATE('2021-04-07', 'YYYY-MM-DD'), 'IVP_016', 'TE_36');
INSERT INTO indi_durchfuehrungen VALUES('IDRF_1053', 10, 10, 2, 60, TO_DATE('2021-04-07', 'YYYY-MM-DD'), 'IVP_016', 'TE_37');
INSERT INTO indi_durchfuehrungen VALUES('IDRF_1054', 7, 11, 1, 120, TO_DATE('2021-04-07', 'YYYY-MM-DD'), 'IVP_016', 'TE_38');
INSERT INTO indi_durchfuehrungen VALUES('IDRF_1055', 5, 11, 3, 90, TO_DATE('2021-04-07', 'YYYY-MM-DD'), 'IVP_016', 'TE_39');
INSERT INTO indi_durchfuehrungen VALUES('IDRF_1056', 7, 1, 1, 0, TO_DATE('2021-12-12', 'YYYY-MM-DD'), 'IVP_016', 'TE_32');
INSERT INTO indi_durchfuehrungen VALUES('IDRF_1057', 7, 8, 3, 120, TO_DATE('2021-12-12', 'YYYY-MM-DD'), 'IVP_016', 'TE_33');
INSERT INTO indi_durchfuehrungen VALUES('IDRF_1058', 5, 9, 2, 120, TO_DATE('2021-12-12', 'YYYY-MM-DD'), 'IVP_016', 'TE_34');
INSERT INTO indi_durchfuehrungen VALUES('IDRF_1059', 10, 8, 1, 60, TO_DATE('2021-12-12', 'YYYY-MM-DD'), 'IVP_016', 'TE_35');
INSERT INTO indi_durchfuehrungen VALUES('IDRF_1060', 7, 9, 2, 90, TO_DATE('2021-12-12', 'YYYY-MM-DD'), 'IVP_016', 'TE_36');
INSERT INTO indi_durchfuehrungen VALUES('IDRF_1061', 10, 9, 2, 90, TO_DATE('2021-12-12', 'YYYY-MM-DD'), 'IVP_016', 'TE_37');
INSERT INTO indi_durchfuehrungen VALUES('IDRF_1062', 10, 11, 1, 90, TO_DATE('2021-12-12', 'YYYY-MM-DD'), 'IVP_016', 'TE_38');
INSERT INTO indi_durchfuehrungen VALUES('IDRF_1063', 9, 10, 2, 90, TO_DATE('2021-12-12', 'YYYY-MM-DD'), 'IVP_016', 'TE_39');
INSERT INTO indi_durchfuehrungen VALUES('IDRF_1064', 7, 1, 1, 0, TO_DATE('2021-09-14', 'YYYY-MM-DD'), 'IVP_016', 'TE_32');
INSERT INTO indi_durchfuehrungen VALUES('IDRF_1065', 8, 11, 2, 60, TO_DATE('2021-09-14', 'YYYY-MM-DD'), 'IVP_016', 'TE_33');
INSERT INTO indi_durchfuehrungen VALUES('IDRF_1066', 8, 8, 3, 120, TO_DATE('2021-09-14', 'YYYY-MM-DD'), 'IVP_016', 'TE_34');
INSERT INTO indi_durchfuehrungen VALUES('IDRF_1067', 7, 9, 1, 90, TO_DATE('2021-09-14', 'YYYY-MM-DD'), 'IVP_016', 'TE_35');
INSERT INTO indi_durchfuehrungen VALUES('IDRF_1068', 9, 8, 1, 60, TO_DATE('2021-09-14', 'YYYY-MM-DD'), 'IVP_016', 'TE_36');
INSERT INTO indi_durchfuehrungen VALUES('IDRF_1069', 7, 10, 1, 120, TO_DATE('2021-09-14', 'YYYY-MM-DD'), 'IVP_016', 'TE_37');
INSERT INTO indi_durchfuehrungen VALUES('IDRF_1070', 7, 11, 1, 90, TO_DATE('2021-09-14', 'YYYY-MM-DD'), 'IVP_016', 'TE_38');
INSERT INTO indi_durchfuehrungen VALUES('IDRF_1071', 10, 10, 3, 120, TO_DATE('2021-09-14', 'YYYY-MM-DD'), 'IVP_016', 'TE_39');
INSERT INTO indi_durchfuehrungen VALUES('IDRF_1072', 7, 1, 1, 0, TO_DATE('2021-09-23', 'YYYY-MM-DD'), 'IVP_016', 'TE_32');
INSERT INTO indi_durchfuehrungen VALUES('IDRF_1073', 8, 8, 1, 60, TO_DATE('2021-09-23', 'YYYY-MM-DD'), 'IVP_016', 'TE_33');
INSERT INTO indi_durchfuehrungen VALUES('IDRF_1074', 10, 9, 3, 60, TO_DATE('2021-09-23', 'YYYY-MM-DD'), 'IVP_016', 'TE_34');
INSERT INTO indi_durchfuehrungen VALUES('IDRF_1075', 8, 10, 3, 90, TO_DATE('2021-09-23', 'YYYY-MM-DD'), 'IVP_016', 'TE_35');
INSERT INTO indi_durchfuehrungen VALUES('IDRF_1076', 8, 11, 3, 60, TO_DATE('2021-09-23', 'YYYY-MM-DD'), 'IVP_016', 'TE_36');
INSERT INTO indi_durchfuehrungen VALUES('IDRF_1077', 9, 8, 2, 120, TO_DATE('2021-09-23', 'YYYY-MM-DD'), 'IVP_016', 'TE_37');
INSERT INTO indi_durchfuehrungen VALUES('IDRF_1078', 7, 9, 3, 60, TO_DATE('2021-09-23', 'YYYY-MM-DD'), 'IVP_016', 'TE_38');
INSERT INTO indi_durchfuehrungen VALUES('IDRF_1079', 10, 8, 2, 60, TO_DATE('2021-09-23', 'YYYY-MM-DD'), 'IVP_016', 'TE_39');
INSERT INTO indi_durchfuehrungen VALUES('IDRF_1080', 7, 1, 1, 0, TO_DATE('2021-05-18', 'YYYY-MM-DD'), 'IVP_016', 'TE_32');
INSERT INTO indi_durchfuehrungen VALUES('IDRF_1081', 9, 9, 1, 60, TO_DATE('2021-05-18', 'YYYY-MM-DD'), 'IVP_016', 'TE_33');
INSERT INTO indi_durchfuehrungen VALUES('IDRF_1082', 8, 9, 2, 90, TO_DATE('2021-05-18', 'YYYY-MM-DD'), 'IVP_016', 'TE_34');
INSERT INTO indi_durchfuehrungen VALUES('IDRF_1083', 10, 11, 3, 60, TO_DATE('2021-05-18', 'YYYY-MM-DD'), 'IVP_016', 'TE_35');
INSERT INTO indi_durchfuehrungen VALUES('IDRF_1084', 6, 9, 3, 90, TO_DATE('2021-05-18', 'YYYY-MM-DD'), 'IVP_016', 'TE_36');
INSERT INTO indi_durchfuehrungen VALUES('IDRF_1085', 6, 9, 1, 120, TO_DATE('2021-05-18', 'YYYY-MM-DD'), 'IVP_016', 'TE_37');
INSERT INTO indi_durchfuehrungen VALUES('IDRF_1086', 10, 8, 1, 60, TO_DATE('2021-05-18', 'YYYY-MM-DD'), 'IVP_016', 'TE_38');
INSERT INTO indi_durchfuehrungen VALUES('IDRF_1087', 6, 11, 3, 90, TO_DATE('2021-05-18', 'YYYY-MM-DD'), 'IVP_016', 'TE_39');
INSERT INTO indi_durchfuehrungen VALUES('IDRF_1088', 7, 1, 1, 0, TO_DATE('2021-01-03', 'YYYY-MM-DD'), 'IVP_017', 'TE_08');
INSERT INTO indi_durchfuehrungen VALUES('IDRF_1089', 7, 10, 2, 120, TO_DATE('2021-01-03', 'YYYY-MM-DD'), 'IVP_017', 'TE_09');
INSERT INTO indi_durchfuehrungen VALUES('IDRF_1090', 8, 8, 3, 120, TO_DATE('2021-01-03', 'YYYY-MM-DD'), 'IVP_017', 'TE_10');
INSERT INTO indi_durchfuehrungen VALUES('IDRF_1091', 6, 10, 3, 120, TO_DATE('2021-01-03', 'YYYY-MM-DD'), 'IVP_017', 'TE_11');
INSERT INTO indi_durchfuehrungen VALUES('IDRF_1092', 5, 9, 2, 60, TO_DATE('2021-01-03', 'YYYY-MM-DD'), 'IVP_017', 'TE_12');
INSERT INTO indi_durchfuehrungen VALUES('IDRF_1093', 7, 9, 2, 120, TO_DATE('2021-01-03', 'YYYY-MM-DD'), 'IVP_017', 'TE_13');
INSERT INTO indi_durchfuehrungen VALUES('IDRF_1094', 5, 9, 3, 120, TO_DATE('2021-01-03', 'YYYY-MM-DD'), 'IVP_017', 'TE_14');
INSERT INTO indi_durchfuehrungen VALUES('IDRF_1095', 7, 1, 1, 0, TO_DATE('2021-01-03', 'YYYY-MM-DD'), 'IVP_017', 'TE_15');
INSERT INTO indi_durchfuehrungen VALUES('IDRF_1096', 7, 1, 1, 0, TO_DATE('2021-11-06', 'YYYY-MM-DD'), 'IVP_017', 'TE_08');
INSERT INTO indi_durchfuehrungen VALUES('IDRF_1097', 10, 8, 2, 120, TO_DATE('2021-11-06', 'YYYY-MM-DD'), 'IVP_017', 'TE_09');
INSERT INTO indi_durchfuehrungen VALUES('IDRF_1098', 5, 10, 3, 60, TO_DATE('2021-11-06', 'YYYY-MM-DD'), 'IVP_017', 'TE_10');
INSERT INTO indi_durchfuehrungen VALUES('IDRF_1099', 7, 10, 3, 60, TO_DATE('2021-11-06', 'YYYY-MM-DD'), 'IVP_017', 'TE_11');
INSERT INTO indi_durchfuehrungen VALUES('IDRF_1100', 6, 10, 2, 60, TO_DATE('2021-11-06', 'YYYY-MM-DD'), 'IVP_017', 'TE_12');
INSERT INTO indi_durchfuehrungen VALUES('IDRF_1101', 9, 11, 2, 90, TO_DATE('2021-11-06', 'YYYY-MM-DD'), 'IVP_017', 'TE_13');
INSERT INTO indi_durchfuehrungen VALUES('IDRF_1102', 6, 10, 3, 90, TO_DATE('2021-11-06', 'YYYY-MM-DD'), 'IVP_017', 'TE_14');
INSERT INTO indi_durchfuehrungen VALUES('IDRF_1103', 7, 1, 1, 0, TO_DATE('2021-11-06', 'YYYY-MM-DD'), 'IVP_017', 'TE_15');
INSERT INTO indi_durchfuehrungen VALUES('IDRF_1104', 7, 1, 1, 0, TO_DATE('2021-09-01', 'YYYY-MM-DD'), 'IVP_017', 'TE_08');
INSERT INTO indi_durchfuehrungen VALUES('IDRF_1105', 7, 11, 3, 90, TO_DATE('2021-09-01', 'YYYY-MM-DD'), 'IVP_017', 'TE_09');
INSERT INTO indi_durchfuehrungen VALUES('IDRF_1106', 9, 9, 3, 90, TO_DATE('2021-09-01', 'YYYY-MM-DD'), 'IVP_017', 'TE_10');
INSERT INTO indi_durchfuehrungen VALUES('IDRF_1107', 9, 10, 2, 120, TO_DATE('2021-09-01', 'YYYY-MM-DD'), 'IVP_017', 'TE_11');
INSERT INTO indi_durchfuehrungen VALUES('IDRF_1108', 7, 9, 2, 90, TO_DATE('2021-09-01', 'YYYY-MM-DD'), 'IVP_017', 'TE_12');
INSERT INTO indi_durchfuehrungen VALUES('IDRF_1109', 6, 11, 2, 60, TO_DATE('2021-09-01', 'YYYY-MM-DD'), 'IVP_017', 'TE_13');
INSERT INTO indi_durchfuehrungen VALUES('IDRF_1110', 10, 9, 1, 90, TO_DATE('2021-09-01', 'YYYY-MM-DD'), 'IVP_017', 'TE_14');
INSERT INTO indi_durchfuehrungen VALUES('IDRF_1111', 7, 1, 1, 0, TO_DATE('2021-09-01', 'YYYY-MM-DD'), 'IVP_017', 'TE_15');
INSERT INTO indi_durchfuehrungen VALUES('IDRF_1112', 7, 1, 1, 0, TO_DATE('2021-04-15', 'YYYY-MM-DD'), 'IVP_017', 'TE_08');
INSERT INTO indi_durchfuehrungen VALUES('IDRF_1113', 5, 10, 2, 120, TO_DATE('2021-04-15', 'YYYY-MM-DD'), 'IVP_017', 'TE_09');
INSERT INTO indi_durchfuehrungen VALUES('IDRF_1114', 7, 11, 3, 60, TO_DATE('2021-04-15', 'YYYY-MM-DD'), 'IVP_017', 'TE_10');
INSERT INTO indi_durchfuehrungen VALUES('IDRF_1115', 5, 10, 1, 120, TO_DATE('2021-04-15', 'YYYY-MM-DD'), 'IVP_017', 'TE_11');
INSERT INTO indi_durchfuehrungen VALUES('IDRF_1116', 10, 8, 1, 60, TO_DATE('2021-04-15', 'YYYY-MM-DD'), 'IVP_017', 'TE_12');
INSERT INTO indi_durchfuehrungen VALUES('IDRF_1117', 9, 11, 2, 90, TO_DATE('2021-04-15', 'YYYY-MM-DD'), 'IVP_017', 'TE_13');
INSERT INTO indi_durchfuehrungen VALUES('IDRF_1118', 6, 8, 3, 90, TO_DATE('2021-04-15', 'YYYY-MM-DD'), 'IVP_017', 'TE_14');
INSERT INTO indi_durchfuehrungen VALUES('IDRF_1119', 7, 1, 1, 0, TO_DATE('2021-04-15', 'YYYY-MM-DD'), 'IVP_017', 'TE_15');
INSERT INTO indi_durchfuehrungen VALUES('IDRF_1120', 7, 1, 1, 0, TO_DATE('2021-02-13', 'YYYY-MM-DD'), 'IVP_017', 'TE_08');
INSERT INTO indi_durchfuehrungen VALUES('IDRF_1121', 6, 8, 1, 90, TO_DATE('2021-02-13', 'YYYY-MM-DD'), 'IVP_017', 'TE_09');
INSERT INTO indi_durchfuehrungen VALUES('IDRF_1122', 5, 9, 2, 90, TO_DATE('2021-02-13', 'YYYY-MM-DD'), 'IVP_017', 'TE_10');
INSERT INTO indi_durchfuehrungen VALUES('IDRF_1123', 7, 9, 3, 60, TO_DATE('2021-02-13', 'YYYY-MM-DD'), 'IVP_017', 'TE_11');
INSERT INTO indi_durchfuehrungen VALUES('IDRF_1124', 5, 11, 2, 90, TO_DATE('2021-02-13', 'YYYY-MM-DD'), 'IVP_017', 'TE_12');
INSERT INTO indi_durchfuehrungen VALUES('IDRF_1125', 10, 9, 2, 90, TO_DATE('2021-02-13', 'YYYY-MM-DD'), 'IVP_017', 'TE_13');
INSERT INTO indi_durchfuehrungen VALUES('IDRF_1126', 10, 11, 1, 90, TO_DATE('2021-02-13', 'YYYY-MM-DD'), 'IVP_017', 'TE_14');
INSERT INTO indi_durchfuehrungen VALUES('IDRF_1127', 7, 1, 1, 0, TO_DATE('2021-02-13', 'YYYY-MM-DD'), 'IVP_017', 'TE_15');
INSERT INTO indi_durchfuehrungen VALUES('IDRF_1128', 7, 1, 1, 0, TO_DATE('2021-02-14', 'YYYY-MM-DD'), 'IVP_017', 'TE_08');
INSERT INTO indi_durchfuehrungen VALUES('IDRF_1129', 7, 8, 3, 60, TO_DATE('2021-02-14', 'YYYY-MM-DD'), 'IVP_017', 'TE_09');
INSERT INTO indi_durchfuehrungen VALUES('IDRF_1130', 6, 9, 1, 90, TO_DATE('2021-02-14', 'YYYY-MM-DD'), 'IVP_017', 'TE_10');
INSERT INTO indi_durchfuehrungen VALUES('IDRF_1131', 5, 9, 1, 120, TO_DATE('2021-02-14', 'YYYY-MM-DD'), 'IVP_017', 'TE_11');
INSERT INTO indi_durchfuehrungen VALUES('IDRF_1132', 10, 11, 1, 60, TO_DATE('2021-02-14', 'YYYY-MM-DD'), 'IVP_017', 'TE_12');
INSERT INTO indi_durchfuehrungen VALUES('IDRF_1133', 5, 11, 1, 90, TO_DATE('2021-02-14', 'YYYY-MM-DD'), 'IVP_017', 'TE_13');
INSERT INTO indi_durchfuehrungen VALUES('IDRF_1134', 9, 10, 2, 120, TO_DATE('2021-02-14', 'YYYY-MM-DD'), 'IVP_017', 'TE_14');
INSERT INTO indi_durchfuehrungen VALUES('IDRF_1135', 7, 1, 1, 0, TO_DATE('2021-02-14', 'YYYY-MM-DD'), 'IVP_017', 'TE_15');
INSERT INTO indi_durchfuehrungen VALUES('IDRF_1136', 7, 1, 1, 0, TO_DATE('2021-08-21', 'YYYY-MM-DD'), 'IVP_017', 'TE_08');
INSERT INTO indi_durchfuehrungen VALUES('IDRF_1137', 8, 10, 2, 60, TO_DATE('2021-08-21', 'YYYY-MM-DD'), 'IVP_017', 'TE_09');
INSERT INTO indi_durchfuehrungen VALUES('IDRF_1138', 8, 11, 1, 90, TO_DATE('2021-08-21', 'YYYY-MM-DD'), 'IVP_017', 'TE_10');
INSERT INTO indi_durchfuehrungen VALUES('IDRF_1139', 9, 11, 3, 90, TO_DATE('2021-08-21', 'YYYY-MM-DD'), 'IVP_017', 'TE_11');
INSERT INTO indi_durchfuehrungen VALUES('IDRF_1140', 10, 9, 2, 120, TO_DATE('2021-08-21', 'YYYY-MM-DD'), 'IVP_017', 'TE_12');
INSERT INTO indi_durchfuehrungen VALUES('IDRF_1141', 7, 10, 3, 120, TO_DATE('2021-08-21', 'YYYY-MM-DD'), 'IVP_017', 'TE_13');
INSERT INTO indi_durchfuehrungen VALUES('IDRF_1142', 10, 10, 2, 120, TO_DATE('2021-08-21', 'YYYY-MM-DD'), 'IVP_017', 'TE_14');
INSERT INTO indi_durchfuehrungen VALUES('IDRF_1143', 7, 1, 1, 0, TO_DATE('2021-08-21', 'YYYY-MM-DD'), 'IVP_017', 'TE_15');
INSERT INTO indi_durchfuehrungen VALUES('IDRF_1144', 7, 1, 1, 0, TO_DATE('2021-08-13', 'YYYY-MM-DD'), 'IVP_017', 'TE_08');
INSERT INTO indi_durchfuehrungen VALUES('IDRF_1145', 9, 11, 2, 120, TO_DATE('2021-08-13', 'YYYY-MM-DD'), 'IVP_017', 'TE_09');
INSERT INTO indi_durchfuehrungen VALUES('IDRF_1146', 8, 11, 1, 120, TO_DATE('2021-08-13', 'YYYY-MM-DD'), 'IVP_017', 'TE_10');
INSERT INTO indi_durchfuehrungen VALUES('IDRF_1147', 9, 9, 1, 90, TO_DATE('2021-08-13', 'YYYY-MM-DD'), 'IVP_017', 'TE_11');
INSERT INTO indi_durchfuehrungen VALUES('IDRF_1148', 6, 8, 2, 120, TO_DATE('2021-08-13', 'YYYY-MM-DD'), 'IVP_017', 'TE_12');
INSERT INTO indi_durchfuehrungen VALUES('IDRF_1149', 8, 8, 3, 120, TO_DATE('2021-08-13', 'YYYY-MM-DD'), 'IVP_017', 'TE_13');
INSERT INTO indi_durchfuehrungen VALUES('IDRF_1150', 10, 9, 1, 90, TO_DATE('2021-08-13', 'YYYY-MM-DD'), 'IVP_017', 'TE_14');
INSERT INTO indi_durchfuehrungen VALUES('IDRF_1151', 7, 1, 1, 0, TO_DATE('2021-08-13', 'YYYY-MM-DD'), 'IVP_017', 'TE_15');
INSERT INTO indi_durchfuehrungen VALUES('IDRF_1152', 7, 1, 1, 0, TO_DATE('2021-01-12', 'YYYY-MM-DD'), 'IVP_018', 'TE_08');
INSERT INTO indi_durchfuehrungen VALUES('IDRF_1153', 8, 11, 1, 90, TO_DATE('2021-01-12', 'YYYY-MM-DD'), 'IVP_018', 'TE_09');
INSERT INTO indi_durchfuehrungen VALUES('IDRF_1154', 7, 8, 1, 90, TO_DATE('2021-01-12', 'YYYY-MM-DD'), 'IVP_018', 'TE_10');
INSERT INTO indi_durchfuehrungen VALUES('IDRF_1155', 8, 8, 2, 60, TO_DATE('2021-01-12', 'YYYY-MM-DD'), 'IVP_018', 'TE_11');
INSERT INTO indi_durchfuehrungen VALUES('IDRF_1156', 6, 10, 1, 60, TO_DATE('2021-01-12', 'YYYY-MM-DD'), 'IVP_018', 'TE_12');
INSERT INTO indi_durchfuehrungen VALUES('IDRF_1157', 6, 9, 3, 60, TO_DATE('2021-01-12', 'YYYY-MM-DD'), 'IVP_018', 'TE_13');
INSERT INTO indi_durchfuehrungen VALUES('IDRF_1158', 10, 10, 1, 60, TO_DATE('2021-01-12', 'YYYY-MM-DD'), 'IVP_018', 'TE_14');
INSERT INTO indi_durchfuehrungen VALUES('IDRF_1159', 7, 1, 1, 0, TO_DATE('2021-01-12', 'YYYY-MM-DD'), 'IVP_018', 'TE_15');
INSERT INTO indi_durchfuehrungen VALUES('IDRF_1160', 7, 1, 1, 0, TO_DATE('2021-07-23', 'YYYY-MM-DD'), 'IVP_018', 'TE_08');
INSERT INTO indi_durchfuehrungen VALUES('IDRF_1161', 5, 10, 1, 120, TO_DATE('2021-07-23', 'YYYY-MM-DD'), 'IVP_018', 'TE_09');
INSERT INTO indi_durchfuehrungen VALUES('IDRF_1162', 6, 11, 2, 90, TO_DATE('2021-07-23', 'YYYY-MM-DD'), 'IVP_018', 'TE_10');
INSERT INTO indi_durchfuehrungen VALUES('IDRF_1163', 7, 9, 2, 120, TO_DATE('2021-07-23', 'YYYY-MM-DD'), 'IVP_018', 'TE_11');
INSERT INTO indi_durchfuehrungen VALUES('IDRF_1164', 10, 8, 3, 90, TO_DATE('2021-07-23', 'YYYY-MM-DD'), 'IVP_018', 'TE_12');
INSERT INTO indi_durchfuehrungen VALUES('IDRF_1165', 6, 11, 2, 90, TO_DATE('2021-07-23', 'YYYY-MM-DD'), 'IVP_018', 'TE_13');
INSERT INTO indi_durchfuehrungen VALUES('IDRF_1166', 8, 10, 2, 60, TO_DATE('2021-07-23', 'YYYY-MM-DD'), 'IVP_018', 'TE_14');
INSERT INTO indi_durchfuehrungen VALUES('IDRF_1167', 7, 1, 1, 0, TO_DATE('2021-07-23', 'YYYY-MM-DD'), 'IVP_018', 'TE_15');
INSERT INTO indi_durchfuehrungen VALUES('IDRF_1168', 7, 1, 1, 0, TO_DATE('2021-06-19', 'YYYY-MM-DD'), 'IVP_018', 'TE_08');
INSERT INTO indi_durchfuehrungen VALUES('IDRF_1169', 6, 10, 3, 60, TO_DATE('2021-06-19', 'YYYY-MM-DD'), 'IVP_018', 'TE_09');
INSERT INTO indi_durchfuehrungen VALUES('IDRF_1170', 6, 11, 3, 120, TO_DATE('2021-06-19', 'YYYY-MM-DD'), 'IVP_018', 'TE_10');
INSERT INTO indi_durchfuehrungen VALUES('IDRF_1171', 10, 10, 1, 120, TO_DATE('2021-06-19', 'YYYY-MM-DD'), 'IVP_018', 'TE_11');
INSERT INTO indi_durchfuehrungen VALUES('IDRF_1172', 7, 9, 3, 90, TO_DATE('2021-06-19', 'YYYY-MM-DD'), 'IVP_018', 'TE_12');
INSERT INTO indi_durchfuehrungen VALUES('IDRF_1173', 7, 10, 1, 90, TO_DATE('2021-06-19', 'YYYY-MM-DD'), 'IVP_018', 'TE_13');
INSERT INTO indi_durchfuehrungen VALUES('IDRF_1174', 10, 10, 3, 90, TO_DATE('2021-06-19', 'YYYY-MM-DD'), 'IVP_018', 'TE_14');
INSERT INTO indi_durchfuehrungen VALUES('IDRF_1175', 7, 1, 1, 0, TO_DATE('2021-06-19', 'YYYY-MM-DD'), 'IVP_018', 'TE_15');
INSERT INTO indi_durchfuehrungen VALUES('IDRF_1176', 7, 1, 1, 0, TO_DATE('2021-12-15', 'YYYY-MM-DD'), 'IVP_018', 'TE_08');
INSERT INTO indi_durchfuehrungen VALUES('IDRF_1177', 5, 9, 2, 60, TO_DATE('2021-12-15', 'YYYY-MM-DD'), 'IVP_018', 'TE_09');
INSERT INTO indi_durchfuehrungen VALUES('IDRF_1178', 8, 9, 1, 60, TO_DATE('2021-12-15', 'YYYY-MM-DD'), 'IVP_018', 'TE_10');
INSERT INTO indi_durchfuehrungen VALUES('IDRF_1179', 7, 10, 1, 90, TO_DATE('2021-12-15', 'YYYY-MM-DD'), 'IVP_018', 'TE_11');
INSERT INTO indi_durchfuehrungen VALUES('IDRF_1180', 9, 8, 1, 90, TO_DATE('2021-12-15', 'YYYY-MM-DD'), 'IVP_018', 'TE_12');
INSERT INTO indi_durchfuehrungen VALUES('IDRF_1181', 5, 11, 3, 90, TO_DATE('2021-12-15', 'YYYY-MM-DD'), 'IVP_018', 'TE_13');
INSERT INTO indi_durchfuehrungen VALUES('IDRF_1182', 6, 11, 3, 120, TO_DATE('2021-12-15', 'YYYY-MM-DD'), 'IVP_018', 'TE_14');
INSERT INTO indi_durchfuehrungen VALUES('IDRF_1183', 7, 1, 1, 0, TO_DATE('2021-12-15', 'YYYY-MM-DD'), 'IVP_018', 'TE_15');
INSERT INTO indi_durchfuehrungen VALUES('IDRF_1184', 7, 1, 1, 0, TO_DATE('2021-07-08', 'YYYY-MM-DD'), 'IVP_018', 'TE_08');
INSERT INTO indi_durchfuehrungen VALUES('IDRF_1185', 8, 11, 2, 60, TO_DATE('2021-07-08', 'YYYY-MM-DD'), 'IVP_018', 'TE_09');
INSERT INTO indi_durchfuehrungen VALUES('IDRF_1186', 5, 9, 2, 60, TO_DATE('2021-07-08', 'YYYY-MM-DD'), 'IVP_018', 'TE_10');
INSERT INTO indi_durchfuehrungen VALUES('IDRF_1187', 10, 11, 1, 120, TO_DATE('2021-07-08', 'YYYY-MM-DD'), 'IVP_018', 'TE_11');
INSERT INTO indi_durchfuehrungen VALUES('IDRF_1188', 7, 9, 2, 120, TO_DATE('2021-07-08', 'YYYY-MM-DD'), 'IVP_018', 'TE_12');
INSERT INTO indi_durchfuehrungen VALUES('IDRF_1189', 8, 9, 3, 90, TO_DATE('2021-07-08', 'YYYY-MM-DD'), 'IVP_018', 'TE_13');
INSERT INTO indi_durchfuehrungen VALUES('IDRF_1190', 5, 10, 3, 60, TO_DATE('2021-07-08', 'YYYY-MM-DD'), 'IVP_018', 'TE_14');
INSERT INTO indi_durchfuehrungen VALUES('IDRF_1191', 7, 1, 1, 0, TO_DATE('2021-07-08', 'YYYY-MM-DD'), 'IVP_018', 'TE_15');
INSERT INTO indi_durchfuehrungen VALUES('IDRF_1192', 7, 1, 1, 0, TO_DATE('2021-12-16', 'YYYY-MM-DD'), 'IVP_018', 'TE_08');
INSERT INTO indi_durchfuehrungen VALUES('IDRF_1193', 5, 9, 2, 90, TO_DATE('2021-12-16', 'YYYY-MM-DD'), 'IVP_018', 'TE_09');
INSERT INTO indi_durchfuehrungen VALUES('IDRF_1194', 7, 9, 3, 90, TO_DATE('2021-12-16', 'YYYY-MM-DD'), 'IVP_018', 'TE_10');
INSERT INTO indi_durchfuehrungen VALUES('IDRF_1195', 5, 9, 1, 60, TO_DATE('2021-12-16', 'YYYY-MM-DD'), 'IVP_018', 'TE_11');
INSERT INTO indi_durchfuehrungen VALUES('IDRF_1196', 6, 10, 2, 60, TO_DATE('2021-12-16', 'YYYY-MM-DD'), 'IVP_018', 'TE_12');
INSERT INTO indi_durchfuehrungen VALUES('IDRF_1197', 6, 8, 3, 120, TO_DATE('2021-12-16', 'YYYY-MM-DD'), 'IVP_018', 'TE_13');
INSERT INTO indi_durchfuehrungen VALUES('IDRF_1198', 5, 10, 1, 60, TO_DATE('2021-12-16', 'YYYY-MM-DD'), 'IVP_018', 'TE_14');
INSERT INTO indi_durchfuehrungen VALUES('IDRF_1199', 7, 1, 1, 0, TO_DATE('2021-12-16', 'YYYY-MM-DD'), 'IVP_018', 'TE_15');
INSERT INTO indi_durchfuehrungen VALUES('IDRF_1200', 7, 1, 1, 0, TO_DATE('2021-07-02', 'YYYY-MM-DD'), 'IVP_018', 'TE_08');
INSERT INTO indi_durchfuehrungen VALUES('IDRF_1201', 8, 9, 2, 90, TO_DATE('2021-07-02', 'YYYY-MM-DD'), 'IVP_018', 'TE_09');
INSERT INTO indi_durchfuehrungen VALUES('IDRF_1202', 5, 11, 3, 90, TO_DATE('2021-07-02', 'YYYY-MM-DD'), 'IVP_018', 'TE_10');
INSERT INTO indi_durchfuehrungen VALUES('IDRF_1203', 6, 8, 2, 90, TO_DATE('2021-07-02', 'YYYY-MM-DD'), 'IVP_018', 'TE_11');
INSERT INTO indi_durchfuehrungen VALUES('IDRF_1204', 10, 9, 1, 120, TO_DATE('2021-07-02', 'YYYY-MM-DD'), 'IVP_018', 'TE_12');
INSERT INTO indi_durchfuehrungen VALUES('IDRF_1205', 6, 8, 2, 60, TO_DATE('2021-07-02', 'YYYY-MM-DD'), 'IVP_018', 'TE_13');
INSERT INTO indi_durchfuehrungen VALUES('IDRF_1206', 7, 11, 2, 90, TO_DATE('2021-07-02', 'YYYY-MM-DD'), 'IVP_018', 'TE_14');
INSERT INTO indi_durchfuehrungen VALUES('IDRF_1207', 7, 1, 1, 0, TO_DATE('2021-07-02', 'YYYY-MM-DD'), 'IVP_018', 'TE_15');
INSERT INTO indi_durchfuehrungen VALUES('IDRF_1208', 7, 1, 1, 0, TO_DATE('2021-05-08', 'YYYY-MM-DD'), 'IVP_018', 'TE_08');
INSERT INTO indi_durchfuehrungen VALUES('IDRF_1209', 8, 8, 1, 120, TO_DATE('2021-05-08', 'YYYY-MM-DD'), 'IVP_018', 'TE_09');
INSERT INTO indi_durchfuehrungen VALUES('IDRF_1210', 7, 11, 2, 90, TO_DATE('2021-05-08', 'YYYY-MM-DD'), 'IVP_018', 'TE_10');
INSERT INTO indi_durchfuehrungen VALUES('IDRF_1211', 8, 9, 2, 120, TO_DATE('2021-05-08', 'YYYY-MM-DD'), 'IVP_018', 'TE_11');
INSERT INTO indi_durchfuehrungen VALUES('IDRF_1212', 9, 11, 2, 60, TO_DATE('2021-05-08', 'YYYY-MM-DD'), 'IVP_018', 'TE_12');
INSERT INTO indi_durchfuehrungen VALUES('IDRF_1213', 9, 9, 3, 60, TO_DATE('2021-05-08', 'YYYY-MM-DD'), 'IVP_018', 'TE_13');
INSERT INTO indi_durchfuehrungen VALUES('IDRF_1214', 6, 8, 2, 60, TO_DATE('2021-05-08', 'YYYY-MM-DD'), 'IVP_018', 'TE_14');
INSERT INTO indi_durchfuehrungen VALUES('IDRF_1215', 7, 1, 1, 0, TO_DATE('2021-05-08', 'YYYY-MM-DD'), 'IVP_018', 'TE_15');
INSERT INTO indi_durchfuehrungen VALUES('IDRF_1216', 7, 1, 1, 0, TO_DATE('2021-08-17', 'YYYY-MM-DD'), 'IVP_019', 'TE_08');
INSERT INTO indi_durchfuehrungen VALUES('IDRF_1217', 6, 11, 1, 60, TO_DATE('2021-08-17', 'YYYY-MM-DD'), 'IVP_019', 'TE_09');
INSERT INTO indi_durchfuehrungen VALUES('IDRF_1218', 9, 9, 1, 120, TO_DATE('2021-08-17', 'YYYY-MM-DD'), 'IVP_019', 'TE_10');
INSERT INTO indi_durchfuehrungen VALUES('IDRF_1219', 9, 9, 2, 60, TO_DATE('2021-08-17', 'YYYY-MM-DD'), 'IVP_019', 'TE_11');
INSERT INTO indi_durchfuehrungen VALUES('IDRF_1220', 7, 11, 1, 120, TO_DATE('2021-08-17', 'YYYY-MM-DD'), 'IVP_019', 'TE_12');
INSERT INTO indi_durchfuehrungen VALUES('IDRF_1221', 6, 8, 1, 60, TO_DATE('2021-08-17', 'YYYY-MM-DD'), 'IVP_019', 'TE_13');
INSERT INTO indi_durchfuehrungen VALUES('IDRF_1222', 5, 9, 2, 90, TO_DATE('2021-08-17', 'YYYY-MM-DD'), 'IVP_019', 'TE_14');
INSERT INTO indi_durchfuehrungen VALUES('IDRF_1223', 7, 1, 1, 0, TO_DATE('2021-08-17', 'YYYY-MM-DD'), 'IVP_019', 'TE_15');
INSERT INTO indi_durchfuehrungen VALUES('IDRF_1224', 7, 1, 1, 0, TO_DATE('2021-11-24', 'YYYY-MM-DD'), 'IVP_019', 'TE_08');
INSERT INTO indi_durchfuehrungen VALUES('IDRF_1225', 7, 11, 2, 120, TO_DATE('2021-11-24', 'YYYY-MM-DD'), 'IVP_019', 'TE_09');
INSERT INTO indi_durchfuehrungen VALUES('IDRF_1226', 8, 10, 1, 60, TO_DATE('2021-11-24', 'YYYY-MM-DD'), 'IVP_019', 'TE_10');
INSERT INTO indi_durchfuehrungen VALUES('IDRF_1227', 7, 9, 1, 120, TO_DATE('2021-11-24', 'YYYY-MM-DD'), 'IVP_019', 'TE_11');
INSERT INTO indi_durchfuehrungen VALUES('IDRF_1228', 5, 11, 2, 120, TO_DATE('2021-11-24', 'YYYY-MM-DD'), 'IVP_019', 'TE_12');
INSERT INTO indi_durchfuehrungen VALUES('IDRF_1229', 10, 11, 1, 60, TO_DATE('2021-11-24', 'YYYY-MM-DD'), 'IVP_019', 'TE_13');
INSERT INTO indi_durchfuehrungen VALUES('IDRF_1230', 6, 8, 1, 120, TO_DATE('2021-11-24', 'YYYY-MM-DD'), 'IVP_019', 'TE_14');
INSERT INTO indi_durchfuehrungen VALUES('IDRF_1231', 7, 1, 1, 0, TO_DATE('2021-11-24', 'YYYY-MM-DD'), 'IVP_019', 'TE_15');
INSERT INTO indi_durchfuehrungen VALUES('IDRF_1232', 7, 1, 1, 0, TO_DATE('2021-03-25', 'YYYY-MM-DD'), 'IVP_019', 'TE_08');
INSERT INTO indi_durchfuehrungen VALUES('IDRF_1233', 7, 9, 3, 90, TO_DATE('2021-03-25', 'YYYY-MM-DD'), 'IVP_019', 'TE_09');
INSERT INTO indi_durchfuehrungen VALUES('IDRF_1234', 7, 10, 3, 90, TO_DATE('2021-03-25', 'YYYY-MM-DD'), 'IVP_019', 'TE_10');
INSERT INTO indi_durchfuehrungen VALUES('IDRF_1235', 5, 10, 2, 60, TO_DATE('2021-03-25', 'YYYY-MM-DD'), 'IVP_019', 'TE_11');
INSERT INTO indi_durchfuehrungen VALUES('IDRF_1236', 9, 10, 3, 90, TO_DATE('2021-03-25', 'YYYY-MM-DD'), 'IVP_019', 'TE_12');
INSERT INTO indi_durchfuehrungen VALUES('IDRF_1237', 7, 9, 1, 120, TO_DATE('2021-03-25', 'YYYY-MM-DD'), 'IVP_019', 'TE_13');
INSERT INTO indi_durchfuehrungen VALUES('IDRF_1238', 7, 10, 3, 90, TO_DATE('2021-03-25', 'YYYY-MM-DD'), 'IVP_019', 'TE_14');
INSERT INTO indi_durchfuehrungen VALUES('IDRF_1239', 7, 1, 1, 0, TO_DATE('2021-03-25', 'YYYY-MM-DD'), 'IVP_019', 'TE_15');
INSERT INTO indi_durchfuehrungen VALUES('IDRF_1240', 7, 1, 1, 0, TO_DATE('2021-02-02', 'YYYY-MM-DD'), 'IVP_019', 'TE_08');
INSERT INTO indi_durchfuehrungen VALUES('IDRF_1241', 8, 8, 3, 120, TO_DATE('2021-02-02', 'YYYY-MM-DD'), 'IVP_019', 'TE_09');
INSERT INTO indi_durchfuehrungen VALUES('IDRF_1242', 8, 11, 1, 90, TO_DATE('2021-02-02', 'YYYY-MM-DD'), 'IVP_019', 'TE_10');
INSERT INTO indi_durchfuehrungen VALUES('IDRF_1243', 7, 8, 3, 60, TO_DATE('2021-02-02', 'YYYY-MM-DD'), 'IVP_019', 'TE_11');
INSERT INTO indi_durchfuehrungen VALUES('IDRF_1244', 9, 8, 2, 90, TO_DATE('2021-02-02', 'YYYY-MM-DD'), 'IVP_019', 'TE_12');
INSERT INTO indi_durchfuehrungen VALUES('IDRF_1245', 9, 11, 1, 90, TO_DATE('2021-02-02', 'YYYY-MM-DD'), 'IVP_019', 'TE_13');
INSERT INTO indi_durchfuehrungen VALUES('IDRF_1246', 6, 8, 3, 60, TO_DATE('2021-02-02', 'YYYY-MM-DD'), 'IVP_019', 'TE_14');
INSERT INTO indi_durchfuehrungen VALUES('IDRF_1247', 7, 1, 1, 0, TO_DATE('2021-02-02', 'YYYY-MM-DD'), 'IVP_019', 'TE_15');
INSERT INTO indi_durchfuehrungen VALUES('IDRF_1248', 7, 1, 1, 0, TO_DATE('2021-01-13', 'YYYY-MM-DD'), 'IVP_019', 'TE_08');
INSERT INTO indi_durchfuehrungen VALUES('IDRF_1249', 8, 9, 2, 60, TO_DATE('2021-01-13', 'YYYY-MM-DD'), 'IVP_019', 'TE_09');
INSERT INTO indi_durchfuehrungen VALUES('IDRF_1250', 7, 10, 3, 90, TO_DATE('2021-01-13', 'YYYY-MM-DD'), 'IVP_019', 'TE_10');
INSERT INTO indi_durchfuehrungen VALUES('IDRF_1251', 5, 10, 2, 90, TO_DATE('2021-01-13', 'YYYY-MM-DD'), 'IVP_019', 'TE_11');
INSERT INTO indi_durchfuehrungen VALUES('IDRF_1252', 7, 8, 2, 90, TO_DATE('2021-01-13', 'YYYY-MM-DD'), 'IVP_019', 'TE_12');
INSERT INTO indi_durchfuehrungen VALUES('IDRF_1253', 9, 10, 1, 60, TO_DATE('2021-01-13', 'YYYY-MM-DD'), 'IVP_019', 'TE_13');
INSERT INTO indi_durchfuehrungen VALUES('IDRF_1254', 9, 10, 1, 120, TO_DATE('2021-01-13', 'YYYY-MM-DD'), 'IVP_019', 'TE_14');
INSERT INTO indi_durchfuehrungen VALUES('IDRF_1255', 7, 1, 1, 0, TO_DATE('2021-01-13', 'YYYY-MM-DD'), 'IVP_019', 'TE_15');
INSERT INTO indi_durchfuehrungen VALUES('IDRF_1256', 7, 1, 1, 0, TO_DATE('2021-02-03', 'YYYY-MM-DD'), 'IVP_019', 'TE_08');
INSERT INTO indi_durchfuehrungen VALUES('IDRF_1257', 5, 10, 2, 120, TO_DATE('2021-02-03', 'YYYY-MM-DD'), 'IVP_019', 'TE_09');
INSERT INTO indi_durchfuehrungen VALUES('IDRF_1258', 7, 9, 3, 90, TO_DATE('2021-02-03', 'YYYY-MM-DD'), 'IVP_019', 'TE_10');
INSERT INTO indi_durchfuehrungen VALUES('IDRF_1259', 5, 8, 3, 120, TO_DATE('2021-02-03', 'YYYY-MM-DD'), 'IVP_019', 'TE_11');
INSERT INTO indi_durchfuehrungen VALUES('IDRF_1260', 8, 10, 1, 90, TO_DATE('2021-02-03', 'YYYY-MM-DD'), 'IVP_019', 'TE_12');
INSERT INTO indi_durchfuehrungen VALUES('IDRF_1261', 6, 10, 3, 120, TO_DATE('2021-02-03', 'YYYY-MM-DD'), 'IVP_019', 'TE_13');
INSERT INTO indi_durchfuehrungen VALUES('IDRF_1262', 10, 10, 2, 60, TO_DATE('2021-02-03', 'YYYY-MM-DD'), 'IVP_019', 'TE_14');
INSERT INTO indi_durchfuehrungen VALUES('IDRF_1263', 7, 1, 1, 0, TO_DATE('2021-02-03', 'YYYY-MM-DD'), 'IVP_019', 'TE_15');
INSERT INTO indi_durchfuehrungen VALUES('IDRF_1264', 7, 1, 1, 0, TO_DATE('2021-05-03', 'YYYY-MM-DD'), 'IVP_019', 'TE_08');
INSERT INTO indi_durchfuehrungen VALUES('IDRF_1265', 10, 10, 2, 60, TO_DATE('2021-05-03', 'YYYY-MM-DD'), 'IVP_019', 'TE_09');
INSERT INTO indi_durchfuehrungen VALUES('IDRF_1266', 6, 9, 2, 120, TO_DATE('2021-05-03', 'YYYY-MM-DD'), 'IVP_019', 'TE_10');
INSERT INTO indi_durchfuehrungen VALUES('IDRF_1267', 6, 11, 1, 60, TO_DATE('2021-05-03', 'YYYY-MM-DD'), 'IVP_019', 'TE_11');
INSERT INTO indi_durchfuehrungen VALUES('IDRF_1268', 6, 11, 1, 60, TO_DATE('2021-05-03', 'YYYY-MM-DD'), 'IVP_019', 'TE_12');
INSERT INTO indi_durchfuehrungen VALUES('IDRF_1269', 7, 10, 1, 120, TO_DATE('2021-05-03', 'YYYY-MM-DD'), 'IVP_019', 'TE_13');
INSERT INTO indi_durchfuehrungen VALUES('IDRF_1270', 8, 8, 1, 120, TO_DATE('2021-05-03', 'YYYY-MM-DD'), 'IVP_019', 'TE_14');
INSERT INTO indi_durchfuehrungen VALUES('IDRF_1271', 7, 1, 1, 0, TO_DATE('2021-05-03', 'YYYY-MM-DD'), 'IVP_019', 'TE_15');
INSERT INTO indi_durchfuehrungen VALUES('IDRF_1272', 7, 1, 1, 0, TO_DATE('2021-01-05', 'YYYY-MM-DD'), 'IVP_019', 'TE_08');
INSERT INTO indi_durchfuehrungen VALUES('IDRF_1273', 8, 10, 2, 60, TO_DATE('2021-01-05', 'YYYY-MM-DD'), 'IVP_019', 'TE_09');
INSERT INTO indi_durchfuehrungen VALUES('IDRF_1274', 8, 11, 1, 90, TO_DATE('2021-01-05', 'YYYY-MM-DD'), 'IVP_019', 'TE_10');
INSERT INTO indi_durchfuehrungen VALUES('IDRF_1275', 5, 9, 1, 120, TO_DATE('2021-01-05', 'YYYY-MM-DD'), 'IVP_019', 'TE_11');
INSERT INTO indi_durchfuehrungen VALUES('IDRF_1276', 8, 11, 1, 60, TO_DATE('2021-01-05', 'YYYY-MM-DD'), 'IVP_019', 'TE_12');
INSERT INTO indi_durchfuehrungen VALUES('IDRF_1277', 9, 10, 3, 120, TO_DATE('2021-01-05', 'YYYY-MM-DD'), 'IVP_019', 'TE_13');
INSERT INTO indi_durchfuehrungen VALUES('IDRF_1278', 9, 8, 1, 60, TO_DATE('2021-01-05', 'YYYY-MM-DD'), 'IVP_019', 'TE_14');
INSERT INTO indi_durchfuehrungen VALUES('IDRF_1279', 7, 1, 1, 0, TO_DATE('2021-01-05', 'YYYY-MM-DD'), 'IVP_019', 'TE_15');
INSERT INTO indi_durchfuehrungen VALUES('IDRF_1280', 7, 1, 1, 0, TO_DATE('2021-11-04', 'YYYY-MM-DD'), 'IVP_020', 'TE_00');
INSERT INTO indi_durchfuehrungen VALUES('IDRF_1281', 8, 10, 3, 60, TO_DATE('2021-11-04', 'YYYY-MM-DD'), 'IVP_020', 'TE_01');
INSERT INTO indi_durchfuehrungen VALUES('IDRF_1282', 6, 9, 3, 90, TO_DATE('2021-11-04', 'YYYY-MM-DD'), 'IVP_020', 'TE_02');
INSERT INTO indi_durchfuehrungen VALUES('IDRF_1283', 6, 8, 2, 90, TO_DATE('2021-11-04', 'YYYY-MM-DD'), 'IVP_020', 'TE_03');
INSERT INTO indi_durchfuehrungen VALUES('IDRF_1284', 9, 11, 1, 90, TO_DATE('2021-11-04', 'YYYY-MM-DD'), 'IVP_020', 'TE_04');
INSERT INTO indi_durchfuehrungen VALUES('IDRF_1285', 8, 11, 3, 90, TO_DATE('2021-11-04', 'YYYY-MM-DD'), 'IVP_020', 'TE_05');
INSERT INTO indi_durchfuehrungen VALUES('IDRF_1286', 6, 10, 1, 60, TO_DATE('2021-11-04', 'YYYY-MM-DD'), 'IVP_020', 'TE_06');
INSERT INTO indi_durchfuehrungen VALUES('IDRF_1287', 8, 11, 2, 90, TO_DATE('2021-11-04', 'YYYY-MM-DD'), 'IVP_020', 'TE_07');
INSERT INTO indi_durchfuehrungen VALUES('IDRF_1288', 7, 1, 1, 0, TO_DATE('2021-05-02', 'YYYY-MM-DD'), 'IVP_020', 'TE_00');
INSERT INTO indi_durchfuehrungen VALUES('IDRF_1289', 9, 8, 1, 60, TO_DATE('2021-05-02', 'YYYY-MM-DD'), 'IVP_020', 'TE_01');
INSERT INTO indi_durchfuehrungen VALUES('IDRF_1290', 5, 9, 2, 90, TO_DATE('2021-05-02', 'YYYY-MM-DD'), 'IVP_020', 'TE_02');
INSERT INTO indi_durchfuehrungen VALUES('IDRF_1291', 8, 10, 1, 120, TO_DATE('2021-05-02', 'YYYY-MM-DD'), 'IVP_020', 'TE_03');
INSERT INTO indi_durchfuehrungen VALUES('IDRF_1292', 8, 8, 1, 120, TO_DATE('2021-05-02', 'YYYY-MM-DD'), 'IVP_020', 'TE_04');
INSERT INTO indi_durchfuehrungen VALUES('IDRF_1293', 5, 8, 1, 60, TO_DATE('2021-05-02', 'YYYY-MM-DD'), 'IVP_020', 'TE_05');
INSERT INTO indi_durchfuehrungen VALUES('IDRF_1294', 8, 10, 1, 60, TO_DATE('2021-05-02', 'YYYY-MM-DD'), 'IVP_020', 'TE_06');
INSERT INTO indi_durchfuehrungen VALUES('IDRF_1295', 5, 11, 2, 120, TO_DATE('2021-05-02', 'YYYY-MM-DD'), 'IVP_020', 'TE_07');
INSERT INTO indi_durchfuehrungen VALUES('IDRF_1296', 7, 1, 1, 0, TO_DATE('2021-07-04', 'YYYY-MM-DD'), 'IVP_020', 'TE_00');
INSERT INTO indi_durchfuehrungen VALUES('IDRF_1297', 5, 11, 2, 90, TO_DATE('2021-07-04', 'YYYY-MM-DD'), 'IVP_020', 'TE_01');
INSERT INTO indi_durchfuehrungen VALUES('IDRF_1298', 9, 11, 3, 60, TO_DATE('2021-07-04', 'YYYY-MM-DD'), 'IVP_020', 'TE_02');
INSERT INTO indi_durchfuehrungen VALUES('IDRF_1299', 7, 10, 2, 90, TO_DATE('2021-07-04', 'YYYY-MM-DD'), 'IVP_020', 'TE_03');
INSERT INTO indi_durchfuehrungen VALUES('IDRF_1300', 7, 11, 3, 60, TO_DATE('2021-07-04', 'YYYY-MM-DD'), 'IVP_020', 'TE_04');
INSERT INTO indi_durchfuehrungen VALUES('IDRF_1301', 7, 10, 2, 60, TO_DATE('2021-07-04', 'YYYY-MM-DD'), 'IVP_020', 'TE_05');
INSERT INTO indi_durchfuehrungen VALUES('IDRF_1302', 8, 8, 3, 90, TO_DATE('2021-07-04', 'YYYY-MM-DD'), 'IVP_020', 'TE_06');
INSERT INTO indi_durchfuehrungen VALUES('IDRF_1303', 9, 11, 2, 60, TO_DATE('2021-07-04', 'YYYY-MM-DD'), 'IVP_020', 'TE_07');
INSERT INTO indi_durchfuehrungen VALUES('IDRF_1304', 7, 1, 1, 0, TO_DATE('2021-08-19', 'YYYY-MM-DD'), 'IVP_020', 'TE_00');
INSERT INTO indi_durchfuehrungen VALUES('IDRF_1305', 10, 9, 1, 60, TO_DATE('2021-08-19', 'YYYY-MM-DD'), 'IVP_020', 'TE_01');
INSERT INTO indi_durchfuehrungen VALUES('IDRF_1306', 10, 11, 2, 90, TO_DATE('2021-08-19', 'YYYY-MM-DD'), 'IVP_020', 'TE_02');
INSERT INTO indi_durchfuehrungen VALUES('IDRF_1307', 6, 10, 2, 90, TO_DATE('2021-08-19', 'YYYY-MM-DD'), 'IVP_020', 'TE_03');
INSERT INTO indi_durchfuehrungen VALUES('IDRF_1308', 7, 10, 3, 60, TO_DATE('2021-08-19', 'YYYY-MM-DD'), 'IVP_020', 'TE_04');
INSERT INTO indi_durchfuehrungen VALUES('IDRF_1309', 10, 9, 1, 120, TO_DATE('2021-08-19', 'YYYY-MM-DD'), 'IVP_020', 'TE_05');
INSERT INTO indi_durchfuehrungen VALUES('IDRF_1310', 7, 8, 2, 60, TO_DATE('2021-08-19', 'YYYY-MM-DD'), 'IVP_020', 'TE_06');
INSERT INTO indi_durchfuehrungen VALUES('IDRF_1311', 9, 11, 2, 90, TO_DATE('2021-08-19', 'YYYY-MM-DD'), 'IVP_020', 'TE_07');
INSERT INTO indi_durchfuehrungen VALUES('IDRF_1312', 7, 1, 1, 0, TO_DATE('2021-05-25', 'YYYY-MM-DD'), 'IVP_020', 'TE_00');
INSERT INTO indi_durchfuehrungen VALUES('IDRF_1313', 10, 10, 1, 60, TO_DATE('2021-05-25', 'YYYY-MM-DD'), 'IVP_020', 'TE_01');
INSERT INTO indi_durchfuehrungen VALUES('IDRF_1314', 8, 8, 1, 120, TO_DATE('2021-05-25', 'YYYY-MM-DD'), 'IVP_020', 'TE_02');
INSERT INTO indi_durchfuehrungen VALUES('IDRF_1315', 8, 10, 2, 90, TO_DATE('2021-05-25', 'YYYY-MM-DD'), 'IVP_020', 'TE_03');
INSERT INTO indi_durchfuehrungen VALUES('IDRF_1316', 5, 10, 1, 120, TO_DATE('2021-05-25', 'YYYY-MM-DD'), 'IVP_020', 'TE_04');
INSERT INTO indi_durchfuehrungen VALUES('IDRF_1317', 9, 10, 1, 60, TO_DATE('2021-05-25', 'YYYY-MM-DD'), 'IVP_020', 'TE_05');
INSERT INTO indi_durchfuehrungen VALUES('IDRF_1318', 8, 9, 1, 90, TO_DATE('2021-05-25', 'YYYY-MM-DD'), 'IVP_020', 'TE_06');
INSERT INTO indi_durchfuehrungen VALUES('IDRF_1319', 7, 10, 2, 60, TO_DATE('2021-05-25', 'YYYY-MM-DD'), 'IVP_020', 'TE_07');
INSERT INTO indi_durchfuehrungen VALUES('IDRF_1320', 7, 1, 1, 0, TO_DATE('2021-09-08', 'YYYY-MM-DD'), 'IVP_020', 'TE_00');
INSERT INTO indi_durchfuehrungen VALUES('IDRF_1321', 7, 11, 3, 90, TO_DATE('2021-09-08', 'YYYY-MM-DD'), 'IVP_020', 'TE_01');
INSERT INTO indi_durchfuehrungen VALUES('IDRF_1322', 9, 8, 1, 60, TO_DATE('2021-09-08', 'YYYY-MM-DD'), 'IVP_020', 'TE_02');
INSERT INTO indi_durchfuehrungen VALUES('IDRF_1323', 5, 10, 1, 60, TO_DATE('2021-09-08', 'YYYY-MM-DD'), 'IVP_020', 'TE_03');
INSERT INTO indi_durchfuehrungen VALUES('IDRF_1324', 7, 11, 3, 120, TO_DATE('2021-09-08', 'YYYY-MM-DD'), 'IVP_020', 'TE_04');
INSERT INTO indi_durchfuehrungen VALUES('IDRF_1325', 8, 11, 1, 90, TO_DATE('2021-09-08', 'YYYY-MM-DD'), 'IVP_020', 'TE_05');
INSERT INTO indi_durchfuehrungen VALUES('IDRF_1326', 10, 9, 1, 90, TO_DATE('2021-09-08', 'YYYY-MM-DD'), 'IVP_020', 'TE_06');
INSERT INTO indi_durchfuehrungen VALUES('IDRF_1327', 8, 10, 2, 120, TO_DATE('2021-09-08', 'YYYY-MM-DD'), 'IVP_020', 'TE_07');
INSERT INTO indi_durchfuehrungen VALUES('IDRF_1328', 7, 1, 1, 0, TO_DATE('2021-07-10', 'YYYY-MM-DD'), 'IVP_020', 'TE_00');
INSERT INTO indi_durchfuehrungen VALUES('IDRF_1329', 7, 9, 1, 120, TO_DATE('2021-07-10', 'YYYY-MM-DD'), 'IVP_020', 'TE_01');
INSERT INTO indi_durchfuehrungen VALUES('IDRF_1330', 5, 9, 1, 90, TO_DATE('2021-07-10', 'YYYY-MM-DD'), 'IVP_020', 'TE_02');
INSERT INTO indi_durchfuehrungen VALUES('IDRF_1331', 5, 9, 3, 120, TO_DATE('2021-07-10', 'YYYY-MM-DD'), 'IVP_020', 'TE_03');
INSERT INTO indi_durchfuehrungen VALUES('IDRF_1332', 10, 8, 2, 60, TO_DATE('2021-07-10', 'YYYY-MM-DD'), 'IVP_020', 'TE_04');
INSERT INTO indi_durchfuehrungen VALUES('IDRF_1333', 6, 8, 1, 90, TO_DATE('2021-07-10', 'YYYY-MM-DD'), 'IVP_020', 'TE_05');
INSERT INTO indi_durchfuehrungen VALUES('IDRF_1334', 6, 8, 1, 120, TO_DATE('2021-07-10', 'YYYY-MM-DD'), 'IVP_020', 'TE_06');
INSERT INTO indi_durchfuehrungen VALUES('IDRF_1335', 5, 10, 1, 120, TO_DATE('2021-07-10', 'YYYY-MM-DD'), 'IVP_020', 'TE_07');
INSERT INTO indi_durchfuehrungen VALUES('IDRF_1336', 7, 1, 1, 0, TO_DATE('2021-09-12', 'YYYY-MM-DD'), 'IVP_020', 'TE_00');
INSERT INTO indi_durchfuehrungen VALUES('IDRF_1337', 7, 8, 3, 120, TO_DATE('2021-09-12', 'YYYY-MM-DD'), 'IVP_020', 'TE_01');
INSERT INTO indi_durchfuehrungen VALUES('IDRF_1338', 6, 9, 2, 90, TO_DATE('2021-09-12', 'YYYY-MM-DD'), 'IVP_020', 'TE_02');
INSERT INTO indi_durchfuehrungen VALUES('IDRF_1339', 8, 9, 3, 90, TO_DATE('2021-09-12', 'YYYY-MM-DD'), 'IVP_020', 'TE_03');
INSERT INTO indi_durchfuehrungen VALUES('IDRF_1340', 5, 11, 1, 120, TO_DATE('2021-09-12', 'YYYY-MM-DD'), 'IVP_020', 'TE_04');
INSERT INTO indi_durchfuehrungen VALUES('IDRF_1341', 5, 8, 1, 120, TO_DATE('2021-09-12', 'YYYY-MM-DD'), 'IVP_020', 'TE_05');
INSERT INTO indi_durchfuehrungen VALUES('IDRF_1342', 9, 11, 3, 90, TO_DATE('2021-09-12', 'YYYY-MM-DD'), 'IVP_020', 'TE_06');
INSERT INTO indi_durchfuehrungen VALUES('IDRF_1343', 9, 8, 3, 90, TO_DATE('2021-09-12', 'YYYY-MM-DD'), 'IVP_020', 'TE_07');
INSERT INTO indi_durchfuehrungen VALUES('IDRF_1344', 6, 10, 2, 120, TO_DATE('2021-03-21', 'YYYY-MM-DD'), 'IVP_021', 'TE_16');
INSERT INTO indi_durchfuehrungen VALUES('IDRF_1345', 6, 11, 2, 90, TO_DATE('2021-03-21', 'YYYY-MM-DD'), 'IVP_021', 'TE_17');
INSERT INTO indi_durchfuehrungen VALUES('IDRF_1346', 6, 11, 3, 120, TO_DATE('2021-03-21', 'YYYY-MM-DD'), 'IVP_021', 'TE_18');
INSERT INTO indi_durchfuehrungen VALUES('IDRF_1347', 8, 10, 2, 90, TO_DATE('2021-03-21', 'YYYY-MM-DD'), 'IVP_021', 'TE_19');
INSERT INTO indi_durchfuehrungen VALUES('IDRF_1348', 8, 11, 1, 120, TO_DATE('2021-03-21', 'YYYY-MM-DD'), 'IVP_021', 'TE_20');
INSERT INTO indi_durchfuehrungen VALUES('IDRF_1349', 9, 9, 1, 90, TO_DATE('2021-03-21', 'YYYY-MM-DD'), 'IVP_021', 'TE_29');
INSERT INTO indi_durchfuehrungen VALUES('IDRF_1350', 7, 9, 2, 90, TO_DATE('2021-03-21', 'YYYY-MM-DD'), 'IVP_021', 'TE_30');
INSERT INTO indi_durchfuehrungen VALUES('IDRF_1351', 10, 8, 1, 90, TO_DATE('2021-03-21', 'YYYY-MM-DD'), 'IVP_021', 'TE_31');
INSERT INTO indi_durchfuehrungen VALUES('IDRF_1352', 5, 10, 1, 90, TO_DATE('2021-11-10', 'YYYY-MM-DD'), 'IVP_021', 'TE_16');
INSERT INTO indi_durchfuehrungen VALUES('IDRF_1353', 10, 10, 3, 90, TO_DATE('2021-11-10', 'YYYY-MM-DD'), 'IVP_021', 'TE_17');
INSERT INTO indi_durchfuehrungen VALUES('IDRF_1354', 8, 9, 2, 120, TO_DATE('2021-11-10', 'YYYY-MM-DD'), 'IVP_021', 'TE_18');
INSERT INTO indi_durchfuehrungen VALUES('IDRF_1355', 5, 11, 2, 90, TO_DATE('2021-11-10', 'YYYY-MM-DD'), 'IVP_021', 'TE_19');
INSERT INTO indi_durchfuehrungen VALUES('IDRF_1356', 10, 10, 1, 120, TO_DATE('2021-11-10', 'YYYY-MM-DD'), 'IVP_021', 'TE_20');
INSERT INTO indi_durchfuehrungen VALUES('IDRF_1357', 5, 9, 2, 120, TO_DATE('2021-11-10', 'YYYY-MM-DD'), 'IVP_021', 'TE_29');
INSERT INTO indi_durchfuehrungen VALUES('IDRF_1358', 7, 11, 1, 120, TO_DATE('2021-11-10', 'YYYY-MM-DD'), 'IVP_021', 'TE_30');
INSERT INTO indi_durchfuehrungen VALUES('IDRF_1359', 6, 10, 3, 60, TO_DATE('2021-11-10', 'YYYY-MM-DD'), 'IVP_021', 'TE_31');
INSERT INTO indi_durchfuehrungen VALUES('IDRF_1360', 8, 9, 1, 120, TO_DATE('2021-07-26', 'YYYY-MM-DD'), 'IVP_021', 'TE_16');
INSERT INTO indi_durchfuehrungen VALUES('IDRF_1361', 7, 9, 3, 60, TO_DATE('2021-07-26', 'YYYY-MM-DD'), 'IVP_021', 'TE_17');
INSERT INTO indi_durchfuehrungen VALUES('IDRF_1362', 6, 10, 3, 120, TO_DATE('2021-07-26', 'YYYY-MM-DD'), 'IVP_021', 'TE_18');
INSERT INTO indi_durchfuehrungen VALUES('IDRF_1363', 9, 11, 1, 120, TO_DATE('2021-07-26', 'YYYY-MM-DD'), 'IVP_021', 'TE_19');
INSERT INTO indi_durchfuehrungen VALUES('IDRF_1364', 9, 11, 1, 120, TO_DATE('2021-07-26', 'YYYY-MM-DD'), 'IVP_021', 'TE_20');
INSERT INTO indi_durchfuehrungen VALUES('IDRF_1365', 9, 8, 3, 120, TO_DATE('2021-07-26', 'YYYY-MM-DD'), 'IVP_021', 'TE_29');
INSERT INTO indi_durchfuehrungen VALUES('IDRF_1366', 6, 11, 1, 90, TO_DATE('2021-07-26', 'YYYY-MM-DD'), 'IVP_021', 'TE_30');
INSERT INTO indi_durchfuehrungen VALUES('IDRF_1367', 7, 10, 2, 60, TO_DATE('2021-07-26', 'YYYY-MM-DD'), 'IVP_021', 'TE_31');
INSERT INTO indi_durchfuehrungen VALUES('IDRF_1368', 7, 8, 2, 60, TO_DATE('2021-12-18', 'YYYY-MM-DD'), 'IVP_021', 'TE_16');
INSERT INTO indi_durchfuehrungen VALUES('IDRF_1369', 8, 10, 3, 90, TO_DATE('2021-12-18', 'YYYY-MM-DD'), 'IVP_021', 'TE_17');
INSERT INTO indi_durchfuehrungen VALUES('IDRF_1370', 7, 10, 1, 120, TO_DATE('2021-12-18', 'YYYY-MM-DD'), 'IVP_021', 'TE_18');
INSERT INTO indi_durchfuehrungen VALUES('IDRF_1371', 5, 8, 2, 90, TO_DATE('2021-12-18', 'YYYY-MM-DD'), 'IVP_021', 'TE_19');
INSERT INTO indi_durchfuehrungen VALUES('IDRF_1372', 6, 10, 2, 120, TO_DATE('2021-12-18', 'YYYY-MM-DD'), 'IVP_021', 'TE_20');
INSERT INTO indi_durchfuehrungen VALUES('IDRF_1373', 9, 11, 2, 120, TO_DATE('2021-12-18', 'YYYY-MM-DD'), 'IVP_021', 'TE_29');
INSERT INTO indi_durchfuehrungen VALUES('IDRF_1374', 9, 9, 1, 60, TO_DATE('2021-12-18', 'YYYY-MM-DD'), 'IVP_021', 'TE_30');
INSERT INTO indi_durchfuehrungen VALUES('IDRF_1375', 6, 8, 3, 60, TO_DATE('2021-12-18', 'YYYY-MM-DD'), 'IVP_021', 'TE_31');
INSERT INTO indi_durchfuehrungen VALUES('IDRF_1376', 5, 10, 2, 90, TO_DATE('2021-01-03', 'YYYY-MM-DD'), 'IVP_021', 'TE_16');
INSERT INTO indi_durchfuehrungen VALUES('IDRF_1377', 5, 11, 1, 60, TO_DATE('2021-01-03', 'YYYY-MM-DD'), 'IVP_021', 'TE_17');
INSERT INTO indi_durchfuehrungen VALUES('IDRF_1378', 6, 10, 2, 90, TO_DATE('2021-01-03', 'YYYY-MM-DD'), 'IVP_021', 'TE_18');
INSERT INTO indi_durchfuehrungen VALUES('IDRF_1379', 7, 8, 3, 90, TO_DATE('2021-01-03', 'YYYY-MM-DD'), 'IVP_021', 'TE_19');
INSERT INTO indi_durchfuehrungen VALUES('IDRF_1380', 10, 10, 1, 120, TO_DATE('2021-01-03', 'YYYY-MM-DD'), 'IVP_021', 'TE_20');
INSERT INTO indi_durchfuehrungen VALUES('IDRF_1381', 7, 11, 1, 60, TO_DATE('2021-01-03', 'YYYY-MM-DD'), 'IVP_021', 'TE_29');
INSERT INTO indi_durchfuehrungen VALUES('IDRF_1382', 5, 8, 2, 120, TO_DATE('2021-01-03', 'YYYY-MM-DD'), 'IVP_021', 'TE_30');
INSERT INTO indi_durchfuehrungen VALUES('IDRF_1383', 9, 8, 2, 60, TO_DATE('2021-01-03', 'YYYY-MM-DD'), 'IVP_021', 'TE_31');
INSERT INTO indi_durchfuehrungen VALUES('IDRF_1384', 6, 8, 2, 120, TO_DATE('2021-07-10', 'YYYY-MM-DD'), 'IVP_021', 'TE_16');
INSERT INTO indi_durchfuehrungen VALUES('IDRF_1385', 9, 8, 3, 60, TO_DATE('2021-07-10', 'YYYY-MM-DD'), 'IVP_021', 'TE_17');
INSERT INTO indi_durchfuehrungen VALUES('IDRF_1386', 7, 8, 2, 60, TO_DATE('2021-07-10', 'YYYY-MM-DD'), 'IVP_021', 'TE_18');
INSERT INTO indi_durchfuehrungen VALUES('IDRF_1387', 9, 11, 1, 60, TO_DATE('2021-07-10', 'YYYY-MM-DD'), 'IVP_021', 'TE_19');
INSERT INTO indi_durchfuehrungen VALUES('IDRF_1388', 8, 10, 2, 60, TO_DATE('2021-07-10', 'YYYY-MM-DD'), 'IVP_021', 'TE_20');
INSERT INTO indi_durchfuehrungen VALUES('IDRF_1389', 9, 11, 2, 90, TO_DATE('2021-07-10', 'YYYY-MM-DD'), 'IVP_021', 'TE_29');
INSERT INTO indi_durchfuehrungen VALUES('IDRF_1390', 9, 8, 3, 90, TO_DATE('2021-07-10', 'YYYY-MM-DD'), 'IVP_021', 'TE_30');
INSERT INTO indi_durchfuehrungen VALUES('IDRF_1391', 10, 11, 2, 120, TO_DATE('2021-07-10', 'YYYY-MM-DD'), 'IVP_021', 'TE_31');
INSERT INTO indi_durchfuehrungen VALUES('IDRF_1392', 10, 8, 1, 60, TO_DATE('2021-04-14', 'YYYY-MM-DD'), 'IVP_021', 'TE_16');
INSERT INTO indi_durchfuehrungen VALUES('IDRF_1393', 8, 8, 1, 60, TO_DATE('2021-04-14', 'YYYY-MM-DD'), 'IVP_021', 'TE_17');
INSERT INTO indi_durchfuehrungen VALUES('IDRF_1394', 9, 10, 1, 90, TO_DATE('2021-04-14', 'YYYY-MM-DD'), 'IVP_021', 'TE_18');
INSERT INTO indi_durchfuehrungen VALUES('IDRF_1395', 7, 9, 1, 120, TO_DATE('2021-04-14', 'YYYY-MM-DD'), 'IVP_021', 'TE_19');
INSERT INTO indi_durchfuehrungen VALUES('IDRF_1396', 8, 10, 2, 90, TO_DATE('2021-04-14', 'YYYY-MM-DD'), 'IVP_021', 'TE_20');
INSERT INTO indi_durchfuehrungen VALUES('IDRF_1397', 8, 11, 1, 120, TO_DATE('2021-04-14', 'YYYY-MM-DD'), 'IVP_021', 'TE_29');
INSERT INTO indi_durchfuehrungen VALUES('IDRF_1398', 10, 10, 1, 90, TO_DATE('2021-04-14', 'YYYY-MM-DD'), 'IVP_021', 'TE_30');
INSERT INTO indi_durchfuehrungen VALUES('IDRF_1399', 5, 8, 3, 90, TO_DATE('2021-04-14', 'YYYY-MM-DD'), 'IVP_021', 'TE_31');
INSERT INTO indi_durchfuehrungen VALUES('IDRF_1400', 8, 10, 3, 120, TO_DATE('2021-08-11', 'YYYY-MM-DD'), 'IVP_021', 'TE_16');
INSERT INTO indi_durchfuehrungen VALUES('IDRF_1401', 8, 8, 3, 90, TO_DATE('2021-08-11', 'YYYY-MM-DD'), 'IVP_021', 'TE_17');
INSERT INTO indi_durchfuehrungen VALUES('IDRF_1402', 10, 11, 1, 60, TO_DATE('2021-08-11', 'YYYY-MM-DD'), 'IVP_021', 'TE_18');
INSERT INTO indi_durchfuehrungen VALUES('IDRF_1403', 7, 8, 2, 120, TO_DATE('2021-08-11', 'YYYY-MM-DD'), 'IVP_021', 'TE_19');
INSERT INTO indi_durchfuehrungen VALUES('IDRF_1404', 10, 11, 2, 60, TO_DATE('2021-08-11', 'YYYY-MM-DD'), 'IVP_021', 'TE_20');
INSERT INTO indi_durchfuehrungen VALUES('IDRF_1405', 6, 8, 2, 120, TO_DATE('2021-08-11', 'YYYY-MM-DD'), 'IVP_021', 'TE_29');
INSERT INTO indi_durchfuehrungen VALUES('IDRF_1406', 10, 10, 3, 60, TO_DATE('2021-08-11', 'YYYY-MM-DD'), 'IVP_021', 'TE_30');
INSERT INTO indi_durchfuehrungen VALUES('IDRF_1407', 6, 8, 2, 90, TO_DATE('2021-08-11', 'YYYY-MM-DD'), 'IVP_021', 'TE_31');
INSERT INTO indi_durchfuehrungen VALUES('IDRF_1408', 7, 1, 1, 0, TO_DATE('2021-12-17', 'YYYY-MM-DD'), 'IVP_022', 'TE_08');
INSERT INTO indi_durchfuehrungen VALUES('IDRF_1409', 7, 8, 3, 90, TO_DATE('2021-12-17', 'YYYY-MM-DD'), 'IVP_022', 'TE_09');
INSERT INTO indi_durchfuehrungen VALUES('IDRF_1410', 5, 11, 2, 120, TO_DATE('2021-12-17', 'YYYY-MM-DD'), 'IVP_022', 'TE_10');
INSERT INTO indi_durchfuehrungen VALUES('IDRF_1411', 6, 9, 3, 90, TO_DATE('2021-12-17', 'YYYY-MM-DD'), 'IVP_022', 'TE_11');
INSERT INTO indi_durchfuehrungen VALUES('IDRF_1412', 10, 8, 1, 60, TO_DATE('2021-12-17', 'YYYY-MM-DD'), 'IVP_022', 'TE_12');
INSERT INTO indi_durchfuehrungen VALUES('IDRF_1413', 7, 11, 3, 90, TO_DATE('2021-12-17', 'YYYY-MM-DD'), 'IVP_022', 'TE_13');
INSERT INTO indi_durchfuehrungen VALUES('IDRF_1414', 9, 9, 1, 60, TO_DATE('2021-12-17', 'YYYY-MM-DD'), 'IVP_022', 'TE_14');
INSERT INTO indi_durchfuehrungen VALUES('IDRF_1415', 7, 1, 1, 0, TO_DATE('2021-12-17', 'YYYY-MM-DD'), 'IVP_022', 'TE_15');
INSERT INTO indi_durchfuehrungen VALUES('IDRF_1416', 7, 1, 1, 0, TO_DATE('2021-12-27', 'YYYY-MM-DD'), 'IVP_022', 'TE_08');
INSERT INTO indi_durchfuehrungen VALUES('IDRF_1417', 6, 8, 1, 60, TO_DATE('2021-12-27', 'YYYY-MM-DD'), 'IVP_022', 'TE_09');
INSERT INTO indi_durchfuehrungen VALUES('IDRF_1418', 9, 8, 2, 120, TO_DATE('2021-12-27', 'YYYY-MM-DD'), 'IVP_022', 'TE_10');
INSERT INTO indi_durchfuehrungen VALUES('IDRF_1419', 8, 11, 3, 120, TO_DATE('2021-12-27', 'YYYY-MM-DD'), 'IVP_022', 'TE_11');
INSERT INTO indi_durchfuehrungen VALUES('IDRF_1420', 10, 9, 3, 60, TO_DATE('2021-12-27', 'YYYY-MM-DD'), 'IVP_022', 'TE_12');
INSERT INTO indi_durchfuehrungen VALUES('IDRF_1421', 10, 11, 3, 120, TO_DATE('2021-12-27', 'YYYY-MM-DD'), 'IVP_022', 'TE_13');
INSERT INTO indi_durchfuehrungen VALUES('IDRF_1422', 10, 11, 2, 120, TO_DATE('2021-12-27', 'YYYY-MM-DD'), 'IVP_022', 'TE_14');
INSERT INTO indi_durchfuehrungen VALUES('IDRF_1423', 7, 1, 1, 0, TO_DATE('2021-12-27', 'YYYY-MM-DD'), 'IVP_022', 'TE_15');
INSERT INTO indi_durchfuehrungen VALUES('IDRF_1424', 7, 1, 1, 0, TO_DATE('2021-09-27', 'YYYY-MM-DD'), 'IVP_022', 'TE_08');
INSERT INTO indi_durchfuehrungen VALUES('IDRF_1425', 9, 8, 2, 60, TO_DATE('2021-09-27', 'YYYY-MM-DD'), 'IVP_022', 'TE_09');
INSERT INTO indi_durchfuehrungen VALUES('IDRF_1426', 9, 11, 2, 90, TO_DATE('2021-09-27', 'YYYY-MM-DD'), 'IVP_022', 'TE_10');
INSERT INTO indi_durchfuehrungen VALUES('IDRF_1427', 7, 11, 3, 60, TO_DATE('2021-09-27', 'YYYY-MM-DD'), 'IVP_022', 'TE_11');
INSERT INTO indi_durchfuehrungen VALUES('IDRF_1428', 6, 10, 2, 120, TO_DATE('2021-09-27', 'YYYY-MM-DD'), 'IVP_022', 'TE_12');
INSERT INTO indi_durchfuehrungen VALUES('IDRF_1429', 7, 10, 2, 60, TO_DATE('2021-09-27', 'YYYY-MM-DD'), 'IVP_022', 'TE_13');
INSERT INTO indi_durchfuehrungen VALUES('IDRF_1430', 7, 11, 3, 120, TO_DATE('2021-09-27', 'YYYY-MM-DD'), 'IVP_022', 'TE_14');
INSERT INTO indi_durchfuehrungen VALUES('IDRF_1431', 7, 1, 1, 0, TO_DATE('2021-09-27', 'YYYY-MM-DD'), 'IVP_022', 'TE_15');
INSERT INTO indi_durchfuehrungen VALUES('IDRF_1432', 7, 1, 1, 0, TO_DATE('2021-12-02', 'YYYY-MM-DD'), 'IVP_022', 'TE_08');
INSERT INTO indi_durchfuehrungen VALUES('IDRF_1433', 6, 9, 1, 120, TO_DATE('2021-12-02', 'YYYY-MM-DD'), 'IVP_022', 'TE_09');
INSERT INTO indi_durchfuehrungen VALUES('IDRF_1434', 6, 8, 3, 60, TO_DATE('2021-12-02', 'YYYY-MM-DD'), 'IVP_022', 'TE_10');
INSERT INTO indi_durchfuehrungen VALUES('IDRF_1435', 8, 10, 3, 120, TO_DATE('2021-12-02', 'YYYY-MM-DD'), 'IVP_022', 'TE_11');
INSERT INTO indi_durchfuehrungen VALUES('IDRF_1436', 10, 8, 2, 90, TO_DATE('2021-12-02', 'YYYY-MM-DD'), 'IVP_022', 'TE_12');
INSERT INTO indi_durchfuehrungen VALUES('IDRF_1437', 5, 8, 1, 120, TO_DATE('2021-12-02', 'YYYY-MM-DD'), 'IVP_022', 'TE_13');
INSERT INTO indi_durchfuehrungen VALUES('IDRF_1438', 7, 9, 2, 60, TO_DATE('2021-12-02', 'YYYY-MM-DD'), 'IVP_022', 'TE_14');
INSERT INTO indi_durchfuehrungen VALUES('IDRF_1439', 7, 1, 1, 0, TO_DATE('2021-12-02', 'YYYY-MM-DD'), 'IVP_022', 'TE_15');
INSERT INTO indi_durchfuehrungen VALUES('IDRF_1440', 7, 1, 1, 0, TO_DATE('2021-05-06', 'YYYY-MM-DD'), 'IVP_022', 'TE_08');
INSERT INTO indi_durchfuehrungen VALUES('IDRF_1441', 8, 10, 1, 90, TO_DATE('2021-05-06', 'YYYY-MM-DD'), 'IVP_022', 'TE_09');
INSERT INTO indi_durchfuehrungen VALUES('IDRF_1442', 7, 10, 1, 90, TO_DATE('2021-05-06', 'YYYY-MM-DD'), 'IVP_022', 'TE_10');
INSERT INTO indi_durchfuehrungen VALUES('IDRF_1443', 6, 10, 2, 60, TO_DATE('2021-05-06', 'YYYY-MM-DD'), 'IVP_022', 'TE_11');
INSERT INTO indi_durchfuehrungen VALUES('IDRF_1444', 9, 10, 1, 90, TO_DATE('2021-05-06', 'YYYY-MM-DD'), 'IVP_022', 'TE_12');
INSERT INTO indi_durchfuehrungen VALUES('IDRF_1445', 5, 8, 2, 90, TO_DATE('2021-05-06', 'YYYY-MM-DD'), 'IVP_022', 'TE_13');
INSERT INTO indi_durchfuehrungen VALUES('IDRF_1446', 8, 11, 3, 120, TO_DATE('2021-05-06', 'YYYY-MM-DD'), 'IVP_022', 'TE_14');
INSERT INTO indi_durchfuehrungen VALUES('IDRF_1447', 7, 1, 1, 0, TO_DATE('2021-05-06', 'YYYY-MM-DD'), 'IVP_022', 'TE_15');
INSERT INTO indi_durchfuehrungen VALUES('IDRF_1448', 7, 1, 1, 0, TO_DATE('2021-07-18', 'YYYY-MM-DD'), 'IVP_022', 'TE_08');
INSERT INTO indi_durchfuehrungen VALUES('IDRF_1449', 6, 8, 3, 90, TO_DATE('2021-07-18', 'YYYY-MM-DD'), 'IVP_022', 'TE_09');
INSERT INTO indi_durchfuehrungen VALUES('IDRF_1450', 5, 9, 2, 60, TO_DATE('2021-07-18', 'YYYY-MM-DD'), 'IVP_022', 'TE_10');
INSERT INTO indi_durchfuehrungen VALUES('IDRF_1451', 8, 11, 2, 60, TO_DATE('2021-07-18', 'YYYY-MM-DD'), 'IVP_022', 'TE_11');
INSERT INTO indi_durchfuehrungen VALUES('IDRF_1452', 8, 9, 1, 60, TO_DATE('2021-07-18', 'YYYY-MM-DD'), 'IVP_022', 'TE_12');
INSERT INTO indi_durchfuehrungen VALUES('IDRF_1453', 5, 9, 2, 60, TO_DATE('2021-07-18', 'YYYY-MM-DD'), 'IVP_022', 'TE_13');
INSERT INTO indi_durchfuehrungen VALUES('IDRF_1454', 9, 11, 2, 120, TO_DATE('2021-07-18', 'YYYY-MM-DD'), 'IVP_022', 'TE_14');
INSERT INTO indi_durchfuehrungen VALUES('IDRF_1455', 7, 1, 1, 0, TO_DATE('2021-07-18', 'YYYY-MM-DD'), 'IVP_022', 'TE_15');
INSERT INTO indi_durchfuehrungen VALUES('IDRF_1456', 7, 1, 1, 0, TO_DATE('2021-06-04', 'YYYY-MM-DD'), 'IVP_022', 'TE_08');
INSERT INTO indi_durchfuehrungen VALUES('IDRF_1457', 9, 8, 1, 120, TO_DATE('2021-06-04', 'YYYY-MM-DD'), 'IVP_022', 'TE_09');
INSERT INTO indi_durchfuehrungen VALUES('IDRF_1458', 6, 10, 1, 60, TO_DATE('2021-06-04', 'YYYY-MM-DD'), 'IVP_022', 'TE_10');
INSERT INTO indi_durchfuehrungen VALUES('IDRF_1459', 6, 9, 1, 120, TO_DATE('2021-06-04', 'YYYY-MM-DD'), 'IVP_022', 'TE_11');
INSERT INTO indi_durchfuehrungen VALUES('IDRF_1460', 7, 10, 3, 60, TO_DATE('2021-06-04', 'YYYY-MM-DD'), 'IVP_022', 'TE_12');
INSERT INTO indi_durchfuehrungen VALUES('IDRF_1461', 5, 9, 1, 60, TO_DATE('2021-06-04', 'YYYY-MM-DD'), 'IVP_022', 'TE_13');
INSERT INTO indi_durchfuehrungen VALUES('IDRF_1462', 9, 8, 2, 120, TO_DATE('2021-06-04', 'YYYY-MM-DD'), 'IVP_022', 'TE_14');
INSERT INTO indi_durchfuehrungen VALUES('IDRF_1463', 7, 1, 1, 0, TO_DATE('2021-06-04', 'YYYY-MM-DD'), 'IVP_022', 'TE_15');
INSERT INTO indi_durchfuehrungen VALUES('IDRF_1464', 7, 1, 1, 0, TO_DATE('2021-02-02', 'YYYY-MM-DD'), 'IVP_022', 'TE_08');
INSERT INTO indi_durchfuehrungen VALUES('IDRF_1465', 7, 9, 1, 120, TO_DATE('2021-02-02', 'YYYY-MM-DD'), 'IVP_022', 'TE_09');
INSERT INTO indi_durchfuehrungen VALUES('IDRF_1466', 5, 9, 2, 120, TO_DATE('2021-02-02', 'YYYY-MM-DD'), 'IVP_022', 'TE_10');
INSERT INTO indi_durchfuehrungen VALUES('IDRF_1467', 7, 8, 1, 120, TO_DATE('2021-02-02', 'YYYY-MM-DD'), 'IVP_022', 'TE_11');
INSERT INTO indi_durchfuehrungen VALUES('IDRF_1468', 10, 8, 1, 60, TO_DATE('2021-02-02', 'YYYY-MM-DD'), 'IVP_022', 'TE_12');
INSERT INTO indi_durchfuehrungen VALUES('IDRF_1469', 9, 10, 2, 90, TO_DATE('2021-02-02', 'YYYY-MM-DD'), 'IVP_022', 'TE_13');
INSERT INTO indi_durchfuehrungen VALUES('IDRF_1470', 9, 8, 1, 60, TO_DATE('2021-02-02', 'YYYY-MM-DD'), 'IVP_022', 'TE_14');
INSERT INTO indi_durchfuehrungen VALUES('IDRF_1471', 7, 1, 1, 0, TO_DATE('2021-02-02', 'YYYY-MM-DD'), 'IVP_022', 'TE_15');
INSERT INTO indi_durchfuehrungen VALUES('IDRF_1472', 7, 1, 1, 0, TO_DATE('2021-02-09', 'YYYY-MM-DD'), 'IVP_023', 'TE_00');
INSERT INTO indi_durchfuehrungen VALUES('IDRF_1473', 7, 9, 1, 60, TO_DATE('2021-02-09', 'YYYY-MM-DD'), 'IVP_023', 'TE_01');
INSERT INTO indi_durchfuehrungen VALUES('IDRF_1474', 6, 8, 1, 60, TO_DATE('2021-02-09', 'YYYY-MM-DD'), 'IVP_023', 'TE_02');
INSERT INTO indi_durchfuehrungen VALUES('IDRF_1475', 5, 8, 1, 90, TO_DATE('2021-02-09', 'YYYY-MM-DD'), 'IVP_023', 'TE_03');
INSERT INTO indi_durchfuehrungen VALUES('IDRF_1476', 9, 10, 3, 90, TO_DATE('2021-02-09', 'YYYY-MM-DD'), 'IVP_023', 'TE_04');
INSERT INTO indi_durchfuehrungen VALUES('IDRF_1477', 10, 10, 3, 120, TO_DATE('2021-02-09', 'YYYY-MM-DD'), 'IVP_023', 'TE_05');
INSERT INTO indi_durchfuehrungen VALUES('IDRF_1478', 7, 11, 2, 120, TO_DATE('2021-02-09', 'YYYY-MM-DD'), 'IVP_023', 'TE_06');
INSERT INTO indi_durchfuehrungen VALUES('IDRF_1479', 5, 9, 2, 60, TO_DATE('2021-02-09', 'YYYY-MM-DD'), 'IVP_023', 'TE_07');
INSERT INTO indi_durchfuehrungen VALUES('IDRF_1480', 7, 1, 1, 0, TO_DATE('2021-12-08', 'YYYY-MM-DD'), 'IVP_023', 'TE_00');
INSERT INTO indi_durchfuehrungen VALUES('IDRF_1481', 10, 8, 3, 90, TO_DATE('2021-12-08', 'YYYY-MM-DD'), 'IVP_023', 'TE_01');
INSERT INTO indi_durchfuehrungen VALUES('IDRF_1482', 6, 9, 3, 60, TO_DATE('2021-12-08', 'YYYY-MM-DD'), 'IVP_023', 'TE_02');
INSERT INTO indi_durchfuehrungen VALUES('IDRF_1483', 9, 11, 2, 90, TO_DATE('2021-12-08', 'YYYY-MM-DD'), 'IVP_023', 'TE_03');
INSERT INTO indi_durchfuehrungen VALUES('IDRF_1484', 6, 8, 3, 90, TO_DATE('2021-12-08', 'YYYY-MM-DD'), 'IVP_023', 'TE_04');
INSERT INTO indi_durchfuehrungen VALUES('IDRF_1485', 5, 8, 3, 120, TO_DATE('2021-12-08', 'YYYY-MM-DD'), 'IVP_023', 'TE_05');
INSERT INTO indi_durchfuehrungen VALUES('IDRF_1486', 8, 10, 3, 90, TO_DATE('2021-12-08', 'YYYY-MM-DD'), 'IVP_023', 'TE_06');
INSERT INTO indi_durchfuehrungen VALUES('IDRF_1487', 9, 10, 1, 90, TO_DATE('2021-12-08', 'YYYY-MM-DD'), 'IVP_023', 'TE_07');
INSERT INTO indi_durchfuehrungen VALUES('IDRF_1488', 7, 1, 1, 0, TO_DATE('2021-06-21', 'YYYY-MM-DD'), 'IVP_023', 'TE_00');
INSERT INTO indi_durchfuehrungen VALUES('IDRF_1489', 7, 9, 2, 120, TO_DATE('2021-06-21', 'YYYY-MM-DD'), 'IVP_023', 'TE_01');
INSERT INTO indi_durchfuehrungen VALUES('IDRF_1490', 10, 10, 3, 90, TO_DATE('2021-06-21', 'YYYY-MM-DD'), 'IVP_023', 'TE_02');
INSERT INTO indi_durchfuehrungen VALUES('IDRF_1491', 7, 9, 3, 90, TO_DATE('2021-06-21', 'YYYY-MM-DD'), 'IVP_023', 'TE_03');
INSERT INTO indi_durchfuehrungen VALUES('IDRF_1492', 9, 8, 1, 60, TO_DATE('2021-06-21', 'YYYY-MM-DD'), 'IVP_023', 'TE_04');
INSERT INTO indi_durchfuehrungen VALUES('IDRF_1493', 9, 9, 2, 60, TO_DATE('2021-06-21', 'YYYY-MM-DD'), 'IVP_023', 'TE_05');
INSERT INTO indi_durchfuehrungen VALUES('IDRF_1494', 9, 8, 1, 60, TO_DATE('2021-06-21', 'YYYY-MM-DD'), 'IVP_023', 'TE_06');
INSERT INTO indi_durchfuehrungen VALUES('IDRF_1495', 6, 10, 2, 90, TO_DATE('2021-06-21', 'YYYY-MM-DD'), 'IVP_023', 'TE_07');
INSERT INTO indi_durchfuehrungen VALUES('IDRF_1496', 7, 1, 1, 0, TO_DATE('2021-01-01', 'YYYY-MM-DD'), 'IVP_023', 'TE_00');
INSERT INTO indi_durchfuehrungen VALUES('IDRF_1497', 5, 10, 2, 120, TO_DATE('2021-01-01', 'YYYY-MM-DD'), 'IVP_023', 'TE_01');
INSERT INTO indi_durchfuehrungen VALUES('IDRF_1498', 5, 9, 3, 120, TO_DATE('2021-01-01', 'YYYY-MM-DD'), 'IVP_023', 'TE_02');
INSERT INTO indi_durchfuehrungen VALUES('IDRF_1499', 5, 8, 3, 120, TO_DATE('2021-01-01', 'YYYY-MM-DD'), 'IVP_023', 'TE_03');
INSERT INTO indi_durchfuehrungen VALUES('IDRF_1500', 5, 10, 2, 90, TO_DATE('2021-01-01', 'YYYY-MM-DD'), 'IVP_023', 'TE_04');
INSERT INTO indi_durchfuehrungen VALUES('IDRF_1501', 5, 10, 1, 120, TO_DATE('2021-01-01', 'YYYY-MM-DD'), 'IVP_023', 'TE_05');
INSERT INTO indi_durchfuehrungen VALUES('IDRF_1502', 6, 9, 3, 120, TO_DATE('2021-01-01', 'YYYY-MM-DD'), 'IVP_023', 'TE_06');
INSERT INTO indi_durchfuehrungen VALUES('IDRF_1503', 8, 10, 3, 60, TO_DATE('2021-01-01', 'YYYY-MM-DD'), 'IVP_023', 'TE_07');
INSERT INTO indi_durchfuehrungen VALUES('IDRF_1504', 7, 1, 1, 0, TO_DATE('2021-07-11', 'YYYY-MM-DD'), 'IVP_023', 'TE_00');
INSERT INTO indi_durchfuehrungen VALUES('IDRF_1505', 6, 8, 3, 120, TO_DATE('2021-07-11', 'YYYY-MM-DD'), 'IVP_023', 'TE_01');
INSERT INTO indi_durchfuehrungen VALUES('IDRF_1506', 10, 8, 2, 60, TO_DATE('2021-07-11', 'YYYY-MM-DD'), 'IVP_023', 'TE_02');
INSERT INTO indi_durchfuehrungen VALUES('IDRF_1507', 9, 9, 2, 90, TO_DATE('2021-07-11', 'YYYY-MM-DD'), 'IVP_023', 'TE_03');
INSERT INTO indi_durchfuehrungen VALUES('IDRF_1508', 9, 8, 2, 120, TO_DATE('2021-07-11', 'YYYY-MM-DD'), 'IVP_023', 'TE_04');
INSERT INTO indi_durchfuehrungen VALUES('IDRF_1509', 8, 10, 3, 60, TO_DATE('2021-07-11', 'YYYY-MM-DD'), 'IVP_023', 'TE_05');
INSERT INTO indi_durchfuehrungen VALUES('IDRF_1510', 7, 9, 3, 120, TO_DATE('2021-07-11', 'YYYY-MM-DD'), 'IVP_023', 'TE_06');
INSERT INTO indi_durchfuehrungen VALUES('IDRF_1511', 7, 10, 1, 120, TO_DATE('2021-07-11', 'YYYY-MM-DD'), 'IVP_023', 'TE_07');
INSERT INTO indi_durchfuehrungen VALUES('IDRF_1512', 7, 1, 1, 0, TO_DATE('2021-03-26', 'YYYY-MM-DD'), 'IVP_023', 'TE_00');
INSERT INTO indi_durchfuehrungen VALUES('IDRF_1513', 7, 10, 1, 60, TO_DATE('2021-03-26', 'YYYY-MM-DD'), 'IVP_023', 'TE_01');
INSERT INTO indi_durchfuehrungen VALUES('IDRF_1514', 8, 8, 1, 120, TO_DATE('2021-03-26', 'YYYY-MM-DD'), 'IVP_023', 'TE_02');
INSERT INTO indi_durchfuehrungen VALUES('IDRF_1515', 5, 10, 2, 120, TO_DATE('2021-03-26', 'YYYY-MM-DD'), 'IVP_023', 'TE_03');
INSERT INTO indi_durchfuehrungen VALUES('IDRF_1516', 9, 10, 1, 120, TO_DATE('2021-03-26', 'YYYY-MM-DD'), 'IVP_023', 'TE_04');
INSERT INTO indi_durchfuehrungen VALUES('IDRF_1517', 9, 11, 2, 90, TO_DATE('2021-03-26', 'YYYY-MM-DD'), 'IVP_023', 'TE_05');
INSERT INTO indi_durchfuehrungen VALUES('IDRF_1518', 7, 8, 1, 90, TO_DATE('2021-03-26', 'YYYY-MM-DD'), 'IVP_023', 'TE_06');
INSERT INTO indi_durchfuehrungen VALUES('IDRF_1519', 5, 10, 3, 90, TO_DATE('2021-03-26', 'YYYY-MM-DD'), 'IVP_023', 'TE_07');
INSERT INTO indi_durchfuehrungen VALUES('IDRF_1520', 7, 1, 1, 0, TO_DATE('2021-11-02', 'YYYY-MM-DD'), 'IVP_023', 'TE_00');
INSERT INTO indi_durchfuehrungen VALUES('IDRF_1521', 5, 10, 2, 120, TO_DATE('2021-11-02', 'YYYY-MM-DD'), 'IVP_023', 'TE_01');
INSERT INTO indi_durchfuehrungen VALUES('IDRF_1522', 6, 9, 3, 90, TO_DATE('2021-11-02', 'YYYY-MM-DD'), 'IVP_023', 'TE_02');
INSERT INTO indi_durchfuehrungen VALUES('IDRF_1523', 5, 10, 3, 90, TO_DATE('2021-11-02', 'YYYY-MM-DD'), 'IVP_023', 'TE_03');
INSERT INTO indi_durchfuehrungen VALUES('IDRF_1524', 7, 9, 2, 90, TO_DATE('2021-11-02', 'YYYY-MM-DD'), 'IVP_023', 'TE_04');
INSERT INTO indi_durchfuehrungen VALUES('IDRF_1525', 9, 10, 1, 90, TO_DATE('2021-11-02', 'YYYY-MM-DD'), 'IVP_023', 'TE_05');
INSERT INTO indi_durchfuehrungen VALUES('IDRF_1526', 7, 8, 3, 90, TO_DATE('2021-11-02', 'YYYY-MM-DD'), 'IVP_023', 'TE_06');
INSERT INTO indi_durchfuehrungen VALUES('IDRF_1527', 9, 9, 3, 90, TO_DATE('2021-11-02', 'YYYY-MM-DD'), 'IVP_023', 'TE_07');
INSERT INTO indi_durchfuehrungen VALUES('IDRF_1528', 7, 1, 1, 0, TO_DATE('2021-02-19', 'YYYY-MM-DD'), 'IVP_023', 'TE_00');
INSERT INTO indi_durchfuehrungen VALUES('IDRF_1529', 6, 11, 2, 120, TO_DATE('2021-02-19', 'YYYY-MM-DD'), 'IVP_023', 'TE_01');
INSERT INTO indi_durchfuehrungen VALUES('IDRF_1530', 5, 8, 2, 60, TO_DATE('2021-02-19', 'YYYY-MM-DD'), 'IVP_023', 'TE_02');
INSERT INTO indi_durchfuehrungen VALUES('IDRF_1531', 10, 9, 3, 60, TO_DATE('2021-02-19', 'YYYY-MM-DD'), 'IVP_023', 'TE_03');
INSERT INTO indi_durchfuehrungen VALUES('IDRF_1532', 5, 11, 3, 120, TO_DATE('2021-02-19', 'YYYY-MM-DD'), 'IVP_023', 'TE_04');
INSERT INTO indi_durchfuehrungen VALUES('IDRF_1533', 9, 10, 2, 90, TO_DATE('2021-02-19', 'YYYY-MM-DD'), 'IVP_023', 'TE_05');
INSERT INTO indi_durchfuehrungen VALUES('IDRF_1534', 7, 10, 2, 60, TO_DATE('2021-02-19', 'YYYY-MM-DD'), 'IVP_023', 'TE_06');
INSERT INTO indi_durchfuehrungen VALUES('IDRF_1535', 6, 10, 3, 60, TO_DATE('2021-02-19', 'YYYY-MM-DD'), 'IVP_023', 'TE_07');
INSERT INTO indi_durchfuehrungen VALUES('IDRF_1536', 5, 10, 2, 60, TO_DATE('2021-12-23', 'YYYY-MM-DD'), 'IVP_024', 'TE_16');
INSERT INTO indi_durchfuehrungen VALUES('IDRF_1537', 10, 11, 1, 60, TO_DATE('2021-12-23', 'YYYY-MM-DD'), 'IVP_024', 'TE_17');
INSERT INTO indi_durchfuehrungen VALUES('IDRF_1538', 10, 9, 1, 120, TO_DATE('2021-12-23', 'YYYY-MM-DD'), 'IVP_024', 'TE_18');
INSERT INTO indi_durchfuehrungen VALUES('IDRF_1539', 7, 8, 3, 90, TO_DATE('2021-12-23', 'YYYY-MM-DD'), 'IVP_024', 'TE_19');
INSERT INTO indi_durchfuehrungen VALUES('IDRF_1540', 10, 9, 2, 60, TO_DATE('2021-12-23', 'YYYY-MM-DD'), 'IVP_024', 'TE_20');
INSERT INTO indi_durchfuehrungen VALUES('IDRF_1541', 9, 9, 2, 60, TO_DATE('2021-12-23', 'YYYY-MM-DD'), 'IVP_024', 'TE_29');
INSERT INTO indi_durchfuehrungen VALUES('IDRF_1542', 9, 11, 2, 60, TO_DATE('2021-12-23', 'YYYY-MM-DD'), 'IVP_024', 'TE_30');
INSERT INTO indi_durchfuehrungen VALUES('IDRF_1543', 8, 9, 2, 90, TO_DATE('2021-12-23', 'YYYY-MM-DD'), 'IVP_024', 'TE_31');
INSERT INTO indi_durchfuehrungen VALUES('IDRF_1544', 7, 11, 1, 120, TO_DATE('2021-08-27', 'YYYY-MM-DD'), 'IVP_024', 'TE_16');
INSERT INTO indi_durchfuehrungen VALUES('IDRF_1545', 8, 11, 3, 120, TO_DATE('2021-08-27', 'YYYY-MM-DD'), 'IVP_024', 'TE_17');
INSERT INTO indi_durchfuehrungen VALUES('IDRF_1546', 9, 11, 1, 120, TO_DATE('2021-08-27', 'YYYY-MM-DD'), 'IVP_024', 'TE_18');
INSERT INTO indi_durchfuehrungen VALUES('IDRF_1547', 5, 10, 1, 90, TO_DATE('2021-08-27', 'YYYY-MM-DD'), 'IVP_024', 'TE_19');
INSERT INTO indi_durchfuehrungen VALUES('IDRF_1548', 9, 11, 3, 60, TO_DATE('2021-08-27', 'YYYY-MM-DD'), 'IVP_024', 'TE_20');
INSERT INTO indi_durchfuehrungen VALUES('IDRF_1549', 6, 10, 1, 120, TO_DATE('2021-08-27', 'YYYY-MM-DD'), 'IVP_024', 'TE_29');
INSERT INTO indi_durchfuehrungen VALUES('IDRF_1550', 10, 10, 3, 60, TO_DATE('2021-08-27', 'YYYY-MM-DD'), 'IVP_024', 'TE_30');
INSERT INTO indi_durchfuehrungen VALUES('IDRF_1551', 10, 9, 3, 120, TO_DATE('2021-08-27', 'YYYY-MM-DD'), 'IVP_024', 'TE_31');
INSERT INTO indi_durchfuehrungen VALUES('IDRF_1552', 9, 8, 3, 120, TO_DATE('2021-11-09', 'YYYY-MM-DD'), 'IVP_024', 'TE_16');
INSERT INTO indi_durchfuehrungen VALUES('IDRF_1553', 10, 10, 1, 120, TO_DATE('2021-11-09', 'YYYY-MM-DD'), 'IVP_024', 'TE_17');
INSERT INTO indi_durchfuehrungen VALUES('IDRF_1554', 6, 10, 2, 120, TO_DATE('2021-11-09', 'YYYY-MM-DD'), 'IVP_024', 'TE_18');
INSERT INTO indi_durchfuehrungen VALUES('IDRF_1555', 7, 10, 1, 120, TO_DATE('2021-11-09', 'YYYY-MM-DD'), 'IVP_024', 'TE_19');
INSERT INTO indi_durchfuehrungen VALUES('IDRF_1556', 9, 9, 3, 60, TO_DATE('2021-11-09', 'YYYY-MM-DD'), 'IVP_024', 'TE_20');
INSERT INTO indi_durchfuehrungen VALUES('IDRF_1557', 6, 11, 3, 60, TO_DATE('2021-11-09', 'YYYY-MM-DD'), 'IVP_024', 'TE_29');
INSERT INTO indi_durchfuehrungen VALUES('IDRF_1558', 6, 10, 3, 90, TO_DATE('2021-11-09', 'YYYY-MM-DD'), 'IVP_024', 'TE_30');
INSERT INTO indi_durchfuehrungen VALUES('IDRF_1559', 6, 11, 3, 60, TO_DATE('2021-11-09', 'YYYY-MM-DD'), 'IVP_024', 'TE_31');
INSERT INTO indi_durchfuehrungen VALUES('IDRF_1560', 8, 10, 1, 90, TO_DATE('2021-11-06', 'YYYY-MM-DD'), 'IVP_024', 'TE_16');
INSERT INTO indi_durchfuehrungen VALUES('IDRF_1561', 5, 10, 1, 90, TO_DATE('2021-11-06', 'YYYY-MM-DD'), 'IVP_024', 'TE_17');
INSERT INTO indi_durchfuehrungen VALUES('IDRF_1562', 6, 10, 2, 60, TO_DATE('2021-11-06', 'YYYY-MM-DD'), 'IVP_024', 'TE_18');
INSERT INTO indi_durchfuehrungen VALUES('IDRF_1563', 10, 9, 2, 60, TO_DATE('2021-11-06', 'YYYY-MM-DD'), 'IVP_024', 'TE_19');
INSERT INTO indi_durchfuehrungen VALUES('IDRF_1564', 10, 9, 2, 60, TO_DATE('2021-11-06', 'YYYY-MM-DD'), 'IVP_024', 'TE_20');
INSERT INTO indi_durchfuehrungen VALUES('IDRF_1565', 8, 10, 2, 60, TO_DATE('2021-11-06', 'YYYY-MM-DD'), 'IVP_024', 'TE_29');
INSERT INTO indi_durchfuehrungen VALUES('IDRF_1566', 10, 10, 1, 60, TO_DATE('2021-11-06', 'YYYY-MM-DD'), 'IVP_024', 'TE_30');
INSERT INTO indi_durchfuehrungen VALUES('IDRF_1567', 7, 10, 2, 120, TO_DATE('2021-11-06', 'YYYY-MM-DD'), 'IVP_024', 'TE_31');
INSERT INTO indi_durchfuehrungen VALUES('IDRF_1568', 5, 8, 1, 90, TO_DATE('2021-03-15', 'YYYY-MM-DD'), 'IVP_024', 'TE_16');
INSERT INTO indi_durchfuehrungen VALUES('IDRF_1569', 5, 11, 1, 120, TO_DATE('2021-03-15', 'YYYY-MM-DD'), 'IVP_024', 'TE_17');
INSERT INTO indi_durchfuehrungen VALUES('IDRF_1570', 5, 10, 1, 90, TO_DATE('2021-03-15', 'YYYY-MM-DD'), 'IVP_024', 'TE_18');
INSERT INTO indi_durchfuehrungen VALUES('IDRF_1571', 8, 11, 2, 60, TO_DATE('2021-03-15', 'YYYY-MM-DD'), 'IVP_024', 'TE_19');
INSERT INTO indi_durchfuehrungen VALUES('IDRF_1572', 5, 8, 1, 120, TO_DATE('2021-03-15', 'YYYY-MM-DD'), 'IVP_024', 'TE_20');
INSERT INTO indi_durchfuehrungen VALUES('IDRF_1573', 10, 9, 3, 60, TO_DATE('2021-03-15', 'YYYY-MM-DD'), 'IVP_024', 'TE_29');
INSERT INTO indi_durchfuehrungen VALUES('IDRF_1574', 9, 10, 2, 120, TO_DATE('2021-03-15', 'YYYY-MM-DD'), 'IVP_024', 'TE_30');
INSERT INTO indi_durchfuehrungen VALUES('IDRF_1575', 5, 8, 1, 120, TO_DATE('2021-03-15', 'YYYY-MM-DD'), 'IVP_024', 'TE_31');
INSERT INTO indi_durchfuehrungen VALUES('IDRF_1576', 8, 11, 1, 120, TO_DATE('2021-06-11', 'YYYY-MM-DD'), 'IVP_024', 'TE_16');
INSERT INTO indi_durchfuehrungen VALUES('IDRF_1577', 5, 9, 3, 90, TO_DATE('2021-06-11', 'YYYY-MM-DD'), 'IVP_024', 'TE_17');
INSERT INTO indi_durchfuehrungen VALUES('IDRF_1578', 7, 11, 3, 120, TO_DATE('2021-06-11', 'YYYY-MM-DD'), 'IVP_024', 'TE_18');
INSERT INTO indi_durchfuehrungen VALUES('IDRF_1579', 10, 9, 2, 120, TO_DATE('2021-06-11', 'YYYY-MM-DD'), 'IVP_024', 'TE_19');
INSERT INTO indi_durchfuehrungen VALUES('IDRF_1580', 10, 9, 2, 90, TO_DATE('2021-06-11', 'YYYY-MM-DD'), 'IVP_024', 'TE_20');
INSERT INTO indi_durchfuehrungen VALUES('IDRF_1581', 5, 8, 3, 120, TO_DATE('2021-06-11', 'YYYY-MM-DD'), 'IVP_024', 'TE_29');
INSERT INTO indi_durchfuehrungen VALUES('IDRF_1582', 10, 9, 3, 60, TO_DATE('2021-06-11', 'YYYY-MM-DD'), 'IVP_024', 'TE_30');
INSERT INTO indi_durchfuehrungen VALUES('IDRF_1583', 5, 11, 1, 120, TO_DATE('2021-06-11', 'YYYY-MM-DD'), 'IVP_024', 'TE_31');
INSERT INTO indi_durchfuehrungen VALUES('IDRF_1584', 9, 11, 3, 60, TO_DATE('2021-05-28', 'YYYY-MM-DD'), 'IVP_024', 'TE_16');
INSERT INTO indi_durchfuehrungen VALUES('IDRF_1585', 9, 11, 1, 90, TO_DATE('2021-05-28', 'YYYY-MM-DD'), 'IVP_024', 'TE_17');
INSERT INTO indi_durchfuehrungen VALUES('IDRF_1586', 9, 8, 1, 60, TO_DATE('2021-05-28', 'YYYY-MM-DD'), 'IVP_024', 'TE_18');
INSERT INTO indi_durchfuehrungen VALUES('IDRF_1587', 5, 8, 3, 60, TO_DATE('2021-05-28', 'YYYY-MM-DD'), 'IVP_024', 'TE_19');
INSERT INTO indi_durchfuehrungen VALUES('IDRF_1588', 6, 10, 1, 120, TO_DATE('2021-05-28', 'YYYY-MM-DD'), 'IVP_024', 'TE_20');
INSERT INTO indi_durchfuehrungen VALUES('IDRF_1589', 9, 8, 2, 90, TO_DATE('2021-05-28', 'YYYY-MM-DD'), 'IVP_024', 'TE_29');
INSERT INTO indi_durchfuehrungen VALUES('IDRF_1590', 10, 11, 3, 90, TO_DATE('2021-05-28', 'YYYY-MM-DD'), 'IVP_024', 'TE_30');
INSERT INTO indi_durchfuehrungen VALUES('IDRF_1591', 9, 8, 3, 120, TO_DATE('2021-05-28', 'YYYY-MM-DD'), 'IVP_024', 'TE_31');
INSERT INTO indi_durchfuehrungen VALUES('IDRF_1592', 8, 8, 1, 120, TO_DATE('2021-09-10', 'YYYY-MM-DD'), 'IVP_024', 'TE_16');
INSERT INTO indi_durchfuehrungen VALUES('IDRF_1593', 10, 8, 1, 90, TO_DATE('2021-09-10', 'YYYY-MM-DD'), 'IVP_024', 'TE_17');
INSERT INTO indi_durchfuehrungen VALUES('IDRF_1594', 7, 8, 1, 120, TO_DATE('2021-09-10', 'YYYY-MM-DD'), 'IVP_024', 'TE_18');
INSERT INTO indi_durchfuehrungen VALUES('IDRF_1595', 5, 11, 3, 60, TO_DATE('2021-09-10', 'YYYY-MM-DD'), 'IVP_024', 'TE_19');
INSERT INTO indi_durchfuehrungen VALUES('IDRF_1596', 5, 9, 1, 60, TO_DATE('2021-09-10', 'YYYY-MM-DD'), 'IVP_024', 'TE_20');
INSERT INTO indi_durchfuehrungen VALUES('IDRF_1597', 8, 11, 3, 90, TO_DATE('2021-09-10', 'YYYY-MM-DD'), 'IVP_024', 'TE_29');
INSERT INTO indi_durchfuehrungen VALUES('IDRF_1598', 10, 9, 1, 90, TO_DATE('2021-09-10', 'YYYY-MM-DD'), 'IVP_024', 'TE_30');
INSERT INTO indi_durchfuehrungen VALUES('IDRF_1599', 6, 10, 3, 90, TO_DATE('2021-09-10', 'YYYY-MM-DD'), 'IVP_024', 'TE_31');
INSERT INTO indi_durchfuehrungen VALUES('IDRF_1600', 7, 1, 1, 0, TO_DATE('2021-08-23', 'YYYY-MM-DD'), 'IVP_025', 'TE_00');
INSERT INTO indi_durchfuehrungen VALUES('IDRF_1601', 5, 9, 2, 120, TO_DATE('2021-08-23', 'YYYY-MM-DD'), 'IVP_025', 'TE_01');
INSERT INTO indi_durchfuehrungen VALUES('IDRF_1602', 10, 10, 1, 90, TO_DATE('2021-08-23', 'YYYY-MM-DD'), 'IVP_025', 'TE_02');
INSERT INTO indi_durchfuehrungen VALUES('IDRF_1603', 6, 9, 1, 120, TO_DATE('2021-08-23', 'YYYY-MM-DD'), 'IVP_025', 'TE_03');
INSERT INTO indi_durchfuehrungen VALUES('IDRF_1604', 8, 11, 3, 60, TO_DATE('2021-08-23', 'YYYY-MM-DD'), 'IVP_025', 'TE_04');
INSERT INTO indi_durchfuehrungen VALUES('IDRF_1605', 6, 10, 3, 90, TO_DATE('2021-08-23', 'YYYY-MM-DD'), 'IVP_025', 'TE_05');
INSERT INTO indi_durchfuehrungen VALUES('IDRF_1606', 8, 9, 2, 120, TO_DATE('2021-08-23', 'YYYY-MM-DD'), 'IVP_025', 'TE_06');
INSERT INTO indi_durchfuehrungen VALUES('IDRF_1607', 9, 10, 3, 90, TO_DATE('2021-08-23', 'YYYY-MM-DD'), 'IVP_025', 'TE_07');
INSERT INTO indi_durchfuehrungen VALUES('IDRF_1608', 7, 1, 1, 0, TO_DATE('2021-03-15', 'YYYY-MM-DD'), 'IVP_025', 'TE_00');
INSERT INTO indi_durchfuehrungen VALUES('IDRF_1609', 6, 10, 2, 90, TO_DATE('2021-03-15', 'YYYY-MM-DD'), 'IVP_025', 'TE_01');
INSERT INTO indi_durchfuehrungen VALUES('IDRF_1610', 9, 9, 2, 90, TO_DATE('2021-03-15', 'YYYY-MM-DD'), 'IVP_025', 'TE_02');
INSERT INTO indi_durchfuehrungen VALUES('IDRF_1611', 8, 10, 2, 90, TO_DATE('2021-03-15', 'YYYY-MM-DD'), 'IVP_025', 'TE_03');
INSERT INTO indi_durchfuehrungen VALUES('IDRF_1612', 5, 9, 1, 120, TO_DATE('2021-03-15', 'YYYY-MM-DD'), 'IVP_025', 'TE_04');
INSERT INTO indi_durchfuehrungen VALUES('IDRF_1613', 6, 9, 2, 60, TO_DATE('2021-03-15', 'YYYY-MM-DD'), 'IVP_025', 'TE_05');
INSERT INTO indi_durchfuehrungen VALUES('IDRF_1614', 9, 8, 3, 120, TO_DATE('2021-03-15', 'YYYY-MM-DD'), 'IVP_025', 'TE_06');
INSERT INTO indi_durchfuehrungen VALUES('IDRF_1615', 9, 10, 2, 90, TO_DATE('2021-03-15', 'YYYY-MM-DD'), 'IVP_025', 'TE_07');
INSERT INTO indi_durchfuehrungen VALUES('IDRF_1616', 7, 1, 1, 0, TO_DATE('2021-07-25', 'YYYY-MM-DD'), 'IVP_025', 'TE_00');
INSERT INTO indi_durchfuehrungen VALUES('IDRF_1617', 8, 11, 1, 90, TO_DATE('2021-07-25', 'YYYY-MM-DD'), 'IVP_025', 'TE_01');
INSERT INTO indi_durchfuehrungen VALUES('IDRF_1618', 9, 11, 1, 90, TO_DATE('2021-07-25', 'YYYY-MM-DD'), 'IVP_025', 'TE_02');
INSERT INTO indi_durchfuehrungen VALUES('IDRF_1619', 7, 10, 2, 90, TO_DATE('2021-07-25', 'YYYY-MM-DD'), 'IVP_025', 'TE_03');
INSERT INTO indi_durchfuehrungen VALUES('IDRF_1620', 7, 9, 2, 90, TO_DATE('2021-07-25', 'YYYY-MM-DD'), 'IVP_025', 'TE_04');
INSERT INTO indi_durchfuehrungen VALUES('IDRF_1621', 7, 9, 3, 120, TO_DATE('2021-07-25', 'YYYY-MM-DD'), 'IVP_025', 'TE_05');
INSERT INTO indi_durchfuehrungen VALUES('IDRF_1622', 6, 8, 1, 120, TO_DATE('2021-07-25', 'YYYY-MM-DD'), 'IVP_025', 'TE_06');
INSERT INTO indi_durchfuehrungen VALUES('IDRF_1623', 5, 10, 2, 120, TO_DATE('2021-07-25', 'YYYY-MM-DD'), 'IVP_025', 'TE_07');
INSERT INTO indi_durchfuehrungen VALUES('IDRF_1624', 7, 1, 1, 0, TO_DATE('2021-11-06', 'YYYY-MM-DD'), 'IVP_025', 'TE_00');
INSERT INTO indi_durchfuehrungen VALUES('IDRF_1625', 9, 9, 3, 120, TO_DATE('2021-11-06', 'YYYY-MM-DD'), 'IVP_025', 'TE_01');
INSERT INTO indi_durchfuehrungen VALUES('IDRF_1626', 7, 8, 3, 60, TO_DATE('2021-11-06', 'YYYY-MM-DD'), 'IVP_025', 'TE_02');
INSERT INTO indi_durchfuehrungen VALUES('IDRF_1627', 8, 9, 3, 60, TO_DATE('2021-11-06', 'YYYY-MM-DD'), 'IVP_025', 'TE_03');
INSERT INTO indi_durchfuehrungen VALUES('IDRF_1628', 7, 8, 2, 90, TO_DATE('2021-11-06', 'YYYY-MM-DD'), 'IVP_025', 'TE_04');
INSERT INTO indi_durchfuehrungen VALUES('IDRF_1629', 6, 11, 1, 60, TO_DATE('2021-11-06', 'YYYY-MM-DD'), 'IVP_025', 'TE_05');
INSERT INTO indi_durchfuehrungen VALUES('IDRF_1630', 9, 11, 1, 90, TO_DATE('2021-11-06', 'YYYY-MM-DD'), 'IVP_025', 'TE_06');
INSERT INTO indi_durchfuehrungen VALUES('IDRF_1631', 8, 11, 2, 60, TO_DATE('2021-11-06', 'YYYY-MM-DD'), 'IVP_025', 'TE_07');
INSERT INTO indi_durchfuehrungen VALUES('IDRF_1632', 7, 1, 1, 0, TO_DATE('2021-11-24', 'YYYY-MM-DD'), 'IVP_025', 'TE_00');
INSERT INTO indi_durchfuehrungen VALUES('IDRF_1633', 8, 8, 2, 60, TO_DATE('2021-11-24', 'YYYY-MM-DD'), 'IVP_025', 'TE_01');
INSERT INTO indi_durchfuehrungen VALUES('IDRF_1634', 9, 8, 2, 90, TO_DATE('2021-11-24', 'YYYY-MM-DD'), 'IVP_025', 'TE_02');
INSERT INTO indi_durchfuehrungen VALUES('IDRF_1635', 9, 9, 3, 90, TO_DATE('2021-11-24', 'YYYY-MM-DD'), 'IVP_025', 'TE_03');
INSERT INTO indi_durchfuehrungen VALUES('IDRF_1636', 10, 10, 3, 60, TO_DATE('2021-11-24', 'YYYY-MM-DD'), 'IVP_025', 'TE_04');
INSERT INTO indi_durchfuehrungen VALUES('IDRF_1637', 7, 9, 3, 60, TO_DATE('2021-11-24', 'YYYY-MM-DD'), 'IVP_025', 'TE_05');
INSERT INTO indi_durchfuehrungen VALUES('IDRF_1638', 9, 8, 3, 90, TO_DATE('2021-11-24', 'YYYY-MM-DD'), 'IVP_025', 'TE_06');
INSERT INTO indi_durchfuehrungen VALUES('IDRF_1639', 5, 10, 1, 60, TO_DATE('2021-11-24', 'YYYY-MM-DD'), 'IVP_025', 'TE_07');
INSERT INTO indi_durchfuehrungen VALUES('IDRF_1640', 7, 1, 1, 0, TO_DATE('2021-12-09', 'YYYY-MM-DD'), 'IVP_025', 'TE_00');
INSERT INTO indi_durchfuehrungen VALUES('IDRF_1641', 10, 10, 2, 60, TO_DATE('2021-12-09', 'YYYY-MM-DD'), 'IVP_025', 'TE_01');
INSERT INTO indi_durchfuehrungen VALUES('IDRF_1642', 7, 8, 3, 90, TO_DATE('2021-12-09', 'YYYY-MM-DD'), 'IVP_025', 'TE_02');
INSERT INTO indi_durchfuehrungen VALUES('IDRF_1643', 8, 8, 1, 60, TO_DATE('2021-12-09', 'YYYY-MM-DD'), 'IVP_025', 'TE_03');
INSERT INTO indi_durchfuehrungen VALUES('IDRF_1644', 10, 8, 3, 120, TO_DATE('2021-12-09', 'YYYY-MM-DD'), 'IVP_025', 'TE_04');
INSERT INTO indi_durchfuehrungen VALUES('IDRF_1645', 10, 10, 1, 120, TO_DATE('2021-12-09', 'YYYY-MM-DD'), 'IVP_025', 'TE_05');
INSERT INTO indi_durchfuehrungen VALUES('IDRF_1646', 10, 11, 1, 120, TO_DATE('2021-12-09', 'YYYY-MM-DD'), 'IVP_025', 'TE_06');
INSERT INTO indi_durchfuehrungen VALUES('IDRF_1647', 5, 11, 1, 120, TO_DATE('2021-12-09', 'YYYY-MM-DD'), 'IVP_025', 'TE_07');
INSERT INTO indi_durchfuehrungen VALUES('IDRF_1648', 7, 1, 1, 0, TO_DATE('2021-05-21', 'YYYY-MM-DD'), 'IVP_025', 'TE_00');
INSERT INTO indi_durchfuehrungen VALUES('IDRF_1649', 8, 11, 2, 90, TO_DATE('2021-05-21', 'YYYY-MM-DD'), 'IVP_025', 'TE_01');
INSERT INTO indi_durchfuehrungen VALUES('IDRF_1650', 9, 8, 3, 120, TO_DATE('2021-05-21', 'YYYY-MM-DD'), 'IVP_025', 'TE_02');
INSERT INTO indi_durchfuehrungen VALUES('IDRF_1651', 8, 11, 3, 90, TO_DATE('2021-05-21', 'YYYY-MM-DD'), 'IVP_025', 'TE_03');
INSERT INTO indi_durchfuehrungen VALUES('IDRF_1652', 6, 10, 1, 90, TO_DATE('2021-05-21', 'YYYY-MM-DD'), 'IVP_025', 'TE_04');
INSERT INTO indi_durchfuehrungen VALUES('IDRF_1653', 8, 11, 1, 60, TO_DATE('2021-05-21', 'YYYY-MM-DD'), 'IVP_025', 'TE_05');
INSERT INTO indi_durchfuehrungen VALUES('IDRF_1654', 9, 10, 2, 120, TO_DATE('2021-05-21', 'YYYY-MM-DD'), 'IVP_025', 'TE_06');
INSERT INTO indi_durchfuehrungen VALUES('IDRF_1655', 6, 10, 2, 120, TO_DATE('2021-05-21', 'YYYY-MM-DD'), 'IVP_025', 'TE_07');
INSERT INTO indi_durchfuehrungen VALUES('IDRF_1656', 7, 1, 1, 0, TO_DATE('2021-09-17', 'YYYY-MM-DD'), 'IVP_025', 'TE_00');
INSERT INTO indi_durchfuehrungen VALUES('IDRF_1657', 8, 8, 3, 90, TO_DATE('2021-09-17', 'YYYY-MM-DD'), 'IVP_025', 'TE_01');
INSERT INTO indi_durchfuehrungen VALUES('IDRF_1658', 7, 8, 3, 60, TO_DATE('2021-09-17', 'YYYY-MM-DD'), 'IVP_025', 'TE_02');
INSERT INTO indi_durchfuehrungen VALUES('IDRF_1659', 10, 10, 3, 120, TO_DATE('2021-09-17', 'YYYY-MM-DD'), 'IVP_025', 'TE_03');
INSERT INTO indi_durchfuehrungen VALUES('IDRF_1660', 7, 9, 2, 60, TO_DATE('2021-09-17', 'YYYY-MM-DD'), 'IVP_025', 'TE_04');
INSERT INTO indi_durchfuehrungen VALUES('IDRF_1661', 10, 10, 2, 120, TO_DATE('2021-09-17', 'YYYY-MM-DD'), 'IVP_025', 'TE_05');
INSERT INTO indi_durchfuehrungen VALUES('IDRF_1662', 7, 10, 2, 90, TO_DATE('2021-09-17', 'YYYY-MM-DD'), 'IVP_025', 'TE_06');
INSERT INTO indi_durchfuehrungen VALUES('IDRF_1663', 10, 11, 1, 90, TO_DATE('2021-09-17', 'YYYY-MM-DD'), 'IVP_025', 'TE_07');
INSERT INTO indi_durchfuehrungen VALUES('IDRF_1664', 7, 1, 1, 0, TO_DATE('2021-11-07', 'YYYY-MM-DD'), 'IVP_026', 'TE_00');
INSERT INTO indi_durchfuehrungen VALUES('IDRF_1665', 8, 8, 2, 90, TO_DATE('2021-11-07', 'YYYY-MM-DD'), 'IVP_026', 'TE_01');
INSERT INTO indi_durchfuehrungen VALUES('IDRF_1666', 10, 10, 1, 120, TO_DATE('2021-11-07', 'YYYY-MM-DD'), 'IVP_026', 'TE_02');
INSERT INTO indi_durchfuehrungen VALUES('IDRF_1667', 9, 8, 3, 90, TO_DATE('2021-11-07', 'YYYY-MM-DD'), 'IVP_026', 'TE_03');
INSERT INTO indi_durchfuehrungen VALUES('IDRF_1668', 10, 8, 3, 90, TO_DATE('2021-11-07', 'YYYY-MM-DD'), 'IVP_026', 'TE_04');
INSERT INTO indi_durchfuehrungen VALUES('IDRF_1669', 5, 9, 1, 60, TO_DATE('2021-11-07', 'YYYY-MM-DD'), 'IVP_026', 'TE_05');
INSERT INTO indi_durchfuehrungen VALUES('IDRF_1670', 6, 8, 2, 90, TO_DATE('2021-11-07', 'YYYY-MM-DD'), 'IVP_026', 'TE_06');
INSERT INTO indi_durchfuehrungen VALUES('IDRF_1671', 6, 8, 3, 90, TO_DATE('2021-11-07', 'YYYY-MM-DD'), 'IVP_026', 'TE_07');
INSERT INTO indi_durchfuehrungen VALUES('IDRF_1672', 7, 1, 1, 0, TO_DATE('2021-06-03', 'YYYY-MM-DD'), 'IVP_026', 'TE_00');
INSERT INTO indi_durchfuehrungen VALUES('IDRF_1673', 7, 8, 1, 120, TO_DATE('2021-06-03', 'YYYY-MM-DD'), 'IVP_026', 'TE_01');
INSERT INTO indi_durchfuehrungen VALUES('IDRF_1674', 10, 8, 1, 120, TO_DATE('2021-06-03', 'YYYY-MM-DD'), 'IVP_026', 'TE_02');
INSERT INTO indi_durchfuehrungen VALUES('IDRF_1675', 7, 11, 3, 120, TO_DATE('2021-06-03', 'YYYY-MM-DD'), 'IVP_026', 'TE_03');
INSERT INTO indi_durchfuehrungen VALUES('IDRF_1676', 6, 10, 2, 60, TO_DATE('2021-06-03', 'YYYY-MM-DD'), 'IVP_026', 'TE_04');
INSERT INTO indi_durchfuehrungen VALUES('IDRF_1677', 7, 11, 1, 120, TO_DATE('2021-06-03', 'YYYY-MM-DD'), 'IVP_026', 'TE_05');
INSERT INTO indi_durchfuehrungen VALUES('IDRF_1678', 9, 11, 3, 90, TO_DATE('2021-06-03', 'YYYY-MM-DD'), 'IVP_026', 'TE_06');
INSERT INTO indi_durchfuehrungen VALUES('IDRF_1679', 7, 9, 1, 60, TO_DATE('2021-06-03', 'YYYY-MM-DD'), 'IVP_026', 'TE_07');
INSERT INTO indi_durchfuehrungen VALUES('IDRF_1680', 7, 1, 1, 0, TO_DATE('2021-10-03', 'YYYY-MM-DD'), 'IVP_026', 'TE_00');
INSERT INTO indi_durchfuehrungen VALUES('IDRF_1681', 6, 8, 3, 60, TO_DATE('2021-10-03', 'YYYY-MM-DD'), 'IVP_026', 'TE_01');
INSERT INTO indi_durchfuehrungen VALUES('IDRF_1682', 10, 8, 1, 60, TO_DATE('2021-10-03', 'YYYY-MM-DD'), 'IVP_026', 'TE_02');
INSERT INTO indi_durchfuehrungen VALUES('IDRF_1683', 7, 10, 3, 90, TO_DATE('2021-10-03', 'YYYY-MM-DD'), 'IVP_026', 'TE_03');
INSERT INTO indi_durchfuehrungen VALUES('IDRF_1684', 8, 10, 3, 60, TO_DATE('2021-10-03', 'YYYY-MM-DD'), 'IVP_026', 'TE_04');
INSERT INTO indi_durchfuehrungen VALUES('IDRF_1685', 5, 8, 3, 120, TO_DATE('2021-10-03', 'YYYY-MM-DD'), 'IVP_026', 'TE_05');
INSERT INTO indi_durchfuehrungen VALUES('IDRF_1686', 5, 11, 1, 60, TO_DATE('2021-10-03', 'YYYY-MM-DD'), 'IVP_026', 'TE_06');
INSERT INTO indi_durchfuehrungen VALUES('IDRF_1687', 5, 10, 2, 120, TO_DATE('2021-10-03', 'YYYY-MM-DD'), 'IVP_026', 'TE_07');
INSERT INTO indi_durchfuehrungen VALUES('IDRF_1688', 7, 1, 1, 0, TO_DATE('2021-05-15', 'YYYY-MM-DD'), 'IVP_026', 'TE_00');
INSERT INTO indi_durchfuehrungen VALUES('IDRF_1689', 7, 8, 2, 90, TO_DATE('2021-05-15', 'YYYY-MM-DD'), 'IVP_026', 'TE_01');
INSERT INTO indi_durchfuehrungen VALUES('IDRF_1690', 8, 11, 1, 120, TO_DATE('2021-05-15', 'YYYY-MM-DD'), 'IVP_026', 'TE_02');
INSERT INTO indi_durchfuehrungen VALUES('IDRF_1691', 7, 8, 2, 120, TO_DATE('2021-05-15', 'YYYY-MM-DD'), 'IVP_026', 'TE_03');
INSERT INTO indi_durchfuehrungen VALUES('IDRF_1692', 5, 9, 2, 90, TO_DATE('2021-05-15', 'YYYY-MM-DD'), 'IVP_026', 'TE_04');
INSERT INTO indi_durchfuehrungen VALUES('IDRF_1693', 8, 8, 1, 60, TO_DATE('2021-05-15', 'YYYY-MM-DD'), 'IVP_026', 'TE_05');
INSERT INTO indi_durchfuehrungen VALUES('IDRF_1694', 8, 8, 2, 120, TO_DATE('2021-05-15', 'YYYY-MM-DD'), 'IVP_026', 'TE_06');
INSERT INTO indi_durchfuehrungen VALUES('IDRF_1695', 7, 10, 2, 90, TO_DATE('2021-05-15', 'YYYY-MM-DD'), 'IVP_026', 'TE_07');
INSERT INTO indi_durchfuehrungen VALUES('IDRF_1696', 7, 1, 1, 0, TO_DATE('2021-02-05', 'YYYY-MM-DD'), 'IVP_026', 'TE_00');
INSERT INTO indi_durchfuehrungen VALUES('IDRF_1697', 5, 11, 2, 90, TO_DATE('2021-02-05', 'YYYY-MM-DD'), 'IVP_026', 'TE_01');
INSERT INTO indi_durchfuehrungen VALUES('IDRF_1698', 8, 10, 3, 120, TO_DATE('2021-02-05', 'YYYY-MM-DD'), 'IVP_026', 'TE_02');
INSERT INTO indi_durchfuehrungen VALUES('IDRF_1699', 9, 10, 3, 90, TO_DATE('2021-02-05', 'YYYY-MM-DD'), 'IVP_026', 'TE_03');
INSERT INTO indi_durchfuehrungen VALUES('IDRF_1700', 9, 11, 1, 90, TO_DATE('2021-02-05', 'YYYY-MM-DD'), 'IVP_026', 'TE_04');
INSERT INTO indi_durchfuehrungen VALUES('IDRF_1701', 10, 10, 2, 90, TO_DATE('2021-02-05', 'YYYY-MM-DD'), 'IVP_026', 'TE_05');
INSERT INTO indi_durchfuehrungen VALUES('IDRF_1702', 6, 10, 2, 60, TO_DATE('2021-02-05', 'YYYY-MM-DD'), 'IVP_026', 'TE_06');
INSERT INTO indi_durchfuehrungen VALUES('IDRF_1703', 9, 10, 3, 90, TO_DATE('2021-02-05', 'YYYY-MM-DD'), 'IVP_026', 'TE_07');
INSERT INTO indi_durchfuehrungen VALUES('IDRF_1704', 7, 1, 1, 0, TO_DATE('2021-04-16', 'YYYY-MM-DD'), 'IVP_026', 'TE_00');
INSERT INTO indi_durchfuehrungen VALUES('IDRF_1705', 9, 9, 3, 90, TO_DATE('2021-04-16', 'YYYY-MM-DD'), 'IVP_026', 'TE_01');
INSERT INTO indi_durchfuehrungen VALUES('IDRF_1706', 7, 10, 3, 90, TO_DATE('2021-04-16', 'YYYY-MM-DD'), 'IVP_026', 'TE_02');
INSERT INTO indi_durchfuehrungen VALUES('IDRF_1707', 9, 10, 2, 120, TO_DATE('2021-04-16', 'YYYY-MM-DD'), 'IVP_026', 'TE_03');
INSERT INTO indi_durchfuehrungen VALUES('IDRF_1708', 6, 11, 1, 60, TO_DATE('2021-04-16', 'YYYY-MM-DD'), 'IVP_026', 'TE_04');
INSERT INTO indi_durchfuehrungen VALUES('IDRF_1709', 8, 10, 2, 120, TO_DATE('2021-04-16', 'YYYY-MM-DD'), 'IVP_026', 'TE_05');
INSERT INTO indi_durchfuehrungen VALUES('IDRF_1710', 10, 9, 3, 60, TO_DATE('2021-04-16', 'YYYY-MM-DD'), 'IVP_026', 'TE_06');
INSERT INTO indi_durchfuehrungen VALUES('IDRF_1711', 9, 9, 1, 60, TO_DATE('2021-04-16', 'YYYY-MM-DD'), 'IVP_026', 'TE_07');
INSERT INTO indi_durchfuehrungen VALUES('IDRF_1712', 7, 1, 1, 0, TO_DATE('2021-09-27', 'YYYY-MM-DD'), 'IVP_026', 'TE_00');
INSERT INTO indi_durchfuehrungen VALUES('IDRF_1713', 5, 11, 1, 120, TO_DATE('2021-09-27', 'YYYY-MM-DD'), 'IVP_026', 'TE_01');
INSERT INTO indi_durchfuehrungen VALUES('IDRF_1714', 6, 11, 3, 120, TO_DATE('2021-09-27', 'YYYY-MM-DD'), 'IVP_026', 'TE_02');
INSERT INTO indi_durchfuehrungen VALUES('IDRF_1715', 7, 8, 1, 120, TO_DATE('2021-09-27', 'YYYY-MM-DD'), 'IVP_026', 'TE_03');
INSERT INTO indi_durchfuehrungen VALUES('IDRF_1716', 5, 11, 2, 120, TO_DATE('2021-09-27', 'YYYY-MM-DD'), 'IVP_026', 'TE_04');
INSERT INTO indi_durchfuehrungen VALUES('IDRF_1717', 5, 9, 2, 120, TO_DATE('2021-09-27', 'YYYY-MM-DD'), 'IVP_026', 'TE_05');
INSERT INTO indi_durchfuehrungen VALUES('IDRF_1718', 8, 9, 3, 90, TO_DATE('2021-09-27', 'YYYY-MM-DD'), 'IVP_026', 'TE_06');
INSERT INTO indi_durchfuehrungen VALUES('IDRF_1719', 5, 9, 3, 90, TO_DATE('2021-09-27', 'YYYY-MM-DD'), 'IVP_026', 'TE_07');
INSERT INTO indi_durchfuehrungen VALUES('IDRF_1720', 7, 1, 1, 0, TO_DATE('2021-07-20', 'YYYY-MM-DD'), 'IVP_026', 'TE_00');
INSERT INTO indi_durchfuehrungen VALUES('IDRF_1721', 10, 10, 1, 120, TO_DATE('2021-07-20', 'YYYY-MM-DD'), 'IVP_026', 'TE_01');
INSERT INTO indi_durchfuehrungen VALUES('IDRF_1722', 9, 11, 2, 90, TO_DATE('2021-07-20', 'YYYY-MM-DD'), 'IVP_026', 'TE_02');
INSERT INTO indi_durchfuehrungen VALUES('IDRF_1723', 8, 8, 1, 120, TO_DATE('2021-07-20', 'YYYY-MM-DD'), 'IVP_026', 'TE_03');
INSERT INTO indi_durchfuehrungen VALUES('IDRF_1724', 9, 8, 2, 120, TO_DATE('2021-07-20', 'YYYY-MM-DD'), 'IVP_026', 'TE_04');
INSERT INTO indi_durchfuehrungen VALUES('IDRF_1725', 5, 9, 2, 120, TO_DATE('2021-07-20', 'YYYY-MM-DD'), 'IVP_026', 'TE_05');
INSERT INTO indi_durchfuehrungen VALUES('IDRF_1726', 9, 9, 3, 60, TO_DATE('2021-07-20', 'YYYY-MM-DD'), 'IVP_026', 'TE_06');
INSERT INTO indi_durchfuehrungen VALUES('IDRF_1727', 6, 9, 3, 90, TO_DATE('2021-07-20', 'YYYY-MM-DD'), 'IVP_026', 'TE_07');
INSERT INTO indi_durchfuehrungen VALUES('IDRF_1728', 7, 1, 1, 0, TO_DATE('2021-10-27', 'YYYY-MM-DD'), 'IVP_027', 'TE_21');
INSERT INTO indi_durchfuehrungen VALUES('IDRF_1729', 5, 10, 1, 120, TO_DATE('2021-10-27', 'YYYY-MM-DD'), 'IVP_027', 'TE_22');
INSERT INTO indi_durchfuehrungen VALUES('IDRF_1730', 8, 8, 2, 60, TO_DATE('2021-10-27', 'YYYY-MM-DD'), 'IVP_027', 'TE_23');
INSERT INTO indi_durchfuehrungen VALUES('IDRF_1731', 8, 8, 3, 90, TO_DATE('2021-10-27', 'YYYY-MM-DD'), 'IVP_027', 'TE_24');
INSERT INTO indi_durchfuehrungen VALUES('IDRF_1732', 5, 11, 2, 120, TO_DATE('2021-10-27', 'YYYY-MM-DD'), 'IVP_027', 'TE_25');
INSERT INTO indi_durchfuehrungen VALUES('IDRF_1733', 5, 9, 3, 90, TO_DATE('2021-10-27', 'YYYY-MM-DD'), 'IVP_027', 'TE_26');
INSERT INTO indi_durchfuehrungen VALUES('IDRF_1734', 6, 9, 1, 60, TO_DATE('2021-10-27', 'YYYY-MM-DD'), 'IVP_027', 'TE_27');
INSERT INTO indi_durchfuehrungen VALUES('IDRF_1735', 7, 1, 1, 0, TO_DATE('2021-10-27', 'YYYY-MM-DD'), 'IVP_027', 'TE_28');
INSERT INTO indi_durchfuehrungen VALUES('IDRF_1736', 7, 1, 1, 0, TO_DATE('2021-07-25', 'YYYY-MM-DD'), 'IVP_027', 'TE_21');
INSERT INTO indi_durchfuehrungen VALUES('IDRF_1737', 9, 11, 2, 90, TO_DATE('2021-07-25', 'YYYY-MM-DD'), 'IVP_027', 'TE_22');
INSERT INTO indi_durchfuehrungen VALUES('IDRF_1738', 6, 10, 2, 120, TO_DATE('2021-07-25', 'YYYY-MM-DD'), 'IVP_027', 'TE_23');
INSERT INTO indi_durchfuehrungen VALUES('IDRF_1739', 10, 11, 1, 90, TO_DATE('2021-07-25', 'YYYY-MM-DD'), 'IVP_027', 'TE_24');
INSERT INTO indi_durchfuehrungen VALUES('IDRF_1740', 9, 11, 2, 60, TO_DATE('2021-07-25', 'YYYY-MM-DD'), 'IVP_027', 'TE_25');
INSERT INTO indi_durchfuehrungen VALUES('IDRF_1741', 10, 10, 2, 60, TO_DATE('2021-07-25', 'YYYY-MM-DD'), 'IVP_027', 'TE_26');
INSERT INTO indi_durchfuehrungen VALUES('IDRF_1742', 7, 8, 1, 120, TO_DATE('2021-07-25', 'YYYY-MM-DD'), 'IVP_027', 'TE_27');
INSERT INTO indi_durchfuehrungen VALUES('IDRF_1743', 7, 1, 1, 0, TO_DATE('2021-07-25', 'YYYY-MM-DD'), 'IVP_027', 'TE_28');
INSERT INTO indi_durchfuehrungen VALUES('IDRF_1744', 7, 1, 1, 0, TO_DATE('2021-03-12', 'YYYY-MM-DD'), 'IVP_027', 'TE_21');
INSERT INTO indi_durchfuehrungen VALUES('IDRF_1745', 6, 9, 1, 90, TO_DATE('2021-03-12', 'YYYY-MM-DD'), 'IVP_027', 'TE_22');
INSERT INTO indi_durchfuehrungen VALUES('IDRF_1746', 8, 10, 3, 60, TO_DATE('2021-03-12', 'YYYY-MM-DD'), 'IVP_027', 'TE_23');
INSERT INTO indi_durchfuehrungen VALUES('IDRF_1747', 6, 8, 1, 90, TO_DATE('2021-03-12', 'YYYY-MM-DD'), 'IVP_027', 'TE_24');
INSERT INTO indi_durchfuehrungen VALUES('IDRF_1748', 8, 11, 3, 120, TO_DATE('2021-03-12', 'YYYY-MM-DD'), 'IVP_027', 'TE_25');
INSERT INTO indi_durchfuehrungen VALUES('IDRF_1749', 5, 9, 3, 120, TO_DATE('2021-03-12', 'YYYY-MM-DD'), 'IVP_027', 'TE_26');
INSERT INTO indi_durchfuehrungen VALUES('IDRF_1750', 5, 11, 3, 90, TO_DATE('2021-03-12', 'YYYY-MM-DD'), 'IVP_027', 'TE_27');
INSERT INTO indi_durchfuehrungen VALUES('IDRF_1751', 7, 1, 1, 0, TO_DATE('2021-03-12', 'YYYY-MM-DD'), 'IVP_027', 'TE_28');
INSERT INTO indi_durchfuehrungen VALUES('IDRF_1752', 7, 1, 1, 0, TO_DATE('2021-10-19', 'YYYY-MM-DD'), 'IVP_027', 'TE_21');
INSERT INTO indi_durchfuehrungen VALUES('IDRF_1753', 5, 10, 2, 90, TO_DATE('2021-10-19', 'YYYY-MM-DD'), 'IVP_027', 'TE_22');
INSERT INTO indi_durchfuehrungen VALUES('IDRF_1754', 5, 10, 3, 120, TO_DATE('2021-10-19', 'YYYY-MM-DD'), 'IVP_027', 'TE_23');
INSERT INTO indi_durchfuehrungen VALUES('IDRF_1755', 7, 11, 1, 60, TO_DATE('2021-10-19', 'YYYY-MM-DD'), 'IVP_027', 'TE_24');
INSERT INTO indi_durchfuehrungen VALUES('IDRF_1756', 9, 11, 1, 60, TO_DATE('2021-10-19', 'YYYY-MM-DD'), 'IVP_027', 'TE_25');
INSERT INTO indi_durchfuehrungen VALUES('IDRF_1757', 9, 11, 1, 120, TO_DATE('2021-10-19', 'YYYY-MM-DD'), 'IVP_027', 'TE_26');
INSERT INTO indi_durchfuehrungen VALUES('IDRF_1758', 7, 8, 3, 60, TO_DATE('2021-10-19', 'YYYY-MM-DD'), 'IVP_027', 'TE_27');
INSERT INTO indi_durchfuehrungen VALUES('IDRF_1759', 7, 1, 1, 0, TO_DATE('2021-10-19', 'YYYY-MM-DD'), 'IVP_027', 'TE_28');
INSERT INTO indi_durchfuehrungen VALUES('IDRF_1760', 7, 1, 1, 0, TO_DATE('2021-09-06', 'YYYY-MM-DD'), 'IVP_027', 'TE_21');
INSERT INTO indi_durchfuehrungen VALUES('IDRF_1761', 5, 11, 1, 90, TO_DATE('2021-09-06', 'YYYY-MM-DD'), 'IVP_027', 'TE_22');
INSERT INTO indi_durchfuehrungen VALUES('IDRF_1762', 6, 9, 2, 60, TO_DATE('2021-09-06', 'YYYY-MM-DD'), 'IVP_027', 'TE_23');
INSERT INTO indi_durchfuehrungen VALUES('IDRF_1763', 10, 10, 3, 90, TO_DATE('2021-09-06', 'YYYY-MM-DD'), 'IVP_027', 'TE_24');
INSERT INTO indi_durchfuehrungen VALUES('IDRF_1764', 5, 8, 1, 120, TO_DATE('2021-09-06', 'YYYY-MM-DD'), 'IVP_027', 'TE_25');
INSERT INTO indi_durchfuehrungen VALUES('IDRF_1765', 6, 9, 3, 90, TO_DATE('2021-09-06', 'YYYY-MM-DD'), 'IVP_027', 'TE_26');
INSERT INTO indi_durchfuehrungen VALUES('IDRF_1766', 8, 10, 1, 90, TO_DATE('2021-09-06', 'YYYY-MM-DD'), 'IVP_027', 'TE_27');
INSERT INTO indi_durchfuehrungen VALUES('IDRF_1767', 7, 1, 1, 0, TO_DATE('2021-09-06', 'YYYY-MM-DD'), 'IVP_027', 'TE_28');
INSERT INTO indi_durchfuehrungen VALUES('IDRF_1768', 7, 1, 1, 0, TO_DATE('2021-05-18', 'YYYY-MM-DD'), 'IVP_027', 'TE_21');
INSERT INTO indi_durchfuehrungen VALUES('IDRF_1769', 8, 9, 2, 90, TO_DATE('2021-05-18', 'YYYY-MM-DD'), 'IVP_027', 'TE_22');
INSERT INTO indi_durchfuehrungen VALUES('IDRF_1770', 10, 8, 3, 60, TO_DATE('2021-05-18', 'YYYY-MM-DD'), 'IVP_027', 'TE_23');
INSERT INTO indi_durchfuehrungen VALUES('IDRF_1771', 6, 10, 2, 60, TO_DATE('2021-05-18', 'YYYY-MM-DD'), 'IVP_027', 'TE_24');
INSERT INTO indi_durchfuehrungen VALUES('IDRF_1772', 9, 10, 2, 60, TO_DATE('2021-05-18', 'YYYY-MM-DD'), 'IVP_027', 'TE_25');
INSERT INTO indi_durchfuehrungen VALUES('IDRF_1773', 5, 10, 1, 60, TO_DATE('2021-05-18', 'YYYY-MM-DD'), 'IVP_027', 'TE_26');
INSERT INTO indi_durchfuehrungen VALUES('IDRF_1774', 5, 8, 1, 90, TO_DATE('2021-05-18', 'YYYY-MM-DD'), 'IVP_027', 'TE_27');
INSERT INTO indi_durchfuehrungen VALUES('IDRF_1775', 7, 1, 1, 0, TO_DATE('2021-05-18', 'YYYY-MM-DD'), 'IVP_027', 'TE_28');
INSERT INTO indi_durchfuehrungen VALUES('IDRF_1776', 7, 1, 1, 0, TO_DATE('2021-08-07', 'YYYY-MM-DD'), 'IVP_027', 'TE_21');
INSERT INTO indi_durchfuehrungen VALUES('IDRF_1777', 8, 10, 1, 60, TO_DATE('2021-08-07', 'YYYY-MM-DD'), 'IVP_027', 'TE_22');
INSERT INTO indi_durchfuehrungen VALUES('IDRF_1778', 10, 8, 2, 60, TO_DATE('2021-08-07', 'YYYY-MM-DD'), 'IVP_027', 'TE_23');
INSERT INTO indi_durchfuehrungen VALUES('IDRF_1779', 10, 10, 3, 120, TO_DATE('2021-08-07', 'YYYY-MM-DD'), 'IVP_027', 'TE_24');
INSERT INTO indi_durchfuehrungen VALUES('IDRF_1780', 9, 10, 1, 120, TO_DATE('2021-08-07', 'YYYY-MM-DD'), 'IVP_027', 'TE_25');
INSERT INTO indi_durchfuehrungen VALUES('IDRF_1781', 7, 10, 3, 60, TO_DATE('2021-08-07', 'YYYY-MM-DD'), 'IVP_027', 'TE_26');
INSERT INTO indi_durchfuehrungen VALUES('IDRF_1782', 10, 8, 3, 120, TO_DATE('2021-08-07', 'YYYY-MM-DD'), 'IVP_027', 'TE_27');
INSERT INTO indi_durchfuehrungen VALUES('IDRF_1783', 7, 1, 1, 0, TO_DATE('2021-08-07', 'YYYY-MM-DD'), 'IVP_027', 'TE_28');
INSERT INTO indi_durchfuehrungen VALUES('IDRF_1784', 7, 1, 1, 0, TO_DATE('2021-07-18', 'YYYY-MM-DD'), 'IVP_027', 'TE_21');
INSERT INTO indi_durchfuehrungen VALUES('IDRF_1785', 5, 8, 3, 60, TO_DATE('2021-07-18', 'YYYY-MM-DD'), 'IVP_027', 'TE_22');
INSERT INTO indi_durchfuehrungen VALUES('IDRF_1786', 7, 10, 3, 120, TO_DATE('2021-07-18', 'YYYY-MM-DD'), 'IVP_027', 'TE_23');
INSERT INTO indi_durchfuehrungen VALUES('IDRF_1787', 9, 8, 2, 90, TO_DATE('2021-07-18', 'YYYY-MM-DD'), 'IVP_027', 'TE_24');
INSERT INTO indi_durchfuehrungen VALUES('IDRF_1788', 10, 9, 1, 120, TO_DATE('2021-07-18', 'YYYY-MM-DD'), 'IVP_027', 'TE_25');
INSERT INTO indi_durchfuehrungen VALUES('IDRF_1789', 9, 11, 3, 90, TO_DATE('2021-07-18', 'YYYY-MM-DD'), 'IVP_027', 'TE_26');
INSERT INTO indi_durchfuehrungen VALUES('IDRF_1790', 9, 8, 3, 90, TO_DATE('2021-07-18', 'YYYY-MM-DD'), 'IVP_027', 'TE_27');
INSERT INTO indi_durchfuehrungen VALUES('IDRF_1791', 7, 1, 1, 0, TO_DATE('2021-07-18', 'YYYY-MM-DD'), 'IVP_027', 'TE_28');
INSERT INTO indi_durchfuehrungen VALUES('IDRF_1792', 7, 1, 1, 0, TO_DATE('2021-05-20', 'YYYY-MM-DD'), 'IVP_028', 'TE_21');
INSERT INTO indi_durchfuehrungen VALUES('IDRF_1793', 10, 9, 2, 120, TO_DATE('2021-05-20', 'YYYY-MM-DD'), 'IVP_028', 'TE_22');
INSERT INTO indi_durchfuehrungen VALUES('IDRF_1794', 10, 8, 3, 90, TO_DATE('2021-05-20', 'YYYY-MM-DD'), 'IVP_028', 'TE_23');
INSERT INTO indi_durchfuehrungen VALUES('IDRF_1795', 5, 10, 1, 120, TO_DATE('2021-05-20', 'YYYY-MM-DD'), 'IVP_028', 'TE_24');
INSERT INTO indi_durchfuehrungen VALUES('IDRF_1796', 6, 9, 2, 90, TO_DATE('2021-05-20', 'YYYY-MM-DD'), 'IVP_028', 'TE_25');
INSERT INTO indi_durchfuehrungen VALUES('IDRF_1797', 8, 9, 3, 60, TO_DATE('2021-05-20', 'YYYY-MM-DD'), 'IVP_028', 'TE_26');
INSERT INTO indi_durchfuehrungen VALUES('IDRF_1798', 9, 10, 1, 120, TO_DATE('2021-05-20', 'YYYY-MM-DD'), 'IVP_028', 'TE_27');
INSERT INTO indi_durchfuehrungen VALUES('IDRF_1799', 7, 1, 1, 0, TO_DATE('2021-05-20', 'YYYY-MM-DD'), 'IVP_028', 'TE_28');
INSERT INTO indi_durchfuehrungen VALUES('IDRF_1800', 7, 1, 1, 0, TO_DATE('2021-08-07', 'YYYY-MM-DD'), 'IVP_028', 'TE_21');
INSERT INTO indi_durchfuehrungen VALUES('IDRF_1801', 5, 8, 2, 90, TO_DATE('2021-08-07', 'YYYY-MM-DD'), 'IVP_028', 'TE_22');
INSERT INTO indi_durchfuehrungen VALUES('IDRF_1802', 9, 10, 3, 120, TO_DATE('2021-08-07', 'YYYY-MM-DD'), 'IVP_028', 'TE_23');
INSERT INTO indi_durchfuehrungen VALUES('IDRF_1803', 7, 10, 2, 120, TO_DATE('2021-08-07', 'YYYY-MM-DD'), 'IVP_028', 'TE_24');
INSERT INTO indi_durchfuehrungen VALUES('IDRF_1804', 8, 8, 3, 120, TO_DATE('2021-08-07', 'YYYY-MM-DD'), 'IVP_028', 'TE_25');
INSERT INTO indi_durchfuehrungen VALUES('IDRF_1805', 7, 8, 3, 90, TO_DATE('2021-08-07', 'YYYY-MM-DD'), 'IVP_028', 'TE_26');
INSERT INTO indi_durchfuehrungen VALUES('IDRF_1806', 7, 9, 3, 90, TO_DATE('2021-08-07', 'YYYY-MM-DD'), 'IVP_028', 'TE_27');
INSERT INTO indi_durchfuehrungen VALUES('IDRF_1807', 7, 1, 1, 0, TO_DATE('2021-08-07', 'YYYY-MM-DD'), 'IVP_028', 'TE_28');
INSERT INTO indi_durchfuehrungen VALUES('IDRF_1808', 7, 1, 1, 0, TO_DATE('2021-01-08', 'YYYY-MM-DD'), 'IVP_028', 'TE_21');
INSERT INTO indi_durchfuehrungen VALUES('IDRF_1809', 5, 8, 1, 90, TO_DATE('2021-01-08', 'YYYY-MM-DD'), 'IVP_028', 'TE_22');
INSERT INTO indi_durchfuehrungen VALUES('IDRF_1810', 9, 11, 3, 120, TO_DATE('2021-01-08', 'YYYY-MM-DD'), 'IVP_028', 'TE_23');
INSERT INTO indi_durchfuehrungen VALUES('IDRF_1811', 10, 11, 2, 120, TO_DATE('2021-01-08', 'YYYY-MM-DD'), 'IVP_028', 'TE_24');
INSERT INTO indi_durchfuehrungen VALUES('IDRF_1812', 9, 10, 3, 60, TO_DATE('2021-01-08', 'YYYY-MM-DD'), 'IVP_028', 'TE_25');
INSERT INTO indi_durchfuehrungen VALUES('IDRF_1813', 8, 11, 3, 120, TO_DATE('2021-01-08', 'YYYY-MM-DD'), 'IVP_028', 'TE_26');
INSERT INTO indi_durchfuehrungen VALUES('IDRF_1814', 5, 10, 2, 60, TO_DATE('2021-01-08', 'YYYY-MM-DD'), 'IVP_028', 'TE_27');
INSERT INTO indi_durchfuehrungen VALUES('IDRF_1815', 7, 1, 1, 0, TO_DATE('2021-01-08', 'YYYY-MM-DD'), 'IVP_028', 'TE_28');
INSERT INTO indi_durchfuehrungen VALUES('IDRF_1816', 7, 1, 1, 0, TO_DATE('2021-10-07', 'YYYY-MM-DD'), 'IVP_028', 'TE_21');
INSERT INTO indi_durchfuehrungen VALUES('IDRF_1817', 10, 8, 3, 90, TO_DATE('2021-10-07', 'YYYY-MM-DD'), 'IVP_028', 'TE_22');
INSERT INTO indi_durchfuehrungen VALUES('IDRF_1818', 9, 10, 2, 60, TO_DATE('2021-10-07', 'YYYY-MM-DD'), 'IVP_028', 'TE_23');
INSERT INTO indi_durchfuehrungen VALUES('IDRF_1819', 6, 8, 2, 120, TO_DATE('2021-10-07', 'YYYY-MM-DD'), 'IVP_028', 'TE_24');
INSERT INTO indi_durchfuehrungen VALUES('IDRF_1820', 7, 9, 1, 120, TO_DATE('2021-10-07', 'YYYY-MM-DD'), 'IVP_028', 'TE_25');
INSERT INTO indi_durchfuehrungen VALUES('IDRF_1821', 8, 10, 1, 120, TO_DATE('2021-10-07', 'YYYY-MM-DD'), 'IVP_028', 'TE_26');
INSERT INTO indi_durchfuehrungen VALUES('IDRF_1822', 9, 8, 3, 90, TO_DATE('2021-10-07', 'YYYY-MM-DD'), 'IVP_028', 'TE_27');
INSERT INTO indi_durchfuehrungen VALUES('IDRF_1823', 7, 1, 1, 0, TO_DATE('2021-10-07', 'YYYY-MM-DD'), 'IVP_028', 'TE_28');
INSERT INTO indi_durchfuehrungen VALUES('IDRF_1824', 7, 1, 1, 0, TO_DATE('2021-11-20', 'YYYY-MM-DD'), 'IVP_028', 'TE_21');
INSERT INTO indi_durchfuehrungen VALUES('IDRF_1825', 7, 10, 2, 120, TO_DATE('2021-11-20', 'YYYY-MM-DD'), 'IVP_028', 'TE_22');
INSERT INTO indi_durchfuehrungen VALUES('IDRF_1826', 6, 8, 1, 60, TO_DATE('2021-11-20', 'YYYY-MM-DD'), 'IVP_028', 'TE_23');
INSERT INTO indi_durchfuehrungen VALUES('IDRF_1827', 10, 9, 1, 60, TO_DATE('2021-11-20', 'YYYY-MM-DD'), 'IVP_028', 'TE_24');
INSERT INTO indi_durchfuehrungen VALUES('IDRF_1828', 9, 11, 1, 60, TO_DATE('2021-11-20', 'YYYY-MM-DD'), 'IVP_028', 'TE_25');
INSERT INTO indi_durchfuehrungen VALUES('IDRF_1829', 10, 11, 2, 60, TO_DATE('2021-11-20', 'YYYY-MM-DD'), 'IVP_028', 'TE_26');
INSERT INTO indi_durchfuehrungen VALUES('IDRF_1830', 5, 10, 1, 90, TO_DATE('2021-11-20', 'YYYY-MM-DD'), 'IVP_028', 'TE_27');
INSERT INTO indi_durchfuehrungen VALUES('IDRF_1831', 7, 1, 1, 0, TO_DATE('2021-11-20', 'YYYY-MM-DD'), 'IVP_028', 'TE_28');
INSERT INTO indi_durchfuehrungen VALUES('IDRF_1832', 7, 1, 1, 0, TO_DATE('2021-01-18', 'YYYY-MM-DD'), 'IVP_028', 'TE_21');
INSERT INTO indi_durchfuehrungen VALUES('IDRF_1833', 8, 11, 1, 120, TO_DATE('2021-01-18', 'YYYY-MM-DD'), 'IVP_028', 'TE_22');
INSERT INTO indi_durchfuehrungen VALUES('IDRF_1834', 7, 11, 1, 120, TO_DATE('2021-01-18', 'YYYY-MM-DD'), 'IVP_028', 'TE_23');
INSERT INTO indi_durchfuehrungen VALUES('IDRF_1835', 7, 11, 3, 120, TO_DATE('2021-01-18', 'YYYY-MM-DD'), 'IVP_028', 'TE_24');
INSERT INTO indi_durchfuehrungen VALUES('IDRF_1836', 9, 11, 2, 90, TO_DATE('2021-01-18', 'YYYY-MM-DD'), 'IVP_028', 'TE_25');
INSERT INTO indi_durchfuehrungen VALUES('IDRF_1837', 5, 10, 3, 120, TO_DATE('2021-01-18', 'YYYY-MM-DD'), 'IVP_028', 'TE_26');
INSERT INTO indi_durchfuehrungen VALUES('IDRF_1838', 6, 11, 3, 60, TO_DATE('2021-01-18', 'YYYY-MM-DD'), 'IVP_028', 'TE_27');
INSERT INTO indi_durchfuehrungen VALUES('IDRF_1839', 7, 1, 1, 0, TO_DATE('2021-01-18', 'YYYY-MM-DD'), 'IVP_028', 'TE_28');
INSERT INTO indi_durchfuehrungen VALUES('IDRF_1840', 7, 1, 1, 0, TO_DATE('2021-07-03', 'YYYY-MM-DD'), 'IVP_028', 'TE_21');
INSERT INTO indi_durchfuehrungen VALUES('IDRF_1841', 10, 10, 1, 60, TO_DATE('2021-07-03', 'YYYY-MM-DD'), 'IVP_028', 'TE_22');
INSERT INTO indi_durchfuehrungen VALUES('IDRF_1842', 10, 8, 3, 120, TO_DATE('2021-07-03', 'YYYY-MM-DD'), 'IVP_028', 'TE_23');
INSERT INTO indi_durchfuehrungen VALUES('IDRF_1843', 6, 9, 2, 120, TO_DATE('2021-07-03', 'YYYY-MM-DD'), 'IVP_028', 'TE_24');
INSERT INTO indi_durchfuehrungen VALUES('IDRF_1844', 6, 8, 3, 60, TO_DATE('2021-07-03', 'YYYY-MM-DD'), 'IVP_028', 'TE_25');
INSERT INTO indi_durchfuehrungen VALUES('IDRF_1845', 8, 10, 2, 60, TO_DATE('2021-07-03', 'YYYY-MM-DD'), 'IVP_028', 'TE_26');
INSERT INTO indi_durchfuehrungen VALUES('IDRF_1846', 5, 11, 2, 120, TO_DATE('2021-07-03', 'YYYY-MM-DD'), 'IVP_028', 'TE_27');
INSERT INTO indi_durchfuehrungen VALUES('IDRF_1847', 7, 1, 1, 0, TO_DATE('2021-07-03', 'YYYY-MM-DD'), 'IVP_028', 'TE_28');
INSERT INTO indi_durchfuehrungen VALUES('IDRF_1848', 7, 1, 1, 0, TO_DATE('2021-04-21', 'YYYY-MM-DD'), 'IVP_028', 'TE_21');
INSERT INTO indi_durchfuehrungen VALUES('IDRF_1849', 10, 11, 1, 120, TO_DATE('2021-04-21', 'YYYY-MM-DD'), 'IVP_028', 'TE_22');
INSERT INTO indi_durchfuehrungen VALUES('IDRF_1850', 8, 10, 3, 60, TO_DATE('2021-04-21', 'YYYY-MM-DD'), 'IVP_028', 'TE_23');
INSERT INTO indi_durchfuehrungen VALUES('IDRF_1851', 5, 10, 2, 120, TO_DATE('2021-04-21', 'YYYY-MM-DD'), 'IVP_028', 'TE_24');
INSERT INTO indi_durchfuehrungen VALUES('IDRF_1852', 10, 9, 1, 60, TO_DATE('2021-04-21', 'YYYY-MM-DD'), 'IVP_028', 'TE_25');
INSERT INTO indi_durchfuehrungen VALUES('IDRF_1853', 9, 11, 2, 90, TO_DATE('2021-04-21', 'YYYY-MM-DD'), 'IVP_028', 'TE_26');
INSERT INTO indi_durchfuehrungen VALUES('IDRF_1854', 8, 8, 1, 60, TO_DATE('2021-04-21', 'YYYY-MM-DD'), 'IVP_028', 'TE_27');
INSERT INTO indi_durchfuehrungen VALUES('IDRF_1855', 7, 1, 1, 0, TO_DATE('2021-04-21', 'YYYY-MM-DD'), 'IVP_028', 'TE_28');
INSERT INTO indi_durchfuehrungen VALUES('IDRF_1856', 7, 1, 1, 0, TO_DATE('2021-12-08', 'YYYY-MM-DD'), 'IVP_029', 'TE_21');
INSERT INTO indi_durchfuehrungen VALUES('IDRF_1857', 6, 10, 2, 90, TO_DATE('2021-12-08', 'YYYY-MM-DD'), 'IVP_029', 'TE_22');
INSERT INTO indi_durchfuehrungen VALUES('IDRF_1858', 10, 9, 2, 120, TO_DATE('2021-12-08', 'YYYY-MM-DD'), 'IVP_029', 'TE_23');
INSERT INTO indi_durchfuehrungen VALUES('IDRF_1859', 9, 9, 3, 60, TO_DATE('2021-12-08', 'YYYY-MM-DD'), 'IVP_029', 'TE_24');
INSERT INTO indi_durchfuehrungen VALUES('IDRF_1860', 8, 10, 3, 60, TO_DATE('2021-12-08', 'YYYY-MM-DD'), 'IVP_029', 'TE_25');
INSERT INTO indi_durchfuehrungen VALUES('IDRF_1861', 6, 9, 3, 90, TO_DATE('2021-12-08', 'YYYY-MM-DD'), 'IVP_029', 'TE_26');
INSERT INTO indi_durchfuehrungen VALUES('IDRF_1862', 5, 9, 2, 60, TO_DATE('2021-12-08', 'YYYY-MM-DD'), 'IVP_029', 'TE_27');
INSERT INTO indi_durchfuehrungen VALUES('IDRF_1863', 7, 1, 1, 0, TO_DATE('2021-12-08', 'YYYY-MM-DD'), 'IVP_029', 'TE_28');
INSERT INTO indi_durchfuehrungen VALUES('IDRF_1864', 7, 1, 1, 0, TO_DATE('2021-04-08', 'YYYY-MM-DD'), 'IVP_029', 'TE_21');
INSERT INTO indi_durchfuehrungen VALUES('IDRF_1865', 6, 9, 3, 120, TO_DATE('2021-04-08', 'YYYY-MM-DD'), 'IVP_029', 'TE_22');
INSERT INTO indi_durchfuehrungen VALUES('IDRF_1866', 10, 9, 3, 120, TO_DATE('2021-04-08', 'YYYY-MM-DD'), 'IVP_029', 'TE_23');
INSERT INTO indi_durchfuehrungen VALUES('IDRF_1867', 5, 11, 2, 90, TO_DATE('2021-04-08', 'YYYY-MM-DD'), 'IVP_029', 'TE_24');
INSERT INTO indi_durchfuehrungen VALUES('IDRF_1868', 10, 9, 2, 90, TO_DATE('2021-04-08', 'YYYY-MM-DD'), 'IVP_029', 'TE_25');
INSERT INTO indi_durchfuehrungen VALUES('IDRF_1869', 7, 11, 1, 90, TO_DATE('2021-04-08', 'YYYY-MM-DD'), 'IVP_029', 'TE_26');
INSERT INTO indi_durchfuehrungen VALUES('IDRF_1870', 8, 10, 1, 60, TO_DATE('2021-04-08', 'YYYY-MM-DD'), 'IVP_029', 'TE_27');
INSERT INTO indi_durchfuehrungen VALUES('IDRF_1871', 7, 1, 1, 0, TO_DATE('2021-04-08', 'YYYY-MM-DD'), 'IVP_029', 'TE_28');
INSERT INTO indi_durchfuehrungen VALUES('IDRF_1872', 7, 1, 1, 0, TO_DATE('2021-09-15', 'YYYY-MM-DD'), 'IVP_029', 'TE_21');
INSERT INTO indi_durchfuehrungen VALUES('IDRF_1873', 5, 11, 3, 90, TO_DATE('2021-09-15', 'YYYY-MM-DD'), 'IVP_029', 'TE_22');
INSERT INTO indi_durchfuehrungen VALUES('IDRF_1874', 8, 9, 3, 60, TO_DATE('2021-09-15', 'YYYY-MM-DD'), 'IVP_029', 'TE_23');
INSERT INTO indi_durchfuehrungen VALUES('IDRF_1875', 5, 11, 2, 90, TO_DATE('2021-09-15', 'YYYY-MM-DD'), 'IVP_029', 'TE_24');
INSERT INTO indi_durchfuehrungen VALUES('IDRF_1876', 6, 9, 3, 90, TO_DATE('2021-09-15', 'YYYY-MM-DD'), 'IVP_029', 'TE_25');
INSERT INTO indi_durchfuehrungen VALUES('IDRF_1877', 5, 8, 3, 90, TO_DATE('2021-09-15', 'YYYY-MM-DD'), 'IVP_029', 'TE_26');
INSERT INTO indi_durchfuehrungen VALUES('IDRF_1878', 6, 10, 3, 90, TO_DATE('2021-09-15', 'YYYY-MM-DD'), 'IVP_029', 'TE_27');
INSERT INTO indi_durchfuehrungen VALUES('IDRF_1879', 7, 1, 1, 0, TO_DATE('2021-09-15', 'YYYY-MM-DD'), 'IVP_029', 'TE_28');
INSERT INTO indi_durchfuehrungen VALUES('IDRF_1880', 7, 1, 1, 0, TO_DATE('2021-06-19', 'YYYY-MM-DD'), 'IVP_029', 'TE_21');
INSERT INTO indi_durchfuehrungen VALUES('IDRF_1881', 9, 9, 1, 60, TO_DATE('2021-06-19', 'YYYY-MM-DD'), 'IVP_029', 'TE_22');
INSERT INTO indi_durchfuehrungen VALUES('IDRF_1882', 5, 11, 1, 90, TO_DATE('2021-06-19', 'YYYY-MM-DD'), 'IVP_029', 'TE_23');
INSERT INTO indi_durchfuehrungen VALUES('IDRF_1883', 6, 9, 1, 90, TO_DATE('2021-06-19', 'YYYY-MM-DD'), 'IVP_029', 'TE_24');
INSERT INTO indi_durchfuehrungen VALUES('IDRF_1884', 8, 9, 2, 60, TO_DATE('2021-06-19', 'YYYY-MM-DD'), 'IVP_029', 'TE_25');
INSERT INTO indi_durchfuehrungen VALUES('IDRF_1885', 6, 10, 2, 120, TO_DATE('2021-06-19', 'YYYY-MM-DD'), 'IVP_029', 'TE_26');
INSERT INTO indi_durchfuehrungen VALUES('IDRF_1886', 10, 9, 3, 90, TO_DATE('2021-06-19', 'YYYY-MM-DD'), 'IVP_029', 'TE_27');
INSERT INTO indi_durchfuehrungen VALUES('IDRF_1887', 7, 1, 1, 0, TO_DATE('2021-06-19', 'YYYY-MM-DD'), 'IVP_029', 'TE_28');
INSERT INTO indi_durchfuehrungen VALUES('IDRF_1888', 7, 1, 1, 0, TO_DATE('2021-08-17', 'YYYY-MM-DD'), 'IVP_029', 'TE_21');
INSERT INTO indi_durchfuehrungen VALUES('IDRF_1889', 10, 8, 1, 60, TO_DATE('2021-08-17', 'YYYY-MM-DD'), 'IVP_029', 'TE_22');
INSERT INTO indi_durchfuehrungen VALUES('IDRF_1890', 8, 8, 3, 120, TO_DATE('2021-08-17', 'YYYY-MM-DD'), 'IVP_029', 'TE_23');
INSERT INTO indi_durchfuehrungen VALUES('IDRF_1891', 9, 11, 2, 90, TO_DATE('2021-08-17', 'YYYY-MM-DD'), 'IVP_029', 'TE_24');
INSERT INTO indi_durchfuehrungen VALUES('IDRF_1892', 7, 10, 3, 90, TO_DATE('2021-08-17', 'YYYY-MM-DD'), 'IVP_029', 'TE_25');
INSERT INTO indi_durchfuehrungen VALUES('IDRF_1893', 10, 11, 3, 90, TO_DATE('2021-08-17', 'YYYY-MM-DD'), 'IVP_029', 'TE_26');
INSERT INTO indi_durchfuehrungen VALUES('IDRF_1894', 5, 10, 1, 120, TO_DATE('2021-08-17', 'YYYY-MM-DD'), 'IVP_029', 'TE_27');
INSERT INTO indi_durchfuehrungen VALUES('IDRF_1895', 7, 1, 1, 0, TO_DATE('2021-08-17', 'YYYY-MM-DD'), 'IVP_029', 'TE_28');
INSERT INTO indi_durchfuehrungen VALUES('IDRF_1896', 7, 1, 1, 0, TO_DATE('2021-05-23', 'YYYY-MM-DD'), 'IVP_029', 'TE_21');
INSERT INTO indi_durchfuehrungen VALUES('IDRF_1897', 7, 9, 1, 120, TO_DATE('2021-05-23', 'YYYY-MM-DD'), 'IVP_029', 'TE_22');
INSERT INTO indi_durchfuehrungen VALUES('IDRF_1898', 6, 9, 1, 60, TO_DATE('2021-05-23', 'YYYY-MM-DD'), 'IVP_029', 'TE_23');
INSERT INTO indi_durchfuehrungen VALUES('IDRF_1899', 8, 10, 1, 90, TO_DATE('2021-05-23', 'YYYY-MM-DD'), 'IVP_029', 'TE_24');
INSERT INTO indi_durchfuehrungen VALUES('IDRF_1900', 5, 11, 1, 90, TO_DATE('2021-05-23', 'YYYY-MM-DD'), 'IVP_029', 'TE_25');
INSERT INTO indi_durchfuehrungen VALUES('IDRF_1901', 8, 9, 1, 60, TO_DATE('2021-05-23', 'YYYY-MM-DD'), 'IVP_029', 'TE_26');
INSERT INTO indi_durchfuehrungen VALUES('IDRF_1902', 8, 11, 2, 90, TO_DATE('2021-05-23', 'YYYY-MM-DD'), 'IVP_029', 'TE_27');
INSERT INTO indi_durchfuehrungen VALUES('IDRF_1903', 7, 1, 1, 0, TO_DATE('2021-05-23', 'YYYY-MM-DD'), 'IVP_029', 'TE_28');
INSERT INTO indi_durchfuehrungen VALUES('IDRF_1904', 7, 1, 1, 0, TO_DATE('2021-08-05', 'YYYY-MM-DD'), 'IVP_029', 'TE_21');
INSERT INTO indi_durchfuehrungen VALUES('IDRF_1905', 9, 8, 1, 120, TO_DATE('2021-08-05', 'YYYY-MM-DD'), 'IVP_029', 'TE_22');
INSERT INTO indi_durchfuehrungen VALUES('IDRF_1906', 9, 9, 2, 120, TO_DATE('2021-08-05', 'YYYY-MM-DD'), 'IVP_029', 'TE_23');
INSERT INTO indi_durchfuehrungen VALUES('IDRF_1907', 5, 11, 3, 60, TO_DATE('2021-08-05', 'YYYY-MM-DD'), 'IVP_029', 'TE_24');
INSERT INTO indi_durchfuehrungen VALUES('IDRF_1908', 8, 10, 1, 90, TO_DATE('2021-08-05', 'YYYY-MM-DD'), 'IVP_029', 'TE_25');
INSERT INTO indi_durchfuehrungen VALUES('IDRF_1909', 10, 11, 3, 90, TO_DATE('2021-08-05', 'YYYY-MM-DD'), 'IVP_029', 'TE_26');
INSERT INTO indi_durchfuehrungen VALUES('IDRF_1910', 9, 10, 2, 90, TO_DATE('2021-08-05', 'YYYY-MM-DD'), 'IVP_029', 'TE_27');
INSERT INTO indi_durchfuehrungen VALUES('IDRF_1911', 7, 1, 1, 0, TO_DATE('2021-08-05', 'YYYY-MM-DD'), 'IVP_029', 'TE_28');
INSERT INTO indi_durchfuehrungen VALUES('IDRF_1912', 7, 1, 1, 0, TO_DATE('2021-09-13', 'YYYY-MM-DD'), 'IVP_029', 'TE_21');
INSERT INTO indi_durchfuehrungen VALUES('IDRF_1913', 6, 9, 1, 60, TO_DATE('2021-09-13', 'YYYY-MM-DD'), 'IVP_029', 'TE_22');
INSERT INTO indi_durchfuehrungen VALUES('IDRF_1914', 6, 9, 2, 120, TO_DATE('2021-09-13', 'YYYY-MM-DD'), 'IVP_029', 'TE_23');
INSERT INTO indi_durchfuehrungen VALUES('IDRF_1915', 8, 9, 1, 90, TO_DATE('2021-09-13', 'YYYY-MM-DD'), 'IVP_029', 'TE_24');
INSERT INTO indi_durchfuehrungen VALUES('IDRF_1916', 6, 11, 1, 60, TO_DATE('2021-09-13', 'YYYY-MM-DD'), 'IVP_029', 'TE_25');
INSERT INTO indi_durchfuehrungen VALUES('IDRF_1917', 7, 11, 2, 90, TO_DATE('2021-09-13', 'YYYY-MM-DD'), 'IVP_029', 'TE_26');
INSERT INTO indi_durchfuehrungen VALUES('IDRF_1918', 6, 10, 2, 60, TO_DATE('2021-09-13', 'YYYY-MM-DD'), 'IVP_029', 'TE_27');
INSERT INTO indi_durchfuehrungen VALUES('IDRF_1919', 7, 1, 1, 0, TO_DATE('2021-09-13', 'YYYY-MM-DD'), 'IVP_029', 'TE_28');
INSERT INTO indi_durchfuehrungen VALUES('IDRF_1920', 7, 1, 1, 0, TO_DATE('2021-07-14', 'YYYY-MM-DD'), 'IVP_030', 'TE_00');
INSERT INTO indi_durchfuehrungen VALUES('IDRF_1921', 5, 11, 3, 120, TO_DATE('2021-07-14', 'YYYY-MM-DD'), 'IVP_030', 'TE_01');
INSERT INTO indi_durchfuehrungen VALUES('IDRF_1922', 6, 8, 1, 90, TO_DATE('2021-07-14', 'YYYY-MM-DD'), 'IVP_030', 'TE_02');
INSERT INTO indi_durchfuehrungen VALUES('IDRF_1923', 5, 10, 1, 60, TO_DATE('2021-07-14', 'YYYY-MM-DD'), 'IVP_030', 'TE_03');
INSERT INTO indi_durchfuehrungen VALUES('IDRF_1924', 8, 8, 1, 120, TO_DATE('2021-07-14', 'YYYY-MM-DD'), 'IVP_030', 'TE_04');
INSERT INTO indi_durchfuehrungen VALUES('IDRF_1925', 9, 8, 2, 90, TO_DATE('2021-07-14', 'YYYY-MM-DD'), 'IVP_030', 'TE_05');
INSERT INTO indi_durchfuehrungen VALUES('IDRF_1926', 9, 11, 3, 120, TO_DATE('2021-07-14', 'YYYY-MM-DD'), 'IVP_030', 'TE_06');
INSERT INTO indi_durchfuehrungen VALUES('IDRF_1927', 6, 11, 2, 120, TO_DATE('2021-07-14', 'YYYY-MM-DD'), 'IVP_030', 'TE_07');
INSERT INTO indi_durchfuehrungen VALUES('IDRF_1928', 7, 1, 1, 0, TO_DATE('2021-03-15', 'YYYY-MM-DD'), 'IVP_030', 'TE_00');
INSERT INTO indi_durchfuehrungen VALUES('IDRF_1929', 10, 9, 1, 60, TO_DATE('2021-03-15', 'YYYY-MM-DD'), 'IVP_030', 'TE_01');
INSERT INTO indi_durchfuehrungen VALUES('IDRF_1930', 6, 9, 1, 90, TO_DATE('2021-03-15', 'YYYY-MM-DD'), 'IVP_030', 'TE_02');
INSERT INTO indi_durchfuehrungen VALUES('IDRF_1931', 7, 8, 3, 120, TO_DATE('2021-03-15', 'YYYY-MM-DD'), 'IVP_030', 'TE_03');
INSERT INTO indi_durchfuehrungen VALUES('IDRF_1932', 7, 9, 3, 60, TO_DATE('2021-03-15', 'YYYY-MM-DD'), 'IVP_030', 'TE_04');
INSERT INTO indi_durchfuehrungen VALUES('IDRF_1933', 6, 9, 2, 120, TO_DATE('2021-03-15', 'YYYY-MM-DD'), 'IVP_030', 'TE_05');
INSERT INTO indi_durchfuehrungen VALUES('IDRF_1934', 10, 11, 2, 90, TO_DATE('2021-03-15', 'YYYY-MM-DD'), 'IVP_030', 'TE_06');
INSERT INTO indi_durchfuehrungen VALUES('IDRF_1935', 8, 10, 3, 60, TO_DATE('2021-03-15', 'YYYY-MM-DD'), 'IVP_030', 'TE_07');
INSERT INTO indi_durchfuehrungen VALUES('IDRF_1936', 7, 1, 1, 0, TO_DATE('2021-12-10', 'YYYY-MM-DD'), 'IVP_030', 'TE_00');
INSERT INTO indi_durchfuehrungen VALUES('IDRF_1937', 6, 11, 1, 90, TO_DATE('2021-12-10', 'YYYY-MM-DD'), 'IVP_030', 'TE_01');
INSERT INTO indi_durchfuehrungen VALUES('IDRF_1938', 9, 10, 3, 90, TO_DATE('2021-12-10', 'YYYY-MM-DD'), 'IVP_030', 'TE_02');
INSERT INTO indi_durchfuehrungen VALUES('IDRF_1939', 6, 10, 1, 90, TO_DATE('2021-12-10', 'YYYY-MM-DD'), 'IVP_030', 'TE_03');
INSERT INTO indi_durchfuehrungen VALUES('IDRF_1940', 6, 10, 3, 60, TO_DATE('2021-12-10', 'YYYY-MM-DD'), 'IVP_030', 'TE_04');
INSERT INTO indi_durchfuehrungen VALUES('IDRF_1941', 10, 10, 3, 120, TO_DATE('2021-12-10', 'YYYY-MM-DD'), 'IVP_030', 'TE_05');
INSERT INTO indi_durchfuehrungen VALUES('IDRF_1942', 7, 9, 3, 120, TO_DATE('2021-12-10', 'YYYY-MM-DD'), 'IVP_030', 'TE_06');
INSERT INTO indi_durchfuehrungen VALUES('IDRF_1943', 6, 11, 1, 120, TO_DATE('2021-12-10', 'YYYY-MM-DD'), 'IVP_030', 'TE_07');
INSERT INTO indi_durchfuehrungen VALUES('IDRF_1944', 7, 1, 1, 0, TO_DATE('2021-09-02', 'YYYY-MM-DD'), 'IVP_030', 'TE_00');
INSERT INTO indi_durchfuehrungen VALUES('IDRF_1945', 8, 9, 3, 90, TO_DATE('2021-09-02', 'YYYY-MM-DD'), 'IVP_030', 'TE_01');
INSERT INTO indi_durchfuehrungen VALUES('IDRF_1946', 9, 8, 2, 120, TO_DATE('2021-09-02', 'YYYY-MM-DD'), 'IVP_030', 'TE_02');
INSERT INTO indi_durchfuehrungen VALUES('IDRF_1947', 9, 10, 3, 90, TO_DATE('2021-09-02', 'YYYY-MM-DD'), 'IVP_030', 'TE_03');
INSERT INTO indi_durchfuehrungen VALUES('IDRF_1948', 7, 11, 1, 60, TO_DATE('2021-09-02', 'YYYY-MM-DD'), 'IVP_030', 'TE_04');
INSERT INTO indi_durchfuehrungen VALUES('IDRF_1949', 8, 9, 3, 90, TO_DATE('2021-09-02', 'YYYY-MM-DD'), 'IVP_030', 'TE_05');
INSERT INTO indi_durchfuehrungen VALUES('IDRF_1950', 8, 8, 1, 120, TO_DATE('2021-09-02', 'YYYY-MM-DD'), 'IVP_030', 'TE_06');
INSERT INTO indi_durchfuehrungen VALUES('IDRF_1951', 10, 10, 1, 60, TO_DATE('2021-09-02', 'YYYY-MM-DD'), 'IVP_030', 'TE_07');
INSERT INTO indi_durchfuehrungen VALUES('IDRF_1952', 7, 1, 1, 0, TO_DATE('2021-05-15', 'YYYY-MM-DD'), 'IVP_030', 'TE_00');
INSERT INTO indi_durchfuehrungen VALUES('IDRF_1953', 7, 8, 1, 60, TO_DATE('2021-05-15', 'YYYY-MM-DD'), 'IVP_030', 'TE_01');
INSERT INTO indi_durchfuehrungen VALUES('IDRF_1954', 7, 8, 3, 120, TO_DATE('2021-05-15', 'YYYY-MM-DD'), 'IVP_030', 'TE_02');
INSERT INTO indi_durchfuehrungen VALUES('IDRF_1955', 5, 10, 1, 60, TO_DATE('2021-05-15', 'YYYY-MM-DD'), 'IVP_030', 'TE_03');
INSERT INTO indi_durchfuehrungen VALUES('IDRF_1956', 7, 11, 1, 60, TO_DATE('2021-05-15', 'YYYY-MM-DD'), 'IVP_030', 'TE_04');
INSERT INTO indi_durchfuehrungen VALUES('IDRF_1957', 8, 9, 3, 90, TO_DATE('2021-05-15', 'YYYY-MM-DD'), 'IVP_030', 'TE_05');
INSERT INTO indi_durchfuehrungen VALUES('IDRF_1958', 8, 8, 3, 60, TO_DATE('2021-05-15', 'YYYY-MM-DD'), 'IVP_030', 'TE_06');
INSERT INTO indi_durchfuehrungen VALUES('IDRF_1959', 7, 11, 3, 90, TO_DATE('2021-05-15', 'YYYY-MM-DD'), 'IVP_030', 'TE_07');
INSERT INTO indi_durchfuehrungen VALUES('IDRF_1960', 7, 1, 1, 0, TO_DATE('2021-07-03', 'YYYY-MM-DD'), 'IVP_030', 'TE_00');
INSERT INTO indi_durchfuehrungen VALUES('IDRF_1961', 5, 9, 2, 60, TO_DATE('2021-07-03', 'YYYY-MM-DD'), 'IVP_030', 'TE_01');
INSERT INTO indi_durchfuehrungen VALUES('IDRF_1962', 6, 10, 3, 90, TO_DATE('2021-07-03', 'YYYY-MM-DD'), 'IVP_030', 'TE_02');
INSERT INTO indi_durchfuehrungen VALUES('IDRF_1963', 6, 8, 3, 120, TO_DATE('2021-07-03', 'YYYY-MM-DD'), 'IVP_030', 'TE_03');
INSERT INTO indi_durchfuehrungen VALUES('IDRF_1964', 6, 8, 1, 60, TO_DATE('2021-07-03', 'YYYY-MM-DD'), 'IVP_030', 'TE_04');
INSERT INTO indi_durchfuehrungen VALUES('IDRF_1965', 9, 10, 3, 120, TO_DATE('2021-07-03', 'YYYY-MM-DD'), 'IVP_030', 'TE_05');
INSERT INTO indi_durchfuehrungen VALUES('IDRF_1966', 8, 10, 1, 120, TO_DATE('2021-07-03', 'YYYY-MM-DD'), 'IVP_030', 'TE_06');
INSERT INTO indi_durchfuehrungen VALUES('IDRF_1967', 10, 10, 3, 90, TO_DATE('2021-07-03', 'YYYY-MM-DD'), 'IVP_030', 'TE_07');
INSERT INTO indi_durchfuehrungen VALUES('IDRF_1968', 7, 1, 1, 0, TO_DATE('2021-08-01', 'YYYY-MM-DD'), 'IVP_030', 'TE_00');
INSERT INTO indi_durchfuehrungen VALUES('IDRF_1969', 9, 10, 1, 60, TO_DATE('2021-08-01', 'YYYY-MM-DD'), 'IVP_030', 'TE_01');
INSERT INTO indi_durchfuehrungen VALUES('IDRF_1970', 6, 9, 1, 60, TO_DATE('2021-08-01', 'YYYY-MM-DD'), 'IVP_030', 'TE_02');
INSERT INTO indi_durchfuehrungen VALUES('IDRF_1971', 5, 8, 2, 60, TO_DATE('2021-08-01', 'YYYY-MM-DD'), 'IVP_030', 'TE_03');
INSERT INTO indi_durchfuehrungen VALUES('IDRF_1972', 10, 11, 2, 120, TO_DATE('2021-08-01', 'YYYY-MM-DD'), 'IVP_030', 'TE_04');
INSERT INTO indi_durchfuehrungen VALUES('IDRF_1973', 8, 9, 1, 60, TO_DATE('2021-08-01', 'YYYY-MM-DD'), 'IVP_030', 'TE_05');
INSERT INTO indi_durchfuehrungen VALUES('IDRF_1974', 6, 10, 2, 60, TO_DATE('2021-08-01', 'YYYY-MM-DD'), 'IVP_030', 'TE_06');
INSERT INTO indi_durchfuehrungen VALUES('IDRF_1975', 5, 10, 3, 60, TO_DATE('2021-08-01', 'YYYY-MM-DD'), 'IVP_030', 'TE_07');
INSERT INTO indi_durchfuehrungen VALUES('IDRF_1976', 7, 1, 1, 0, TO_DATE('2021-03-17', 'YYYY-MM-DD'), 'IVP_030', 'TE_00');
INSERT INTO indi_durchfuehrungen VALUES('IDRF_1977', 10, 8, 1, 120, TO_DATE('2021-03-17', 'YYYY-MM-DD'), 'IVP_030', 'TE_01');
INSERT INTO indi_durchfuehrungen VALUES('IDRF_1978', 8, 10, 3, 90, TO_DATE('2021-03-17', 'YYYY-MM-DD'), 'IVP_030', 'TE_02');
INSERT INTO indi_durchfuehrungen VALUES('IDRF_1979', 6, 9, 2, 120, TO_DATE('2021-03-17', 'YYYY-MM-DD'), 'IVP_030', 'TE_03');
INSERT INTO indi_durchfuehrungen VALUES('IDRF_1980', 8, 11, 1, 90, TO_DATE('2021-03-17', 'YYYY-MM-DD'), 'IVP_030', 'TE_04');
INSERT INTO indi_durchfuehrungen VALUES('IDRF_1981', 8, 9, 3, 60, TO_DATE('2021-03-17', 'YYYY-MM-DD'), 'IVP_030', 'TE_05');
INSERT INTO indi_durchfuehrungen VALUES('IDRF_1982', 7, 10, 1, 90, TO_DATE('2021-03-17', 'YYYY-MM-DD'), 'IVP_030', 'TE_06');
INSERT INTO indi_durchfuehrungen VALUES('IDRF_1983', 6, 11, 1, 90, TO_DATE('2021-03-17', 'YYYY-MM-DD'), 'IVP_030', 'TE_07');
INSERT INTO indi_durchfuehrungen VALUES('IDRF_1984', 8, 8, 3, 60, TO_DATE('2021-09-18', 'YYYY-MM-DD'), 'IVP_031', 'TE_16');
INSERT INTO indi_durchfuehrungen VALUES('IDRF_1985', 7, 8, 3, 120, TO_DATE('2021-09-18', 'YYYY-MM-DD'), 'IVP_031', 'TE_17');
INSERT INTO indi_durchfuehrungen VALUES('IDRF_1986', 5, 8, 3, 120, TO_DATE('2021-09-18', 'YYYY-MM-DD'), 'IVP_031', 'TE_18');
INSERT INTO indi_durchfuehrungen VALUES('IDRF_1987', 8, 10, 2, 90, TO_DATE('2021-09-18', 'YYYY-MM-DD'), 'IVP_031', 'TE_19');
INSERT INTO indi_durchfuehrungen VALUES('IDRF_1988', 8, 9, 1, 90, TO_DATE('2021-09-18', 'YYYY-MM-DD'), 'IVP_031', 'TE_20');
INSERT INTO indi_durchfuehrungen VALUES('IDRF_1989', 8, 8, 3, 90, TO_DATE('2021-09-18', 'YYYY-MM-DD'), 'IVP_031', 'TE_29');
INSERT INTO indi_durchfuehrungen VALUES('IDRF_1990', 6, 10, 1, 60, TO_DATE('2021-09-18', 'YYYY-MM-DD'), 'IVP_031', 'TE_30');
INSERT INTO indi_durchfuehrungen VALUES('IDRF_1991', 7, 10, 3, 60, TO_DATE('2021-09-18', 'YYYY-MM-DD'), 'IVP_031', 'TE_31');
INSERT INTO indi_durchfuehrungen VALUES('IDRF_1992', 7, 10, 1, 90, TO_DATE('2021-02-19', 'YYYY-MM-DD'), 'IVP_031', 'TE_16');
INSERT INTO indi_durchfuehrungen VALUES('IDRF_1993', 7, 9, 2, 60, TO_DATE('2021-02-19', 'YYYY-MM-DD'), 'IVP_031', 'TE_17');
INSERT INTO indi_durchfuehrungen VALUES('IDRF_1994', 10, 8, 3, 120, TO_DATE('2021-02-19', 'YYYY-MM-DD'), 'IVP_031', 'TE_18');
INSERT INTO indi_durchfuehrungen VALUES('IDRF_1995', 8, 8, 1, 120, TO_DATE('2021-02-19', 'YYYY-MM-DD'), 'IVP_031', 'TE_19');
INSERT INTO indi_durchfuehrungen VALUES('IDRF_1996', 7, 10, 3, 120, TO_DATE('2021-02-19', 'YYYY-MM-DD'), 'IVP_031', 'TE_20');
INSERT INTO indi_durchfuehrungen VALUES('IDRF_1997', 10, 11, 3, 60, TO_DATE('2021-02-19', 'YYYY-MM-DD'), 'IVP_031', 'TE_29');
INSERT INTO indi_durchfuehrungen VALUES('IDRF_1998', 8, 9, 2, 60, TO_DATE('2021-02-19', 'YYYY-MM-DD'), 'IVP_031', 'TE_30');
INSERT INTO indi_durchfuehrungen VALUES('IDRF_1999', 7, 8, 1, 120, TO_DATE('2021-02-19', 'YYYY-MM-DD'), 'IVP_031', 'TE_31');
INSERT INTO indi_durchfuehrungen VALUES('IDRF_2000', 5, 11, 3, 90, TO_DATE('2021-12-25', 'YYYY-MM-DD'), 'IVP_031', 'TE_16');
INSERT INTO indi_durchfuehrungen VALUES('IDRF_2001', 5, 11, 3, 90, TO_DATE('2021-12-25', 'YYYY-MM-DD'), 'IVP_031', 'TE_17');
INSERT INTO indi_durchfuehrungen VALUES('IDRF_2002', 6, 9, 2, 120, TO_DATE('2021-12-25', 'YYYY-MM-DD'), 'IVP_031', 'TE_18');
INSERT INTO indi_durchfuehrungen VALUES('IDRF_2003', 7, 8, 2, 60, TO_DATE('2021-12-25', 'YYYY-MM-DD'), 'IVP_031', 'TE_19');
INSERT INTO indi_durchfuehrungen VALUES('IDRF_2004', 6, 11, 3, 90, TO_DATE('2021-12-25', 'YYYY-MM-DD'), 'IVP_031', 'TE_20');
INSERT INTO indi_durchfuehrungen VALUES('IDRF_2005', 7, 8, 1, 120, TO_DATE('2021-12-25', 'YYYY-MM-DD'), 'IVP_031', 'TE_29');
INSERT INTO indi_durchfuehrungen VALUES('IDRF_2006', 8, 8, 1, 60, TO_DATE('2021-12-25', 'YYYY-MM-DD'), 'IVP_031', 'TE_30');
INSERT INTO indi_durchfuehrungen VALUES('IDRF_2007', 9, 11, 1, 120, TO_DATE('2021-12-25', 'YYYY-MM-DD'), 'IVP_031', 'TE_31');
INSERT INTO indi_durchfuehrungen VALUES('IDRF_2008', 6, 9, 1, 60, TO_DATE('2021-02-24', 'YYYY-MM-DD'), 'IVP_031', 'TE_16');
INSERT INTO indi_durchfuehrungen VALUES('IDRF_2009', 5, 10, 1, 60, TO_DATE('2021-02-24', 'YYYY-MM-DD'), 'IVP_031', 'TE_17');
INSERT INTO indi_durchfuehrungen VALUES('IDRF_2010', 10, 9, 3, 60, TO_DATE('2021-02-24', 'YYYY-MM-DD'), 'IVP_031', 'TE_18');
INSERT INTO indi_durchfuehrungen VALUES('IDRF_2011', 10, 8, 3, 60, TO_DATE('2021-02-24', 'YYYY-MM-DD'), 'IVP_031', 'TE_19');
INSERT INTO indi_durchfuehrungen VALUES('IDRF_2012', 10, 10, 3, 60, TO_DATE('2021-02-24', 'YYYY-MM-DD'), 'IVP_031', 'TE_20');
INSERT INTO indi_durchfuehrungen VALUES('IDRF_2013', 6, 8, 1, 90, TO_DATE('2021-02-24', 'YYYY-MM-DD'), 'IVP_031', 'TE_29');
INSERT INTO indi_durchfuehrungen VALUES('IDRF_2014', 5, 11, 2, 120, TO_DATE('2021-02-24', 'YYYY-MM-DD'), 'IVP_031', 'TE_30');
INSERT INTO indi_durchfuehrungen VALUES('IDRF_2015', 10, 9, 3, 120, TO_DATE('2021-02-24', 'YYYY-MM-DD'), 'IVP_031', 'TE_31');
INSERT INTO indi_durchfuehrungen VALUES('IDRF_2016', 9, 8, 3, 120, TO_DATE('2021-01-19', 'YYYY-MM-DD'), 'IVP_031', 'TE_16');
INSERT INTO indi_durchfuehrungen VALUES('IDRF_2017', 6, 9, 2, 90, TO_DATE('2021-01-19', 'YYYY-MM-DD'), 'IVP_031', 'TE_17');
INSERT INTO indi_durchfuehrungen VALUES('IDRF_2018', 6, 9, 1, 60, TO_DATE('2021-01-19', 'YYYY-MM-DD'), 'IVP_031', 'TE_18');
INSERT INTO indi_durchfuehrungen VALUES('IDRF_2019', 8, 9, 2, 60, TO_DATE('2021-01-19', 'YYYY-MM-DD'), 'IVP_031', 'TE_19');
INSERT INTO indi_durchfuehrungen VALUES('IDRF_2020', 7, 11, 1, 120, TO_DATE('2021-01-19', 'YYYY-MM-DD'), 'IVP_031', 'TE_20');
INSERT INTO indi_durchfuehrungen VALUES('IDRF_2021', 5, 8, 2, 120, TO_DATE('2021-01-19', 'YYYY-MM-DD'), 'IVP_031', 'TE_29');
INSERT INTO indi_durchfuehrungen VALUES('IDRF_2022', 9, 9, 2, 60, TO_DATE('2021-01-19', 'YYYY-MM-DD'), 'IVP_031', 'TE_30');
INSERT INTO indi_durchfuehrungen VALUES('IDRF_2023', 6, 10, 3, 60, TO_DATE('2021-01-19', 'YYYY-MM-DD'), 'IVP_031', 'TE_31');
INSERT INTO indi_durchfuehrungen VALUES('IDRF_2024', 10, 9, 2, 120, TO_DATE('2021-01-06', 'YYYY-MM-DD'), 'IVP_031', 'TE_16');
INSERT INTO indi_durchfuehrungen VALUES('IDRF_2025', 7, 11, 2, 60, TO_DATE('2021-01-06', 'YYYY-MM-DD'), 'IVP_031', 'TE_17');
INSERT INTO indi_durchfuehrungen VALUES('IDRF_2026', 10, 8, 2, 60, TO_DATE('2021-01-06', 'YYYY-MM-DD'), 'IVP_031', 'TE_18');
INSERT INTO indi_durchfuehrungen VALUES('IDRF_2027', 10, 11, 1, 120, TO_DATE('2021-01-06', 'YYYY-MM-DD'), 'IVP_031', 'TE_19');
INSERT INTO indi_durchfuehrungen VALUES('IDRF_2028', 9, 9, 2, 60, TO_DATE('2021-01-06', 'YYYY-MM-DD'), 'IVP_031', 'TE_20');
INSERT INTO indi_durchfuehrungen VALUES('IDRF_2029', 5, 9, 3, 120, TO_DATE('2021-01-06', 'YYYY-MM-DD'), 'IVP_031', 'TE_29');
INSERT INTO indi_durchfuehrungen VALUES('IDRF_2030', 5, 10, 1, 120, TO_DATE('2021-01-06', 'YYYY-MM-DD'), 'IVP_031', 'TE_30');
INSERT INTO indi_durchfuehrungen VALUES('IDRF_2031', 10, 10, 3, 90, TO_DATE('2021-01-06', 'YYYY-MM-DD'), 'IVP_031', 'TE_31');
INSERT INTO indi_durchfuehrungen VALUES('IDRF_2032', 10, 8, 3, 120, TO_DATE('2021-07-03', 'YYYY-MM-DD'), 'IVP_031', 'TE_16');
INSERT INTO indi_durchfuehrungen VALUES('IDRF_2033', 5, 10, 3, 120, TO_DATE('2021-07-03', 'YYYY-MM-DD'), 'IVP_031', 'TE_17');
INSERT INTO indi_durchfuehrungen VALUES('IDRF_2034', 7, 11, 2, 90, TO_DATE('2021-07-03', 'YYYY-MM-DD'), 'IVP_031', 'TE_18');
INSERT INTO indi_durchfuehrungen VALUES('IDRF_2035', 5, 9, 2, 60, TO_DATE('2021-07-03', 'YYYY-MM-DD'), 'IVP_031', 'TE_19');
INSERT INTO indi_durchfuehrungen VALUES('IDRF_2036', 5, 11, 2, 90, TO_DATE('2021-07-03', 'YYYY-MM-DD'), 'IVP_031', 'TE_20');
INSERT INTO indi_durchfuehrungen VALUES('IDRF_2037', 8, 10, 1, 90, TO_DATE('2021-07-03', 'YYYY-MM-DD'), 'IVP_031', 'TE_29');
INSERT INTO indi_durchfuehrungen VALUES('IDRF_2038', 6, 11, 2, 120, TO_DATE('2021-07-03', 'YYYY-MM-DD'), 'IVP_031', 'TE_30');
INSERT INTO indi_durchfuehrungen VALUES('IDRF_2039', 8, 8, 3, 60, TO_DATE('2021-07-03', 'YYYY-MM-DD'), 'IVP_031', 'TE_31');
INSERT INTO indi_durchfuehrungen VALUES('IDRF_2040', 5, 10, 1, 60, TO_DATE('2021-12-18', 'YYYY-MM-DD'), 'IVP_031', 'TE_16');
INSERT INTO indi_durchfuehrungen VALUES('IDRF_2041', 7, 9, 2, 60, TO_DATE('2021-12-18', 'YYYY-MM-DD'), 'IVP_031', 'TE_17');
INSERT INTO indi_durchfuehrungen VALUES('IDRF_2042', 9, 10, 3, 90, TO_DATE('2021-12-18', 'YYYY-MM-DD'), 'IVP_031', 'TE_18');
INSERT INTO indi_durchfuehrungen VALUES('IDRF_2043', 6, 11, 2, 60, TO_DATE('2021-12-18', 'YYYY-MM-DD'), 'IVP_031', 'TE_19');
INSERT INTO indi_durchfuehrungen VALUES('IDRF_2044', 5, 10, 1, 120, TO_DATE('2021-12-18', 'YYYY-MM-DD'), 'IVP_031', 'TE_20');
INSERT INTO indi_durchfuehrungen VALUES('IDRF_2045', 9, 10, 2, 90, TO_DATE('2021-12-18', 'YYYY-MM-DD'), 'IVP_031', 'TE_29');
INSERT INTO indi_durchfuehrungen VALUES('IDRF_2046', 8, 10, 3, 120, TO_DATE('2021-12-18', 'YYYY-MM-DD'), 'IVP_031', 'TE_30');
INSERT INTO indi_durchfuehrungen VALUES('IDRF_2047', 7, 8, 3, 90, TO_DATE('2021-12-18', 'YYYY-MM-DD'), 'IVP_031', 'TE_31');
INSERT INTO indi_durchfuehrungen VALUES('IDRF_2048', 7, 1, 1, 0, TO_DATE('2021-09-17', 'YYYY-MM-DD'), 'IVP_032', 'TE_00');
INSERT INTO indi_durchfuehrungen VALUES('IDRF_2049', 7, 10, 3, 120, TO_DATE('2021-09-17', 'YYYY-MM-DD'), 'IVP_032', 'TE_01');
INSERT INTO indi_durchfuehrungen VALUES('IDRF_2050', 5, 10, 3, 90, TO_DATE('2021-09-17', 'YYYY-MM-DD'), 'IVP_032', 'TE_02');
INSERT INTO indi_durchfuehrungen VALUES('IDRF_2051', 10, 8, 3, 60, TO_DATE('2021-09-17', 'YYYY-MM-DD'), 'IVP_032', 'TE_03');
INSERT INTO indi_durchfuehrungen VALUES('IDRF_2052', 9, 10, 1, 60, TO_DATE('2021-09-17', 'YYYY-MM-DD'), 'IVP_032', 'TE_04');
INSERT INTO indi_durchfuehrungen VALUES('IDRF_2053', 6, 10, 2, 120, TO_DATE('2021-09-17', 'YYYY-MM-DD'), 'IVP_032', 'TE_05');
INSERT INTO indi_durchfuehrungen VALUES('IDRF_2054', 5, 11, 2, 90, TO_DATE('2021-09-17', 'YYYY-MM-DD'), 'IVP_032', 'TE_06');
INSERT INTO indi_durchfuehrungen VALUES('IDRF_2055', 6, 9, 2, 60, TO_DATE('2021-09-17', 'YYYY-MM-DD'), 'IVP_032', 'TE_07');
INSERT INTO indi_durchfuehrungen VALUES('IDRF_2056', 7, 1, 1, 0, TO_DATE('2021-04-14', 'YYYY-MM-DD'), 'IVP_032', 'TE_00');
INSERT INTO indi_durchfuehrungen VALUES('IDRF_2057', 5, 11, 1, 120, TO_DATE('2021-04-14', 'YYYY-MM-DD'), 'IVP_032', 'TE_01');
INSERT INTO indi_durchfuehrungen VALUES('IDRF_2058', 8, 10, 2, 90, TO_DATE('2021-04-14', 'YYYY-MM-DD'), 'IVP_032', 'TE_02');
INSERT INTO indi_durchfuehrungen VALUES('IDRF_2059', 9, 10, 3, 120, TO_DATE('2021-04-14', 'YYYY-MM-DD'), 'IVP_032', 'TE_03');
INSERT INTO indi_durchfuehrungen VALUES('IDRF_2060', 6, 8, 2, 90, TO_DATE('2021-04-14', 'YYYY-MM-DD'), 'IVP_032', 'TE_04');
INSERT INTO indi_durchfuehrungen VALUES('IDRF_2061', 7, 8, 2, 120, TO_DATE('2021-04-14', 'YYYY-MM-DD'), 'IVP_032', 'TE_05');
INSERT INTO indi_durchfuehrungen VALUES('IDRF_2062', 7, 10, 1, 120, TO_DATE('2021-04-14', 'YYYY-MM-DD'), 'IVP_032', 'TE_06');
INSERT INTO indi_durchfuehrungen VALUES('IDRF_2063', 8, 9, 3, 120, TO_DATE('2021-04-14', 'YYYY-MM-DD'), 'IVP_032', 'TE_07');
INSERT INTO indi_durchfuehrungen VALUES('IDRF_2064', 7, 1, 1, 0, TO_DATE('2021-11-20', 'YYYY-MM-DD'), 'IVP_032', 'TE_00');
INSERT INTO indi_durchfuehrungen VALUES('IDRF_2065', 6, 9, 1, 120, TO_DATE('2021-11-20', 'YYYY-MM-DD'), 'IVP_032', 'TE_01');
INSERT INTO indi_durchfuehrungen VALUES('IDRF_2066', 10, 8, 2, 120, TO_DATE('2021-11-20', 'YYYY-MM-DD'), 'IVP_032', 'TE_02');
INSERT INTO indi_durchfuehrungen VALUES('IDRF_2067', 5, 9, 1, 60, TO_DATE('2021-11-20', 'YYYY-MM-DD'), 'IVP_032', 'TE_03');
INSERT INTO indi_durchfuehrungen VALUES('IDRF_2068', 10, 9, 1, 90, TO_DATE('2021-11-20', 'YYYY-MM-DD'), 'IVP_032', 'TE_04');
INSERT INTO indi_durchfuehrungen VALUES('IDRF_2069', 8, 10, 2, 90, TO_DATE('2021-11-20', 'YYYY-MM-DD'), 'IVP_032', 'TE_05');
INSERT INTO indi_durchfuehrungen VALUES('IDRF_2070', 7, 8, 3, 90, TO_DATE('2021-11-20', 'YYYY-MM-DD'), 'IVP_032', 'TE_06');
INSERT INTO indi_durchfuehrungen VALUES('IDRF_2071', 9, 9, 2, 60, TO_DATE('2021-11-20', 'YYYY-MM-DD'), 'IVP_032', 'TE_07');
INSERT INTO indi_durchfuehrungen VALUES('IDRF_2072', 7, 1, 1, 0, TO_DATE('2021-09-19', 'YYYY-MM-DD'), 'IVP_032', 'TE_00');
INSERT INTO indi_durchfuehrungen VALUES('IDRF_2073', 9, 8, 3, 120, TO_DATE('2021-09-19', 'YYYY-MM-DD'), 'IVP_032', 'TE_01');
INSERT INTO indi_durchfuehrungen VALUES('IDRF_2074', 9, 11, 1, 60, TO_DATE('2021-09-19', 'YYYY-MM-DD'), 'IVP_032', 'TE_02');
INSERT INTO indi_durchfuehrungen VALUES('IDRF_2075', 7, 8, 1, 120, TO_DATE('2021-09-19', 'YYYY-MM-DD'), 'IVP_032', 'TE_03');
INSERT INTO indi_durchfuehrungen VALUES('IDRF_2076', 10, 8, 1, 120, TO_DATE('2021-09-19', 'YYYY-MM-DD'), 'IVP_032', 'TE_04');
INSERT INTO indi_durchfuehrungen VALUES('IDRF_2077', 6, 11, 3, 90, TO_DATE('2021-09-19', 'YYYY-MM-DD'), 'IVP_032', 'TE_05');
INSERT INTO indi_durchfuehrungen VALUES('IDRF_2078', 10, 11, 2, 90, TO_DATE('2021-09-19', 'YYYY-MM-DD'), 'IVP_032', 'TE_06');
INSERT INTO indi_durchfuehrungen VALUES('IDRF_2079', 8, 8, 2, 90, TO_DATE('2021-09-19', 'YYYY-MM-DD'), 'IVP_032', 'TE_07');
INSERT INTO indi_durchfuehrungen VALUES('IDRF_2080', 7, 1, 1, 0, TO_DATE('2021-11-24', 'YYYY-MM-DD'), 'IVP_032', 'TE_00');
INSERT INTO indi_durchfuehrungen VALUES('IDRF_2081', 9, 8, 3, 120, TO_DATE('2021-11-24', 'YYYY-MM-DD'), 'IVP_032', 'TE_01');
INSERT INTO indi_durchfuehrungen VALUES('IDRF_2082', 9, 11, 1, 60, TO_DATE('2021-11-24', 'YYYY-MM-DD'), 'IVP_032', 'TE_02');
INSERT INTO indi_durchfuehrungen VALUES('IDRF_2083', 6, 10, 2, 120, TO_DATE('2021-11-24', 'YYYY-MM-DD'), 'IVP_032', 'TE_03');
INSERT INTO indi_durchfuehrungen VALUES('IDRF_2084', 7, 8, 1, 90, TO_DATE('2021-11-24', 'YYYY-MM-DD'), 'IVP_032', 'TE_04');
INSERT INTO indi_durchfuehrungen VALUES('IDRF_2085', 6, 10, 2, 120, TO_DATE('2021-11-24', 'YYYY-MM-DD'), 'IVP_032', 'TE_05');
INSERT INTO indi_durchfuehrungen VALUES('IDRF_2086', 9, 8, 2, 120, TO_DATE('2021-11-24', 'YYYY-MM-DD'), 'IVP_032', 'TE_06');
INSERT INTO indi_durchfuehrungen VALUES('IDRF_2087', 6, 11, 2, 90, TO_DATE('2021-11-24', 'YYYY-MM-DD'), 'IVP_032', 'TE_07');
INSERT INTO indi_durchfuehrungen VALUES('IDRF_2088', 7, 1, 1, 0, TO_DATE('2021-01-04', 'YYYY-MM-DD'), 'IVP_032', 'TE_00');
INSERT INTO indi_durchfuehrungen VALUES('IDRF_2089', 10, 8, 2, 60, TO_DATE('2021-01-04', 'YYYY-MM-DD'), 'IVP_032', 'TE_01');
INSERT INTO indi_durchfuehrungen VALUES('IDRF_2090', 5, 9, 3, 120, TO_DATE('2021-01-04', 'YYYY-MM-DD'), 'IVP_032', 'TE_02');
INSERT INTO indi_durchfuehrungen VALUES('IDRF_2091', 5, 9, 1, 120, TO_DATE('2021-01-04', 'YYYY-MM-DD'), 'IVP_032', 'TE_03');
INSERT INTO indi_durchfuehrungen VALUES('IDRF_2092', 6, 8, 1, 90, TO_DATE('2021-01-04', 'YYYY-MM-DD'), 'IVP_032', 'TE_04');
INSERT INTO indi_durchfuehrungen VALUES('IDRF_2093', 7, 10, 1, 120, TO_DATE('2021-01-04', 'YYYY-MM-DD'), 'IVP_032', 'TE_05');
INSERT INTO indi_durchfuehrungen VALUES('IDRF_2094', 6, 8, 3, 90, TO_DATE('2021-01-04', 'YYYY-MM-DD'), 'IVP_032', 'TE_06');
INSERT INTO indi_durchfuehrungen VALUES('IDRF_2095', 6, 10, 1, 60, TO_DATE('2021-01-04', 'YYYY-MM-DD'), 'IVP_032', 'TE_07');
INSERT INTO indi_durchfuehrungen VALUES('IDRF_2096', 7, 1, 1, 0, TO_DATE('2021-08-27', 'YYYY-MM-DD'), 'IVP_032', 'TE_00');
INSERT INTO indi_durchfuehrungen VALUES('IDRF_2097', 10, 10, 2, 90, TO_DATE('2021-08-27', 'YYYY-MM-DD'), 'IVP_032', 'TE_01');
INSERT INTO indi_durchfuehrungen VALUES('IDRF_2098', 6, 8, 3, 120, TO_DATE('2021-08-27', 'YYYY-MM-DD'), 'IVP_032', 'TE_02');
INSERT INTO indi_durchfuehrungen VALUES('IDRF_2099', 6, 9, 3, 120, TO_DATE('2021-08-27', 'YYYY-MM-DD'), 'IVP_032', 'TE_03');
INSERT INTO indi_durchfuehrungen VALUES('IDRF_2100', 8, 9, 3, 90, TO_DATE('2021-08-27', 'YYYY-MM-DD'), 'IVP_032', 'TE_04');
INSERT INTO indi_durchfuehrungen VALUES('IDRF_2101', 5, 10, 3, 120, TO_DATE('2021-08-27', 'YYYY-MM-DD'), 'IVP_032', 'TE_05');
INSERT INTO indi_durchfuehrungen VALUES('IDRF_2102', 8, 10, 2, 90, TO_DATE('2021-08-27', 'YYYY-MM-DD'), 'IVP_032', 'TE_06');
INSERT INTO indi_durchfuehrungen VALUES('IDRF_2103', 10, 10, 3, 90, TO_DATE('2021-08-27', 'YYYY-MM-DD'), 'IVP_032', 'TE_07');
INSERT INTO indi_durchfuehrungen VALUES('IDRF_2104', 7, 1, 1, 0, TO_DATE('2021-06-04', 'YYYY-MM-DD'), 'IVP_032', 'TE_00');
INSERT INTO indi_durchfuehrungen VALUES('IDRF_2105', 7, 11, 1, 120, TO_DATE('2021-06-04', 'YYYY-MM-DD'), 'IVP_032', 'TE_01');
INSERT INTO indi_durchfuehrungen VALUES('IDRF_2106', 9, 10, 2, 90, TO_DATE('2021-06-04', 'YYYY-MM-DD'), 'IVP_032', 'TE_02');
INSERT INTO indi_durchfuehrungen VALUES('IDRF_2107', 10, 8, 3, 90, TO_DATE('2021-06-04', 'YYYY-MM-DD'), 'IVP_032', 'TE_03');
INSERT INTO indi_durchfuehrungen VALUES('IDRF_2108', 9, 11, 3, 120, TO_DATE('2021-06-04', 'YYYY-MM-DD'), 'IVP_032', 'TE_04');
INSERT INTO indi_durchfuehrungen VALUES('IDRF_2109', 9, 10, 1, 120, TO_DATE('2021-06-04', 'YYYY-MM-DD'), 'IVP_032', 'TE_05');
INSERT INTO indi_durchfuehrungen VALUES('IDRF_2110', 10, 8, 3, 90, TO_DATE('2021-06-04', 'YYYY-MM-DD'), 'IVP_032', 'TE_06');
INSERT INTO indi_durchfuehrungen VALUES('IDRF_2111', 7, 11, 2, 60, TO_DATE('2021-06-04', 'YYYY-MM-DD'), 'IVP_032', 'TE_07');
INSERT INTO indi_durchfuehrungen VALUES('IDRF_2112', 7, 1, 1, 0, TO_DATE('2021-02-13', 'YYYY-MM-DD'), 'IVP_033', 'TE_32');
INSERT INTO indi_durchfuehrungen VALUES('IDRF_2113', 8, 8, 1, 60, TO_DATE('2021-02-13', 'YYYY-MM-DD'), 'IVP_033', 'TE_33');
INSERT INTO indi_durchfuehrungen VALUES('IDRF_2114', 10, 8, 2, 120, TO_DATE('2021-02-13', 'YYYY-MM-DD'), 'IVP_033', 'TE_34');
INSERT INTO indi_durchfuehrungen VALUES('IDRF_2115', 5, 8, 1, 120, TO_DATE('2021-02-13', 'YYYY-MM-DD'), 'IVP_033', 'TE_35');
INSERT INTO indi_durchfuehrungen VALUES('IDRF_2116', 10, 8, 3, 90, TO_DATE('2021-02-13', 'YYYY-MM-DD'), 'IVP_033', 'TE_36');
INSERT INTO indi_durchfuehrungen VALUES('IDRF_2117', 7, 11, 1, 120, TO_DATE('2021-02-13', 'YYYY-MM-DD'), 'IVP_033', 'TE_37');
INSERT INTO indi_durchfuehrungen VALUES('IDRF_2118', 10, 11, 3, 120, TO_DATE('2021-02-13', 'YYYY-MM-DD'), 'IVP_033', 'TE_38');
INSERT INTO indi_durchfuehrungen VALUES('IDRF_2119', 9, 8, 1, 60, TO_DATE('2021-02-13', 'YYYY-MM-DD'), 'IVP_033', 'TE_39');
INSERT INTO indi_durchfuehrungen VALUES('IDRF_2120', 7, 1, 1, 0, TO_DATE('2021-12-06', 'YYYY-MM-DD'), 'IVP_033', 'TE_32');
INSERT INTO indi_durchfuehrungen VALUES('IDRF_2121', 7, 11, 2, 120, TO_DATE('2021-12-06', 'YYYY-MM-DD'), 'IVP_033', 'TE_33');
INSERT INTO indi_durchfuehrungen VALUES('IDRF_2122', 7, 11, 2, 120, TO_DATE('2021-12-06', 'YYYY-MM-DD'), 'IVP_033', 'TE_34');
INSERT INTO indi_durchfuehrungen VALUES('IDRF_2123', 8, 11, 2, 120, TO_DATE('2021-12-06', 'YYYY-MM-DD'), 'IVP_033', 'TE_35');
INSERT INTO indi_durchfuehrungen VALUES('IDRF_2124', 6, 9, 1, 90, TO_DATE('2021-12-06', 'YYYY-MM-DD'), 'IVP_033', 'TE_36');
INSERT INTO indi_durchfuehrungen VALUES('IDRF_2125', 7, 9, 2, 90, TO_DATE('2021-12-06', 'YYYY-MM-DD'), 'IVP_033', 'TE_37');
INSERT INTO indi_durchfuehrungen VALUES('IDRF_2126', 9, 8, 3, 60, TO_DATE('2021-12-06', 'YYYY-MM-DD'), 'IVP_033', 'TE_38');
INSERT INTO indi_durchfuehrungen VALUES('IDRF_2127', 5, 9, 2, 120, TO_DATE('2021-12-06', 'YYYY-MM-DD'), 'IVP_033', 'TE_39');
INSERT INTO indi_durchfuehrungen VALUES('IDRF_2128', 7, 1, 1, 0, TO_DATE('2021-05-06', 'YYYY-MM-DD'), 'IVP_033', 'TE_32');
INSERT INTO indi_durchfuehrungen VALUES('IDRF_2129', 6, 9, 3, 120, TO_DATE('2021-05-06', 'YYYY-MM-DD'), 'IVP_033', 'TE_33');
INSERT INTO indi_durchfuehrungen VALUES('IDRF_2130', 7, 11, 2, 90, TO_DATE('2021-05-06', 'YYYY-MM-DD'), 'IVP_033', 'TE_34');
INSERT INTO indi_durchfuehrungen VALUES('IDRF_2131', 6, 8, 1, 120, TO_DATE('2021-05-06', 'YYYY-MM-DD'), 'IVP_033', 'TE_35');
INSERT INTO indi_durchfuehrungen VALUES('IDRF_2132', 10, 8, 3, 120, TO_DATE('2021-05-06', 'YYYY-MM-DD'), 'IVP_033', 'TE_36');
INSERT INTO indi_durchfuehrungen VALUES('IDRF_2133', 9, 10, 1, 120, TO_DATE('2021-05-06', 'YYYY-MM-DD'), 'IVP_033', 'TE_37');
INSERT INTO indi_durchfuehrungen VALUES('IDRF_2134', 6, 8, 3, 60, TO_DATE('2021-05-06', 'YYYY-MM-DD'), 'IVP_033', 'TE_38');
INSERT INTO indi_durchfuehrungen VALUES('IDRF_2135', 9, 8, 3, 120, TO_DATE('2021-05-06', 'YYYY-MM-DD'), 'IVP_033', 'TE_39');
INSERT INTO indi_durchfuehrungen VALUES('IDRF_2136', 7, 1, 1, 0, TO_DATE('2021-06-16', 'YYYY-MM-DD'), 'IVP_033', 'TE_32');
INSERT INTO indi_durchfuehrungen VALUES('IDRF_2137', 8, 11, 2, 60, TO_DATE('2021-06-16', 'YYYY-MM-DD'), 'IVP_033', 'TE_33');
INSERT INTO indi_durchfuehrungen VALUES('IDRF_2138', 7, 8, 3, 60, TO_DATE('2021-06-16', 'YYYY-MM-DD'), 'IVP_033', 'TE_34');
INSERT INTO indi_durchfuehrungen VALUES('IDRF_2139', 10, 8, 2, 90, TO_DATE('2021-06-16', 'YYYY-MM-DD'), 'IVP_033', 'TE_35');
INSERT INTO indi_durchfuehrungen VALUES('IDRF_2140', 9, 9, 3, 60, TO_DATE('2021-06-16', 'YYYY-MM-DD'), 'IVP_033', 'TE_36');
INSERT INTO indi_durchfuehrungen VALUES('IDRF_2141', 5, 9, 2, 60, TO_DATE('2021-06-16', 'YYYY-MM-DD'), 'IVP_033', 'TE_37');
INSERT INTO indi_durchfuehrungen VALUES('IDRF_2142', 6, 11, 1, 60, TO_DATE('2021-06-16', 'YYYY-MM-DD'), 'IVP_033', 'TE_38');
INSERT INTO indi_durchfuehrungen VALUES('IDRF_2143', 5, 8, 1, 90, TO_DATE('2021-06-16', 'YYYY-MM-DD'), 'IVP_033', 'TE_39');
INSERT INTO indi_durchfuehrungen VALUES('IDRF_2144', 7, 1, 1, 0, TO_DATE('2021-03-08', 'YYYY-MM-DD'), 'IVP_033', 'TE_32');
INSERT INTO indi_durchfuehrungen VALUES('IDRF_2145', 8, 9, 2, 90, TO_DATE('2021-03-08', 'YYYY-MM-DD'), 'IVP_033', 'TE_33');
INSERT INTO indi_durchfuehrungen VALUES('IDRF_2146', 10, 8, 1, 60, TO_DATE('2021-03-08', 'YYYY-MM-DD'), 'IVP_033', 'TE_34');
INSERT INTO indi_durchfuehrungen VALUES('IDRF_2147', 6, 9, 1, 90, TO_DATE('2021-03-08', 'YYYY-MM-DD'), 'IVP_033', 'TE_35');
INSERT INTO indi_durchfuehrungen VALUES('IDRF_2148', 5, 10, 1, 60, TO_DATE('2021-03-08', 'YYYY-MM-DD'), 'IVP_033', 'TE_36');
INSERT INTO indi_durchfuehrungen VALUES('IDRF_2149', 6, 11, 2, 60, TO_DATE('2021-03-08', 'YYYY-MM-DD'), 'IVP_033', 'TE_37');
INSERT INTO indi_durchfuehrungen VALUES('IDRF_2150', 9, 9, 1, 90, TO_DATE('2021-03-08', 'YYYY-MM-DD'), 'IVP_033', 'TE_38');
INSERT INTO indi_durchfuehrungen VALUES('IDRF_2151', 9, 8, 1, 90, TO_DATE('2021-03-08', 'YYYY-MM-DD'), 'IVP_033', 'TE_39');
INSERT INTO indi_durchfuehrungen VALUES('IDRF_2152', 7, 1, 1, 0, TO_DATE('2021-08-16', 'YYYY-MM-DD'), 'IVP_033', 'TE_32');
INSERT INTO indi_durchfuehrungen VALUES('IDRF_2153', 9, 9, 3, 90, TO_DATE('2021-08-16', 'YYYY-MM-DD'), 'IVP_033', 'TE_33');
INSERT INTO indi_durchfuehrungen VALUES('IDRF_2154', 10, 10, 3, 90, TO_DATE('2021-08-16', 'YYYY-MM-DD'), 'IVP_033', 'TE_34');
INSERT INTO indi_durchfuehrungen VALUES('IDRF_2155', 9, 8, 1, 120, TO_DATE('2021-08-16', 'YYYY-MM-DD'), 'IVP_033', 'TE_35');
INSERT INTO indi_durchfuehrungen VALUES('IDRF_2156', 7, 11, 2, 90, TO_DATE('2021-08-16', 'YYYY-MM-DD'), 'IVP_033', 'TE_36');
INSERT INTO indi_durchfuehrungen VALUES('IDRF_2157', 6, 10, 3, 60, TO_DATE('2021-08-16', 'YYYY-MM-DD'), 'IVP_033', 'TE_37');
INSERT INTO indi_durchfuehrungen VALUES('IDRF_2158', 7, 8, 2, 120, TO_DATE('2021-08-16', 'YYYY-MM-DD'), 'IVP_033', 'TE_38');
INSERT INTO indi_durchfuehrungen VALUES('IDRF_2159', 7, 9, 1, 120, TO_DATE('2021-08-16', 'YYYY-MM-DD'), 'IVP_033', 'TE_39');
INSERT INTO indi_durchfuehrungen VALUES('IDRF_2160', 7, 1, 1, 0, TO_DATE('2021-07-05', 'YYYY-MM-DD'), 'IVP_033', 'TE_32');
INSERT INTO indi_durchfuehrungen VALUES('IDRF_2161', 6, 9, 2, 60, TO_DATE('2021-07-05', 'YYYY-MM-DD'), 'IVP_033', 'TE_33');
INSERT INTO indi_durchfuehrungen VALUES('IDRF_2162', 9, 11, 3, 120, TO_DATE('2021-07-05', 'YYYY-MM-DD'), 'IVP_033', 'TE_34');
INSERT INTO indi_durchfuehrungen VALUES('IDRF_2163', 8, 10, 2, 120, TO_DATE('2021-07-05', 'YYYY-MM-DD'), 'IVP_033', 'TE_35');
INSERT INTO indi_durchfuehrungen VALUES('IDRF_2164', 5, 11, 1, 120, TO_DATE('2021-07-05', 'YYYY-MM-DD'), 'IVP_033', 'TE_36');
INSERT INTO indi_durchfuehrungen VALUES('IDRF_2165', 8, 10, 1, 120, TO_DATE('2021-07-05', 'YYYY-MM-DD'), 'IVP_033', 'TE_37');
INSERT INTO indi_durchfuehrungen VALUES('IDRF_2166', 6, 10, 3, 120, TO_DATE('2021-07-05', 'YYYY-MM-DD'), 'IVP_033', 'TE_38');
INSERT INTO indi_durchfuehrungen VALUES('IDRF_2167', 10, 11, 3, 120, TO_DATE('2021-07-05', 'YYYY-MM-DD'), 'IVP_033', 'TE_39');
INSERT INTO indi_durchfuehrungen VALUES('IDRF_2168', 7, 1, 1, 0, TO_DATE('2021-12-20', 'YYYY-MM-DD'), 'IVP_033', 'TE_32');
INSERT INTO indi_durchfuehrungen VALUES('IDRF_2169', 9, 9, 1, 60, TO_DATE('2021-12-20', 'YYYY-MM-DD'), 'IVP_033', 'TE_33');
INSERT INTO indi_durchfuehrungen VALUES('IDRF_2170', 9, 9, 2, 60, TO_DATE('2021-12-20', 'YYYY-MM-DD'), 'IVP_033', 'TE_34');
INSERT INTO indi_durchfuehrungen VALUES('IDRF_2171', 8, 8, 1, 90, TO_DATE('2021-12-20', 'YYYY-MM-DD'), 'IVP_033', 'TE_35');
INSERT INTO indi_durchfuehrungen VALUES('IDRF_2172', 5, 11, 1, 120, TO_DATE('2021-12-20', 'YYYY-MM-DD'), 'IVP_033', 'TE_36');
INSERT INTO indi_durchfuehrungen VALUES('IDRF_2173', 9, 9, 2, 60, TO_DATE('2021-12-20', 'YYYY-MM-DD'), 'IVP_033', 'TE_37');
INSERT INTO indi_durchfuehrungen VALUES('IDRF_2174', 9, 8, 1, 90, TO_DATE('2021-12-20', 'YYYY-MM-DD'), 'IVP_033', 'TE_38');
INSERT INTO indi_durchfuehrungen VALUES('IDRF_2175', 7, 9, 1, 120, TO_DATE('2021-12-20', 'YYYY-MM-DD'), 'IVP_033', 'TE_39');
INSERT INTO indi_durchfuehrungen VALUES('IDRF_2176', 7, 1, 1, 0, TO_DATE('2021-08-05', 'YYYY-MM-DD'), 'IVP_034', 'TE_21');
INSERT INTO indi_durchfuehrungen VALUES('IDRF_2177', 5, 10, 3, 90, TO_DATE('2021-08-05', 'YYYY-MM-DD'), 'IVP_034', 'TE_22');
INSERT INTO indi_durchfuehrungen VALUES('IDRF_2178', 8, 8, 3, 90, TO_DATE('2021-08-05', 'YYYY-MM-DD'), 'IVP_034', 'TE_23');
INSERT INTO indi_durchfuehrungen VALUES('IDRF_2179', 5, 9, 3, 60, TO_DATE('2021-08-05', 'YYYY-MM-DD'), 'IVP_034', 'TE_24');
INSERT INTO indi_durchfuehrungen VALUES('IDRF_2180', 7, 11, 3, 120, TO_DATE('2021-08-05', 'YYYY-MM-DD'), 'IVP_034', 'TE_25');
INSERT INTO indi_durchfuehrungen VALUES('IDRF_2181', 6, 10, 1, 60, TO_DATE('2021-08-05', 'YYYY-MM-DD'), 'IVP_034', 'TE_26');
INSERT INTO indi_durchfuehrungen VALUES('IDRF_2182', 9, 11, 3, 90, TO_DATE('2021-08-05', 'YYYY-MM-DD'), 'IVP_034', 'TE_27');
INSERT INTO indi_durchfuehrungen VALUES('IDRF_2183', 7, 1, 1, 0, TO_DATE('2021-08-05', 'YYYY-MM-DD'), 'IVP_034', 'TE_28');
INSERT INTO indi_durchfuehrungen VALUES('IDRF_2184', 7, 1, 1, 0, TO_DATE('2021-11-03', 'YYYY-MM-DD'), 'IVP_034', 'TE_21');
INSERT INTO indi_durchfuehrungen VALUES('IDRF_2185', 7, 9, 1, 60, TO_DATE('2021-11-03', 'YYYY-MM-DD'), 'IVP_034', 'TE_22');
INSERT INTO indi_durchfuehrungen VALUES('IDRF_2186', 7, 10, 2, 120, TO_DATE('2021-11-03', 'YYYY-MM-DD'), 'IVP_034', 'TE_23');
INSERT INTO indi_durchfuehrungen VALUES('IDRF_2187', 6, 11, 3, 60, TO_DATE('2021-11-03', 'YYYY-MM-DD'), 'IVP_034', 'TE_24');
INSERT INTO indi_durchfuehrungen VALUES('IDRF_2188', 9, 10, 1, 90, TO_DATE('2021-11-03', 'YYYY-MM-DD'), 'IVP_034', 'TE_25');
INSERT INTO indi_durchfuehrungen VALUES('IDRF_2189', 8, 9, 2, 90, TO_DATE('2021-11-03', 'YYYY-MM-DD'), 'IVP_034', 'TE_26');
INSERT INTO indi_durchfuehrungen VALUES('IDRF_2190', 5, 11, 2, 90, TO_DATE('2021-11-03', 'YYYY-MM-DD'), 'IVP_034', 'TE_27');
INSERT INTO indi_durchfuehrungen VALUES('IDRF_2191', 7, 1, 1, 0, TO_DATE('2021-11-03', 'YYYY-MM-DD'), 'IVP_034', 'TE_28');
INSERT INTO indi_durchfuehrungen VALUES('IDRF_2192', 7, 1, 1, 0, TO_DATE('2021-02-07', 'YYYY-MM-DD'), 'IVP_034', 'TE_21');
INSERT INTO indi_durchfuehrungen VALUES('IDRF_2193', 10, 9, 3, 60, TO_DATE('2021-02-07', 'YYYY-MM-DD'), 'IVP_034', 'TE_22');
INSERT INTO indi_durchfuehrungen VALUES('IDRF_2194', 7, 10, 1, 60, TO_DATE('2021-02-07', 'YYYY-MM-DD'), 'IVP_034', 'TE_23');
INSERT INTO indi_durchfuehrungen VALUES('IDRF_2195', 6, 9, 2, 120, TO_DATE('2021-02-07', 'YYYY-MM-DD'), 'IVP_034', 'TE_24');
INSERT INTO indi_durchfuehrungen VALUES('IDRF_2196', 9, 8, 2, 90, TO_DATE('2021-02-07', 'YYYY-MM-DD'), 'IVP_034', 'TE_25');
INSERT INTO indi_durchfuehrungen VALUES('IDRF_2197', 5, 8, 2, 90, TO_DATE('2021-02-07', 'YYYY-MM-DD'), 'IVP_034', 'TE_26');
INSERT INTO indi_durchfuehrungen VALUES('IDRF_2198', 5, 10, 3, 90, TO_DATE('2021-02-07', 'YYYY-MM-DD'), 'IVP_034', 'TE_27');
INSERT INTO indi_durchfuehrungen VALUES('IDRF_2199', 7, 1, 1, 0, TO_DATE('2021-02-07', 'YYYY-MM-DD'), 'IVP_034', 'TE_28');
INSERT INTO indi_durchfuehrungen VALUES('IDRF_2200', 7, 1, 1, 0, TO_DATE('2021-07-23', 'YYYY-MM-DD'), 'IVP_034', 'TE_21');
INSERT INTO indi_durchfuehrungen VALUES('IDRF_2201', 6, 10, 1, 120, TO_DATE('2021-07-23', 'YYYY-MM-DD'), 'IVP_034', 'TE_22');
INSERT INTO indi_durchfuehrungen VALUES('IDRF_2202', 7, 8, 2, 120, TO_DATE('2021-07-23', 'YYYY-MM-DD'), 'IVP_034', 'TE_23');
INSERT INTO indi_durchfuehrungen VALUES('IDRF_2203', 6, 11, 2, 120, TO_DATE('2021-07-23', 'YYYY-MM-DD'), 'IVP_034', 'TE_24');
INSERT INTO indi_durchfuehrungen VALUES('IDRF_2204', 8, 10, 1, 60, TO_DATE('2021-07-23', 'YYYY-MM-DD'), 'IVP_034', 'TE_25');
INSERT INTO indi_durchfuehrungen VALUES('IDRF_2205', 5, 9, 3, 60, TO_DATE('2021-07-23', 'YYYY-MM-DD'), 'IVP_034', 'TE_26');
INSERT INTO indi_durchfuehrungen VALUES('IDRF_2206', 7, 9, 2, 60, TO_DATE('2021-07-23', 'YYYY-MM-DD'), 'IVP_034', 'TE_27');
INSERT INTO indi_durchfuehrungen VALUES('IDRF_2207', 7, 1, 1, 0, TO_DATE('2021-07-23', 'YYYY-MM-DD'), 'IVP_034', 'TE_28');
INSERT INTO indi_durchfuehrungen VALUES('IDRF_2208', 7, 1, 1, 0, TO_DATE('2021-03-25', 'YYYY-MM-DD'), 'IVP_034', 'TE_21');
INSERT INTO indi_durchfuehrungen VALUES('IDRF_2209', 7, 10, 2, 60, TO_DATE('2021-03-25', 'YYYY-MM-DD'), 'IVP_034', 'TE_22');
INSERT INTO indi_durchfuehrungen VALUES('IDRF_2210', 5, 10, 1, 60, TO_DATE('2021-03-25', 'YYYY-MM-DD'), 'IVP_034', 'TE_23');
INSERT INTO indi_durchfuehrungen VALUES('IDRF_2211', 10, 9, 3, 120, TO_DATE('2021-03-25', 'YYYY-MM-DD'), 'IVP_034', 'TE_24');
INSERT INTO indi_durchfuehrungen VALUES('IDRF_2212', 9, 10, 2, 60, TO_DATE('2021-03-25', 'YYYY-MM-DD'), 'IVP_034', 'TE_25');
INSERT INTO indi_durchfuehrungen VALUES('IDRF_2213', 5, 10, 1, 60, TO_DATE('2021-03-25', 'YYYY-MM-DD'), 'IVP_034', 'TE_26');
INSERT INTO indi_durchfuehrungen VALUES('IDRF_2214', 10, 10, 3, 120, TO_DATE('2021-03-25', 'YYYY-MM-DD'), 'IVP_034', 'TE_27');
INSERT INTO indi_durchfuehrungen VALUES('IDRF_2215', 7, 1, 1, 0, TO_DATE('2021-03-25', 'YYYY-MM-DD'), 'IVP_034', 'TE_28');
INSERT INTO indi_durchfuehrungen VALUES('IDRF_2216', 7, 1, 1, 0, TO_DATE('2021-10-25', 'YYYY-MM-DD'), 'IVP_034', 'TE_21');
INSERT INTO indi_durchfuehrungen VALUES('IDRF_2217', 9, 8, 1, 90, TO_DATE('2021-10-25', 'YYYY-MM-DD'), 'IVP_034', 'TE_22');
INSERT INTO indi_durchfuehrungen VALUES('IDRF_2218', 7, 10, 1, 60, TO_DATE('2021-10-25', 'YYYY-MM-DD'), 'IVP_034', 'TE_23');
INSERT INTO indi_durchfuehrungen VALUES('IDRF_2219', 7, 11, 2, 60, TO_DATE('2021-10-25', 'YYYY-MM-DD'), 'IVP_034', 'TE_24');
INSERT INTO indi_durchfuehrungen VALUES('IDRF_2220', 5, 11, 2, 60, TO_DATE('2021-10-25', 'YYYY-MM-DD'), 'IVP_034', 'TE_25');
INSERT INTO indi_durchfuehrungen VALUES('IDRF_2221', 7, 9, 1, 60, TO_DATE('2021-10-25', 'YYYY-MM-DD'), 'IVP_034', 'TE_26');
INSERT INTO indi_durchfuehrungen VALUES('IDRF_2222', 5, 9, 3, 90, TO_DATE('2021-10-25', 'YYYY-MM-DD'), 'IVP_034', 'TE_27');
INSERT INTO indi_durchfuehrungen VALUES('IDRF_2223', 7, 1, 1, 0, TO_DATE('2021-10-25', 'YYYY-MM-DD'), 'IVP_034', 'TE_28');
INSERT INTO indi_durchfuehrungen VALUES('IDRF_2224', 7, 1, 1, 0, TO_DATE('2021-01-19', 'YYYY-MM-DD'), 'IVP_034', 'TE_21');
INSERT INTO indi_durchfuehrungen VALUES('IDRF_2225', 7, 11, 2, 90, TO_DATE('2021-01-19', 'YYYY-MM-DD'), 'IVP_034', 'TE_22');
INSERT INTO indi_durchfuehrungen VALUES('IDRF_2226', 7, 11, 1, 120, TO_DATE('2021-01-19', 'YYYY-MM-DD'), 'IVP_034', 'TE_23');
INSERT INTO indi_durchfuehrungen VALUES('IDRF_2227', 6, 9, 1, 60, TO_DATE('2021-01-19', 'YYYY-MM-DD'), 'IVP_034', 'TE_24');
INSERT INTO indi_durchfuehrungen VALUES('IDRF_2228', 9, 11, 1, 60, TO_DATE('2021-01-19', 'YYYY-MM-DD'), 'IVP_034', 'TE_25');
INSERT INTO indi_durchfuehrungen VALUES('IDRF_2229', 5, 10, 3, 120, TO_DATE('2021-01-19', 'YYYY-MM-DD'), 'IVP_034', 'TE_26');
INSERT INTO indi_durchfuehrungen VALUES('IDRF_2230', 9, 9, 1, 90, TO_DATE('2021-01-19', 'YYYY-MM-DD'), 'IVP_034', 'TE_27');
INSERT INTO indi_durchfuehrungen VALUES('IDRF_2231', 7, 1, 1, 0, TO_DATE('2021-01-19', 'YYYY-MM-DD'), 'IVP_034', 'TE_28');
INSERT INTO indi_durchfuehrungen VALUES('IDRF_2232', 7, 1, 1, 0, TO_DATE('2021-05-17', 'YYYY-MM-DD'), 'IVP_034', 'TE_21');
INSERT INTO indi_durchfuehrungen VALUES('IDRF_2233', 7, 10, 3, 120, TO_DATE('2021-05-17', 'YYYY-MM-DD'), 'IVP_034', 'TE_22');
INSERT INTO indi_durchfuehrungen VALUES('IDRF_2234', 8, 10, 3, 90, TO_DATE('2021-05-17', 'YYYY-MM-DD'), 'IVP_034', 'TE_23');
INSERT INTO indi_durchfuehrungen VALUES('IDRF_2235', 10, 10, 2, 60, TO_DATE('2021-05-17', 'YYYY-MM-DD'), 'IVP_034', 'TE_24');
INSERT INTO indi_durchfuehrungen VALUES('IDRF_2236', 5, 9, 2, 120, TO_DATE('2021-05-17', 'YYYY-MM-DD'), 'IVP_034', 'TE_25');
INSERT INTO indi_durchfuehrungen VALUES('IDRF_2237', 10, 11, 1, 90, TO_DATE('2021-05-17', 'YYYY-MM-DD'), 'IVP_034', 'TE_26');
INSERT INTO indi_durchfuehrungen VALUES('IDRF_2238', 5, 10, 1, 120, TO_DATE('2021-05-17', 'YYYY-MM-DD'), 'IVP_034', 'TE_27');
INSERT INTO indi_durchfuehrungen VALUES('IDRF_2239', 7, 1, 1, 0, TO_DATE('2021-05-17', 'YYYY-MM-DD'), 'IVP_034', 'TE_28');
INSERT INTO indi_durchfuehrungen VALUES('IDRF_2240', 7, 1, 1, 0, TO_DATE('2021-07-28', 'YYYY-MM-DD'), 'IVP_035', 'TE_32');
INSERT INTO indi_durchfuehrungen VALUES('IDRF_2241', 8, 9, 2, 120, TO_DATE('2021-07-28', 'YYYY-MM-DD'), 'IVP_035', 'TE_33');
INSERT INTO indi_durchfuehrungen VALUES('IDRF_2242', 5, 8, 1, 120, TO_DATE('2021-07-28', 'YYYY-MM-DD'), 'IVP_035', 'TE_34');
INSERT INTO indi_durchfuehrungen VALUES('IDRF_2243', 7, 10, 2, 120, TO_DATE('2021-07-28', 'YYYY-MM-DD'), 'IVP_035', 'TE_35');
INSERT INTO indi_durchfuehrungen VALUES('IDRF_2244', 8, 10, 2, 60, TO_DATE('2021-07-28', 'YYYY-MM-DD'), 'IVP_035', 'TE_36');
INSERT INTO indi_durchfuehrungen VALUES('IDRF_2245', 7, 9, 1, 120, TO_DATE('2021-07-28', 'YYYY-MM-DD'), 'IVP_035', 'TE_37');
INSERT INTO indi_durchfuehrungen VALUES('IDRF_2246', 7, 8, 3, 60, TO_DATE('2021-07-28', 'YYYY-MM-DD'), 'IVP_035', 'TE_38');
INSERT INTO indi_durchfuehrungen VALUES('IDRF_2247', 8, 8, 2, 60, TO_DATE('2021-07-28', 'YYYY-MM-DD'), 'IVP_035', 'TE_39');
INSERT INTO indi_durchfuehrungen VALUES('IDRF_2248', 7, 1, 1, 0, TO_DATE('2021-02-27', 'YYYY-MM-DD'), 'IVP_035', 'TE_32');
INSERT INTO indi_durchfuehrungen VALUES('IDRF_2249', 9, 10, 1, 90, TO_DATE('2021-02-27', 'YYYY-MM-DD'), 'IVP_035', 'TE_33');
INSERT INTO indi_durchfuehrungen VALUES('IDRF_2250', 9, 10, 3, 120, TO_DATE('2021-02-27', 'YYYY-MM-DD'), 'IVP_035', 'TE_34');
INSERT INTO indi_durchfuehrungen VALUES('IDRF_2251', 10, 8, 3, 90, TO_DATE('2021-02-27', 'YYYY-MM-DD'), 'IVP_035', 'TE_35');
INSERT INTO indi_durchfuehrungen VALUES('IDRF_2252', 9, 10, 1, 90, TO_DATE('2021-02-27', 'YYYY-MM-DD'), 'IVP_035', 'TE_36');
INSERT INTO indi_durchfuehrungen VALUES('IDRF_2253', 10, 10, 2, 120, TO_DATE('2021-02-27', 'YYYY-MM-DD'), 'IVP_035', 'TE_37');
INSERT INTO indi_durchfuehrungen VALUES('IDRF_2254', 8, 11, 3, 120, TO_DATE('2021-02-27', 'YYYY-MM-DD'), 'IVP_035', 'TE_38');
INSERT INTO indi_durchfuehrungen VALUES('IDRF_2255', 5, 10, 3, 60, TO_DATE('2021-02-27', 'YYYY-MM-DD'), 'IVP_035', 'TE_39');
INSERT INTO indi_durchfuehrungen VALUES('IDRF_2256', 7, 1, 1, 0, TO_DATE('2021-11-08', 'YYYY-MM-DD'), 'IVP_035', 'TE_32');
INSERT INTO indi_durchfuehrungen VALUES('IDRF_2257', 9, 9, 1, 90, TO_DATE('2021-11-08', 'YYYY-MM-DD'), 'IVP_035', 'TE_33');
INSERT INTO indi_durchfuehrungen VALUES('IDRF_2258', 5, 10, 1, 120, TO_DATE('2021-11-08', 'YYYY-MM-DD'), 'IVP_035', 'TE_34');
INSERT INTO indi_durchfuehrungen VALUES('IDRF_2259', 8, 9, 2, 60, TO_DATE('2021-11-08', 'YYYY-MM-DD'), 'IVP_035', 'TE_35');
INSERT INTO indi_durchfuehrungen VALUES('IDRF_2260', 8, 11, 1, 90, TO_DATE('2021-11-08', 'YYYY-MM-DD'), 'IVP_035', 'TE_36');
INSERT INTO indi_durchfuehrungen VALUES('IDRF_2261', 8, 11, 3, 60, TO_DATE('2021-11-08', 'YYYY-MM-DD'), 'IVP_035', 'TE_37');
INSERT INTO indi_durchfuehrungen VALUES('IDRF_2262', 10, 10, 1, 60, TO_DATE('2021-11-08', 'YYYY-MM-DD'), 'IVP_035', 'TE_38');
INSERT INTO indi_durchfuehrungen VALUES('IDRF_2263', 10, 11, 1, 60, TO_DATE('2021-11-08', 'YYYY-MM-DD'), 'IVP_035', 'TE_39');
INSERT INTO indi_durchfuehrungen VALUES('IDRF_2264', 7, 1, 1, 0, TO_DATE('2021-02-18', 'YYYY-MM-DD'), 'IVP_035', 'TE_32');
INSERT INTO indi_durchfuehrungen VALUES('IDRF_2265', 5, 10, 3, 90, TO_DATE('2021-02-18', 'YYYY-MM-DD'), 'IVP_035', 'TE_33');
INSERT INTO indi_durchfuehrungen VALUES('IDRF_2266', 9, 10, 3, 90, TO_DATE('2021-02-18', 'YYYY-MM-DD'), 'IVP_035', 'TE_34');
INSERT INTO indi_durchfuehrungen VALUES('IDRF_2267', 10, 11, 2, 60, TO_DATE('2021-02-18', 'YYYY-MM-DD'), 'IVP_035', 'TE_35');
INSERT INTO indi_durchfuehrungen VALUES('IDRF_2268', 10, 11, 1, 120, TO_DATE('2021-02-18', 'YYYY-MM-DD'), 'IVP_035', 'TE_36');
INSERT INTO indi_durchfuehrungen VALUES('IDRF_2269', 7, 8, 2, 60, TO_DATE('2021-02-18', 'YYYY-MM-DD'), 'IVP_035', 'TE_37');
INSERT INTO indi_durchfuehrungen VALUES('IDRF_2270', 6, 10, 1, 90, TO_DATE('2021-02-18', 'YYYY-MM-DD'), 'IVP_035', 'TE_38');
INSERT INTO indi_durchfuehrungen VALUES('IDRF_2271', 7, 10, 1, 90, TO_DATE('2021-02-18', 'YYYY-MM-DD'), 'IVP_035', 'TE_39');
INSERT INTO indi_durchfuehrungen VALUES('IDRF_2272', 7, 1, 1, 0, TO_DATE('2021-12-08', 'YYYY-MM-DD'), 'IVP_035', 'TE_32');
INSERT INTO indi_durchfuehrungen VALUES('IDRF_2273', 9, 8, 3, 120, TO_DATE('2021-12-08', 'YYYY-MM-DD'), 'IVP_035', 'TE_33');
INSERT INTO indi_durchfuehrungen VALUES('IDRF_2274', 10, 11, 3, 120, TO_DATE('2021-12-08', 'YYYY-MM-DD'), 'IVP_035', 'TE_34');
INSERT INTO indi_durchfuehrungen VALUES('IDRF_2275', 5, 10, 2, 120, TO_DATE('2021-12-08', 'YYYY-MM-DD'), 'IVP_035', 'TE_35');
INSERT INTO indi_durchfuehrungen VALUES('IDRF_2276', 7, 8, 3, 120, TO_DATE('2021-12-08', 'YYYY-MM-DD'), 'IVP_035', 'TE_36');
INSERT INTO indi_durchfuehrungen VALUES('IDRF_2277', 8, 11, 3, 120, TO_DATE('2021-12-08', 'YYYY-MM-DD'), 'IVP_035', 'TE_37');
INSERT INTO indi_durchfuehrungen VALUES('IDRF_2278', 5, 11, 3, 90, TO_DATE('2021-12-08', 'YYYY-MM-DD'), 'IVP_035', 'TE_38');
INSERT INTO indi_durchfuehrungen VALUES('IDRF_2279', 9, 9, 1, 120, TO_DATE('2021-12-08', 'YYYY-MM-DD'), 'IVP_035', 'TE_39');
INSERT INTO indi_durchfuehrungen VALUES('IDRF_2280', 7, 1, 1, 0, TO_DATE('2021-05-21', 'YYYY-MM-DD'), 'IVP_035', 'TE_32');
INSERT INTO indi_durchfuehrungen VALUES('IDRF_2281', 5, 11, 3, 120, TO_DATE('2021-05-21', 'YYYY-MM-DD'), 'IVP_035', 'TE_33');
INSERT INTO indi_durchfuehrungen VALUES('IDRF_2282', 6, 9, 3, 60, TO_DATE('2021-05-21', 'YYYY-MM-DD'), 'IVP_035', 'TE_34');
INSERT INTO indi_durchfuehrungen VALUES('IDRF_2283', 8, 10, 3, 120, TO_DATE('2021-05-21', 'YYYY-MM-DD'), 'IVP_035', 'TE_35');
INSERT INTO indi_durchfuehrungen VALUES('IDRF_2284', 10, 8, 3, 90, TO_DATE('2021-05-21', 'YYYY-MM-DD'), 'IVP_035', 'TE_36');
INSERT INTO indi_durchfuehrungen VALUES('IDRF_2285', 8, 10, 1, 120, TO_DATE('2021-05-21', 'YYYY-MM-DD'), 'IVP_035', 'TE_37');
INSERT INTO indi_durchfuehrungen VALUES('IDRF_2286', 8, 11, 1, 60, TO_DATE('2021-05-21', 'YYYY-MM-DD'), 'IVP_035', 'TE_38');
INSERT INTO indi_durchfuehrungen VALUES('IDRF_2287', 6, 10, 3, 60, TO_DATE('2021-05-21', 'YYYY-MM-DD'), 'IVP_035', 'TE_39');
INSERT INTO indi_durchfuehrungen VALUES('IDRF_2288', 7, 1, 1, 0, TO_DATE('2021-05-08', 'YYYY-MM-DD'), 'IVP_035', 'TE_32');
INSERT INTO indi_durchfuehrungen VALUES('IDRF_2289', 9, 11, 1, 90, TO_DATE('2021-05-08', 'YYYY-MM-DD'), 'IVP_035', 'TE_33');
INSERT INTO indi_durchfuehrungen VALUES('IDRF_2290', 10, 10, 1, 120, TO_DATE('2021-05-08', 'YYYY-MM-DD'), 'IVP_035', 'TE_34');
INSERT INTO indi_durchfuehrungen VALUES('IDRF_2291', 10, 11, 2, 120, TO_DATE('2021-05-08', 'YYYY-MM-DD'), 'IVP_035', 'TE_35');
INSERT INTO indi_durchfuehrungen VALUES('IDRF_2292', 9, 10, 1, 120, TO_DATE('2021-05-08', 'YYYY-MM-DD'), 'IVP_035', 'TE_36');
INSERT INTO indi_durchfuehrungen VALUES('IDRF_2293', 8, 9, 1, 60, TO_DATE('2021-05-08', 'YYYY-MM-DD'), 'IVP_035', 'TE_37');
INSERT INTO indi_durchfuehrungen VALUES('IDRF_2294', 7, 9, 2, 60, TO_DATE('2021-05-08', 'YYYY-MM-DD'), 'IVP_035', 'TE_38');
INSERT INTO indi_durchfuehrungen VALUES('IDRF_2295', 9, 11, 2, 60, TO_DATE('2021-05-08', 'YYYY-MM-DD'), 'IVP_035', 'TE_39');
INSERT INTO indi_durchfuehrungen VALUES('IDRF_2296', 7, 1, 1, 0, TO_DATE('2021-06-20', 'YYYY-MM-DD'), 'IVP_035', 'TE_32');
INSERT INTO indi_durchfuehrungen VALUES('IDRF_2297', 10, 8, 3, 60, TO_DATE('2021-06-20', 'YYYY-MM-DD'), 'IVP_035', 'TE_33');
INSERT INTO indi_durchfuehrungen VALUES('IDRF_2298', 10, 9, 2, 60, TO_DATE('2021-06-20', 'YYYY-MM-DD'), 'IVP_035', 'TE_34');
INSERT INTO indi_durchfuehrungen VALUES('IDRF_2299', 10, 11, 2, 60, TO_DATE('2021-06-20', 'YYYY-MM-DD'), 'IVP_035', 'TE_35');
INSERT INTO indi_durchfuehrungen VALUES('IDRF_2300', 7, 8, 2, 120, TO_DATE('2021-06-20', 'YYYY-MM-DD'), 'IVP_035', 'TE_36');
INSERT INTO indi_durchfuehrungen VALUES('IDRF_2301', 10, 11, 2, 60, TO_DATE('2021-06-20', 'YYYY-MM-DD'), 'IVP_035', 'TE_37');
INSERT INTO indi_durchfuehrungen VALUES('IDRF_2302', 9, 10, 2, 90, TO_DATE('2021-06-20', 'YYYY-MM-DD'), 'IVP_035', 'TE_38');
INSERT INTO indi_durchfuehrungen VALUES('IDRF_2303', 8, 11, 3, 90, TO_DATE('2021-06-20', 'YYYY-MM-DD'), 'IVP_035', 'TE_39');
INSERT INTO indi_durchfuehrungen VALUES('IDRF_2304', 7, 9, 3, 90, TO_DATE('2021-10-23', 'YYYY-MM-DD'), 'IVP_036', 'TE_16');
INSERT INTO indi_durchfuehrungen VALUES('IDRF_2305', 10, 11, 1, 120, TO_DATE('2021-10-23', 'YYYY-MM-DD'), 'IVP_036', 'TE_17');
INSERT INTO indi_durchfuehrungen VALUES('IDRF_2306', 5, 8, 2, 90, TO_DATE('2021-10-23', 'YYYY-MM-DD'), 'IVP_036', 'TE_18');
INSERT INTO indi_durchfuehrungen VALUES('IDRF_2307', 10, 11, 2, 120, TO_DATE('2021-10-23', 'YYYY-MM-DD'), 'IVP_036', 'TE_19');
INSERT INTO indi_durchfuehrungen VALUES('IDRF_2308', 5, 10, 3, 120, TO_DATE('2021-10-23', 'YYYY-MM-DD'), 'IVP_036', 'TE_20');
INSERT INTO indi_durchfuehrungen VALUES('IDRF_2309', 7, 11, 2, 90, TO_DATE('2021-10-23', 'YYYY-MM-DD'), 'IVP_036', 'TE_29');
INSERT INTO indi_durchfuehrungen VALUES('IDRF_2310', 8, 10, 3, 120, TO_DATE('2021-10-23', 'YYYY-MM-DD'), 'IVP_036', 'TE_30');
INSERT INTO indi_durchfuehrungen VALUES('IDRF_2311', 6, 11, 3, 90, TO_DATE('2021-10-23', 'YYYY-MM-DD'), 'IVP_036', 'TE_31');
INSERT INTO indi_durchfuehrungen VALUES('IDRF_2312', 9, 10, 1, 60, TO_DATE('2021-09-23', 'YYYY-MM-DD'), 'IVP_036', 'TE_16');
INSERT INTO indi_durchfuehrungen VALUES('IDRF_2313', 9, 9, 1, 60, TO_DATE('2021-09-23', 'YYYY-MM-DD'), 'IVP_036', 'TE_17');
INSERT INTO indi_durchfuehrungen VALUES('IDRF_2314', 5, 8, 2, 60, TO_DATE('2021-09-23', 'YYYY-MM-DD'), 'IVP_036', 'TE_18');
INSERT INTO indi_durchfuehrungen VALUES('IDRF_2315', 10, 8, 1, 120, TO_DATE('2021-09-23', 'YYYY-MM-DD'), 'IVP_036', 'TE_19');
INSERT INTO indi_durchfuehrungen VALUES('IDRF_2316', 7, 9, 2, 90, TO_DATE('2021-09-23', 'YYYY-MM-DD'), 'IVP_036', 'TE_20');
INSERT INTO indi_durchfuehrungen VALUES('IDRF_2317', 10, 11, 1, 90, TO_DATE('2021-09-23', 'YYYY-MM-DD'), 'IVP_036', 'TE_29');
INSERT INTO indi_durchfuehrungen VALUES('IDRF_2318', 9, 11, 3, 120, TO_DATE('2021-09-23', 'YYYY-MM-DD'), 'IVP_036', 'TE_30');
INSERT INTO indi_durchfuehrungen VALUES('IDRF_2319', 5, 10, 1, 120, TO_DATE('2021-09-23', 'YYYY-MM-DD'), 'IVP_036', 'TE_31');
INSERT INTO indi_durchfuehrungen VALUES('IDRF_2320', 7, 11, 1, 120, TO_DATE('2021-02-23', 'YYYY-MM-DD'), 'IVP_036', 'TE_16');
INSERT INTO indi_durchfuehrungen VALUES('IDRF_2321', 8, 9, 2, 120, TO_DATE('2021-02-23', 'YYYY-MM-DD'), 'IVP_036', 'TE_17');
INSERT INTO indi_durchfuehrungen VALUES('IDRF_2322', 9, 9, 1, 60, TO_DATE('2021-02-23', 'YYYY-MM-DD'), 'IVP_036', 'TE_18');
INSERT INTO indi_durchfuehrungen VALUES('IDRF_2323', 9, 11, 1, 60, TO_DATE('2021-02-23', 'YYYY-MM-DD'), 'IVP_036', 'TE_19');
INSERT INTO indi_durchfuehrungen VALUES('IDRF_2324', 5, 9, 3, 60, TO_DATE('2021-02-23', 'YYYY-MM-DD'), 'IVP_036', 'TE_20');
INSERT INTO indi_durchfuehrungen VALUES('IDRF_2325', 5, 11, 2, 90, TO_DATE('2021-02-23', 'YYYY-MM-DD'), 'IVP_036', 'TE_29');
INSERT INTO indi_durchfuehrungen VALUES('IDRF_2326', 6, 10, 3, 60, TO_DATE('2021-02-23', 'YYYY-MM-DD'), 'IVP_036', 'TE_30');
INSERT INTO indi_durchfuehrungen VALUES('IDRF_2327', 6, 9, 2, 60, TO_DATE('2021-02-23', 'YYYY-MM-DD'), 'IVP_036', 'TE_31');
INSERT INTO indi_durchfuehrungen VALUES('IDRF_2328', 5, 11, 1, 120, TO_DATE('2021-04-05', 'YYYY-MM-DD'), 'IVP_036', 'TE_16');
INSERT INTO indi_durchfuehrungen VALUES('IDRF_2329', 8, 10, 3, 120, TO_DATE('2021-04-05', 'YYYY-MM-DD'), 'IVP_036', 'TE_17');
INSERT INTO indi_durchfuehrungen VALUES('IDRF_2330', 10, 8, 2, 120, TO_DATE('2021-04-05', 'YYYY-MM-DD'), 'IVP_036', 'TE_18');
INSERT INTO indi_durchfuehrungen VALUES('IDRF_2331', 6, 11, 2, 60, TO_DATE('2021-04-05', 'YYYY-MM-DD'), 'IVP_036', 'TE_19');
INSERT INTO indi_durchfuehrungen VALUES('IDRF_2332', 6, 11, 1, 60, TO_DATE('2021-04-05', 'YYYY-MM-DD'), 'IVP_036', 'TE_20');
INSERT INTO indi_durchfuehrungen VALUES('IDRF_2333', 7, 8, 1, 90, TO_DATE('2021-04-05', 'YYYY-MM-DD'), 'IVP_036', 'TE_29');
INSERT INTO indi_durchfuehrungen VALUES('IDRF_2334', 10, 8, 3, 90, TO_DATE('2021-04-05', 'YYYY-MM-DD'), 'IVP_036', 'TE_30');
INSERT INTO indi_durchfuehrungen VALUES('IDRF_2335', 6, 11, 3, 90, TO_DATE('2021-04-05', 'YYYY-MM-DD'), 'IVP_036', 'TE_31');
INSERT INTO indi_durchfuehrungen VALUES('IDRF_2336', 5, 10, 3, 90, TO_DATE('2021-12-23', 'YYYY-MM-DD'), 'IVP_036', 'TE_16');
INSERT INTO indi_durchfuehrungen VALUES('IDRF_2337', 9, 8, 2, 120, TO_DATE('2021-12-23', 'YYYY-MM-DD'), 'IVP_036', 'TE_17');
INSERT INTO indi_durchfuehrungen VALUES('IDRF_2338', 8, 8, 2, 60, TO_DATE('2021-12-23', 'YYYY-MM-DD'), 'IVP_036', 'TE_18');
INSERT INTO indi_durchfuehrungen VALUES('IDRF_2339', 7, 10, 3, 120, TO_DATE('2021-12-23', 'YYYY-MM-DD'), 'IVP_036', 'TE_19');
INSERT INTO indi_durchfuehrungen VALUES('IDRF_2340', 5, 11, 2, 120, TO_DATE('2021-12-23', 'YYYY-MM-DD'), 'IVP_036', 'TE_20');
INSERT INTO indi_durchfuehrungen VALUES('IDRF_2341', 7, 8, 3, 120, TO_DATE('2021-12-23', 'YYYY-MM-DD'), 'IVP_036', 'TE_29');
INSERT INTO indi_durchfuehrungen VALUES('IDRF_2342', 5, 9, 3, 60, TO_DATE('2021-12-23', 'YYYY-MM-DD'), 'IVP_036', 'TE_30');
INSERT INTO indi_durchfuehrungen VALUES('IDRF_2343', 10, 11, 3, 60, TO_DATE('2021-12-23', 'YYYY-MM-DD'), 'IVP_036', 'TE_31');
INSERT INTO indi_durchfuehrungen VALUES('IDRF_2344', 6, 10, 1, 90, TO_DATE('2021-07-25', 'YYYY-MM-DD'), 'IVP_036', 'TE_16');
INSERT INTO indi_durchfuehrungen VALUES('IDRF_2345', 6, 10, 3, 120, TO_DATE('2021-07-25', 'YYYY-MM-DD'), 'IVP_036', 'TE_17');
INSERT INTO indi_durchfuehrungen VALUES('IDRF_2346', 10, 9, 2, 60, TO_DATE('2021-07-25', 'YYYY-MM-DD'), 'IVP_036', 'TE_18');
INSERT INTO indi_durchfuehrungen VALUES('IDRF_2347', 10, 10, 2, 90, TO_DATE('2021-07-25', 'YYYY-MM-DD'), 'IVP_036', 'TE_19');
INSERT INTO indi_durchfuehrungen VALUES('IDRF_2348', 10, 11, 2, 60, TO_DATE('2021-07-25', 'YYYY-MM-DD'), 'IVP_036', 'TE_20');
INSERT INTO indi_durchfuehrungen VALUES('IDRF_2349', 10, 9, 1, 120, TO_DATE('2021-07-25', 'YYYY-MM-DD'), 'IVP_036', 'TE_29');
INSERT INTO indi_durchfuehrungen VALUES('IDRF_2350', 8, 10, 1, 120, TO_DATE('2021-07-25', 'YYYY-MM-DD'), 'IVP_036', 'TE_30');
INSERT INTO indi_durchfuehrungen VALUES('IDRF_2351', 7, 8, 1, 120, TO_DATE('2021-07-25', 'YYYY-MM-DD'), 'IVP_036', 'TE_31');
INSERT INTO indi_durchfuehrungen VALUES('IDRF_2352', 9, 8, 1, 90, TO_DATE('2021-07-22', 'YYYY-MM-DD'), 'IVP_036', 'TE_16');
INSERT INTO indi_durchfuehrungen VALUES('IDRF_2353', 5, 8, 2, 90, TO_DATE('2021-07-22', 'YYYY-MM-DD'), 'IVP_036', 'TE_17');
INSERT INTO indi_durchfuehrungen VALUES('IDRF_2354', 5, 9, 1, 120, TO_DATE('2021-07-22', 'YYYY-MM-DD'), 'IVP_036', 'TE_18');
INSERT INTO indi_durchfuehrungen VALUES('IDRF_2355', 8, 8, 2, 60, TO_DATE('2021-07-22', 'YYYY-MM-DD'), 'IVP_036', 'TE_19');
INSERT INTO indi_durchfuehrungen VALUES('IDRF_2356', 9, 10, 2, 60, TO_DATE('2021-07-22', 'YYYY-MM-DD'), 'IVP_036', 'TE_20');
INSERT INTO indi_durchfuehrungen VALUES('IDRF_2357', 9, 10, 3, 120, TO_DATE('2021-07-22', 'YYYY-MM-DD'), 'IVP_036', 'TE_29');
INSERT INTO indi_durchfuehrungen VALUES('IDRF_2358', 5, 9, 3, 120, TO_DATE('2021-07-22', 'YYYY-MM-DD'), 'IVP_036', 'TE_30');
INSERT INTO indi_durchfuehrungen VALUES('IDRF_2359', 9, 10, 1, 120, TO_DATE('2021-07-22', 'YYYY-MM-DD'), 'IVP_036', 'TE_31');
INSERT INTO indi_durchfuehrungen VALUES('IDRF_2360', 8, 11, 3, 60, TO_DATE('2021-04-24', 'YYYY-MM-DD'), 'IVP_036', 'TE_16');
INSERT INTO indi_durchfuehrungen VALUES('IDRF_2361', 9, 10, 3, 120, TO_DATE('2021-04-24', 'YYYY-MM-DD'), 'IVP_036', 'TE_17');
INSERT INTO indi_durchfuehrungen VALUES('IDRF_2362', 5, 9, 1, 90, TO_DATE('2021-04-24', 'YYYY-MM-DD'), 'IVP_036', 'TE_18');
INSERT INTO indi_durchfuehrungen VALUES('IDRF_2363', 9, 9, 1, 120, TO_DATE('2021-04-24', 'YYYY-MM-DD'), 'IVP_036', 'TE_19');
INSERT INTO indi_durchfuehrungen VALUES('IDRF_2364', 8, 8, 2, 60, TO_DATE('2021-04-24', 'YYYY-MM-DD'), 'IVP_036', 'TE_20');
INSERT INTO indi_durchfuehrungen VALUES('IDRF_2365', 8, 10, 1, 120, TO_DATE('2021-04-24', 'YYYY-MM-DD'), 'IVP_036', 'TE_29');
INSERT INTO indi_durchfuehrungen VALUES('IDRF_2366', 8, 11, 2, 90, TO_DATE('2021-04-24', 'YYYY-MM-DD'), 'IVP_036', 'TE_30');
INSERT INTO indi_durchfuehrungen VALUES('IDRF_2367', 7, 9, 1, 90, TO_DATE('2021-04-24', 'YYYY-MM-DD'), 'IVP_036', 'TE_31');
INSERT INTO indi_durchfuehrungen VALUES('IDRF_2368', 8, 10, 1, 60, TO_DATE('2021-02-24', 'YYYY-MM-DD'), 'IVP_037', 'TE_16');
INSERT INTO indi_durchfuehrungen VALUES('IDRF_2369', 5, 11, 1, 90, TO_DATE('2021-02-24', 'YYYY-MM-DD'), 'IVP_037', 'TE_17');
INSERT INTO indi_durchfuehrungen VALUES('IDRF_2370', 8, 10, 3, 120, TO_DATE('2021-02-24', 'YYYY-MM-DD'), 'IVP_037', 'TE_18');
INSERT INTO indi_durchfuehrungen VALUES('IDRF_2371', 5, 9, 2, 60, TO_DATE('2021-02-24', 'YYYY-MM-DD'), 'IVP_037', 'TE_19');
INSERT INTO indi_durchfuehrungen VALUES('IDRF_2372', 9, 10, 1, 90, TO_DATE('2021-02-24', 'YYYY-MM-DD'), 'IVP_037', 'TE_20');
INSERT INTO indi_durchfuehrungen VALUES('IDRF_2373', 6, 8, 3, 90, TO_DATE('2021-02-24', 'YYYY-MM-DD'), 'IVP_037', 'TE_29');
INSERT INTO indi_durchfuehrungen VALUES('IDRF_2374', 10, 10, 3, 120, TO_DATE('2021-02-24', 'YYYY-MM-DD'), 'IVP_037', 'TE_30');
INSERT INTO indi_durchfuehrungen VALUES('IDRF_2375', 6, 8, 2, 120, TO_DATE('2021-02-24', 'YYYY-MM-DD'), 'IVP_037', 'TE_31');
INSERT INTO indi_durchfuehrungen VALUES('IDRF_2376', 8, 10, 2, 60, TO_DATE('2021-11-18', 'YYYY-MM-DD'), 'IVP_037', 'TE_16');
INSERT INTO indi_durchfuehrungen VALUES('IDRF_2377', 6, 11, 3, 90, TO_DATE('2021-11-18', 'YYYY-MM-DD'), 'IVP_037', 'TE_17');
INSERT INTO indi_durchfuehrungen VALUES('IDRF_2378', 7, 8, 1, 60, TO_DATE('2021-11-18', 'YYYY-MM-DD'), 'IVP_037', 'TE_18');
INSERT INTO indi_durchfuehrungen VALUES('IDRF_2379', 8, 11, 1, 90, TO_DATE('2021-11-18', 'YYYY-MM-DD'), 'IVP_037', 'TE_19');
INSERT INTO indi_durchfuehrungen VALUES('IDRF_2380', 5, 11, 2, 90, TO_DATE('2021-11-18', 'YYYY-MM-DD'), 'IVP_037', 'TE_20');
INSERT INTO indi_durchfuehrungen VALUES('IDRF_2381', 10, 10, 1, 120, TO_DATE('2021-11-18', 'YYYY-MM-DD'), 'IVP_037', 'TE_29');
INSERT INTO indi_durchfuehrungen VALUES('IDRF_2382', 8, 11, 3, 120, TO_DATE('2021-11-18', 'YYYY-MM-DD'), 'IVP_037', 'TE_30');
INSERT INTO indi_durchfuehrungen VALUES('IDRF_2383', 6, 8, 3, 60, TO_DATE('2021-11-18', 'YYYY-MM-DD'), 'IVP_037', 'TE_31');
INSERT INTO indi_durchfuehrungen VALUES('IDRF_2384', 6, 8, 3, 60, TO_DATE('2021-11-16', 'YYYY-MM-DD'), 'IVP_037', 'TE_16');
INSERT INTO indi_durchfuehrungen VALUES('IDRF_2385', 9, 9, 1, 90, TO_DATE('2021-11-16', 'YYYY-MM-DD'), 'IVP_037', 'TE_17');
INSERT INTO indi_durchfuehrungen VALUES('IDRF_2386', 5, 11, 2, 120, TO_DATE('2021-11-16', 'YYYY-MM-DD'), 'IVP_037', 'TE_18');
INSERT INTO indi_durchfuehrungen VALUES('IDRF_2387', 8, 10, 2, 90, TO_DATE('2021-11-16', 'YYYY-MM-DD'), 'IVP_037', 'TE_19');
INSERT INTO indi_durchfuehrungen VALUES('IDRF_2388', 8, 11, 2, 120, TO_DATE('2021-11-16', 'YYYY-MM-DD'), 'IVP_037', 'TE_20');
INSERT INTO indi_durchfuehrungen VALUES('IDRF_2389', 6, 8, 2, 90, TO_DATE('2021-11-16', 'YYYY-MM-DD'), 'IVP_037', 'TE_29');
INSERT INTO indi_durchfuehrungen VALUES('IDRF_2390', 6, 11, 3, 90, TO_DATE('2021-11-16', 'YYYY-MM-DD'), 'IVP_037', 'TE_30');
INSERT INTO indi_durchfuehrungen VALUES('IDRF_2391', 8, 9, 1, 120, TO_DATE('2021-11-16', 'YYYY-MM-DD'), 'IVP_037', 'TE_31');
INSERT INTO indi_durchfuehrungen VALUES('IDRF_2392', 5, 9, 3, 60, TO_DATE('2021-09-18', 'YYYY-MM-DD'), 'IVP_037', 'TE_16');
INSERT INTO indi_durchfuehrungen VALUES('IDRF_2393', 6, 11, 2, 60, TO_DATE('2021-09-18', 'YYYY-MM-DD'), 'IVP_037', 'TE_17');
INSERT INTO indi_durchfuehrungen VALUES('IDRF_2394', 5, 10, 1, 90, TO_DATE('2021-09-18', 'YYYY-MM-DD'), 'IVP_037', 'TE_18');
INSERT INTO indi_durchfuehrungen VALUES('IDRF_2395', 7, 9, 2, 60, TO_DATE('2021-09-18', 'YYYY-MM-DD'), 'IVP_037', 'TE_19');
INSERT INTO indi_durchfuehrungen VALUES('IDRF_2396', 8, 8, 3, 60, TO_DATE('2021-09-18', 'YYYY-MM-DD'), 'IVP_037', 'TE_20');
INSERT INTO indi_durchfuehrungen VALUES('IDRF_2397', 6, 10, 2, 120, TO_DATE('2021-09-18', 'YYYY-MM-DD'), 'IVP_037', 'TE_29');
INSERT INTO indi_durchfuehrungen VALUES('IDRF_2398', 7, 10, 3, 60, TO_DATE('2021-09-18', 'YYYY-MM-DD'), 'IVP_037', 'TE_30');
INSERT INTO indi_durchfuehrungen VALUES('IDRF_2399', 8, 8, 2, 120, TO_DATE('2021-09-18', 'YYYY-MM-DD'), 'IVP_037', 'TE_31');
INSERT INTO indi_durchfuehrungen VALUES('IDRF_2400', 7, 8, 1, 120, TO_DATE('2021-03-07', 'YYYY-MM-DD'), 'IVP_037', 'TE_16');
INSERT INTO indi_durchfuehrungen VALUES('IDRF_2401', 7, 8, 3, 60, TO_DATE('2021-03-07', 'YYYY-MM-DD'), 'IVP_037', 'TE_17');
INSERT INTO indi_durchfuehrungen VALUES('IDRF_2402', 8, 11, 3, 90, TO_DATE('2021-03-07', 'YYYY-MM-DD'), 'IVP_037', 'TE_18');
INSERT INTO indi_durchfuehrungen VALUES('IDRF_2403', 5, 9, 2, 90, TO_DATE('2021-03-07', 'YYYY-MM-DD'), 'IVP_037', 'TE_19');
INSERT INTO indi_durchfuehrungen VALUES('IDRF_2404', 8, 11, 3, 120, TO_DATE('2021-03-07', 'YYYY-MM-DD'), 'IVP_037', 'TE_20');
INSERT INTO indi_durchfuehrungen VALUES('IDRF_2405', 5, 10, 1, 60, TO_DATE('2021-03-07', 'YYYY-MM-DD'), 'IVP_037', 'TE_29');
INSERT INTO indi_durchfuehrungen VALUES('IDRF_2406', 5, 11, 1, 60, TO_DATE('2021-03-07', 'YYYY-MM-DD'), 'IVP_037', 'TE_30');
INSERT INTO indi_durchfuehrungen VALUES('IDRF_2407', 6, 10, 3, 120, TO_DATE('2021-03-07', 'YYYY-MM-DD'), 'IVP_037', 'TE_31');
INSERT INTO indi_durchfuehrungen VALUES('IDRF_2408', 7, 11, 1, 90, TO_DATE('2021-06-22', 'YYYY-MM-DD'), 'IVP_037', 'TE_16');
INSERT INTO indi_durchfuehrungen VALUES('IDRF_2409', 5, 9, 1, 120, TO_DATE('2021-06-22', 'YYYY-MM-DD'), 'IVP_037', 'TE_17');
INSERT INTO indi_durchfuehrungen VALUES('IDRF_2410', 8, 9, 2, 60, TO_DATE('2021-06-22', 'YYYY-MM-DD'), 'IVP_037', 'TE_18');
INSERT INTO indi_durchfuehrungen VALUES('IDRF_2411', 10, 8, 1, 90, TO_DATE('2021-06-22', 'YYYY-MM-DD'), 'IVP_037', 'TE_19');
INSERT INTO indi_durchfuehrungen VALUES('IDRF_2412', 6, 11, 2, 120, TO_DATE('2021-06-22', 'YYYY-MM-DD'), 'IVP_037', 'TE_20');
INSERT INTO indi_durchfuehrungen VALUES('IDRF_2413', 6, 11, 1, 90, TO_DATE('2021-06-22', 'YYYY-MM-DD'), 'IVP_037', 'TE_29');
INSERT INTO indi_durchfuehrungen VALUES('IDRF_2414', 10, 8, 2, 120, TO_DATE('2021-06-22', 'YYYY-MM-DD'), 'IVP_037', 'TE_30');
INSERT INTO indi_durchfuehrungen VALUES('IDRF_2415', 6, 8, 2, 60, TO_DATE('2021-06-22', 'YYYY-MM-DD'), 'IVP_037', 'TE_31');
INSERT INTO indi_durchfuehrungen VALUES('IDRF_2416', 8, 9, 3, 120, TO_DATE('2021-06-02', 'YYYY-MM-DD'), 'IVP_037', 'TE_16');
INSERT INTO indi_durchfuehrungen VALUES('IDRF_2417', 6, 8, 3, 90, TO_DATE('2021-06-02', 'YYYY-MM-DD'), 'IVP_037', 'TE_17');
INSERT INTO indi_durchfuehrungen VALUES('IDRF_2418', 5, 11, 3, 90, TO_DATE('2021-06-02', 'YYYY-MM-DD'), 'IVP_037', 'TE_18');
INSERT INTO indi_durchfuehrungen VALUES('IDRF_2419', 10, 11, 1, 90, TO_DATE('2021-06-02', 'YYYY-MM-DD'), 'IVP_037', 'TE_19');
INSERT INTO indi_durchfuehrungen VALUES('IDRF_2420', 10, 10, 2, 120, TO_DATE('2021-06-02', 'YYYY-MM-DD'), 'IVP_037', 'TE_20');
INSERT INTO indi_durchfuehrungen VALUES('IDRF_2421', 9, 10, 2, 90, TO_DATE('2021-06-02', 'YYYY-MM-DD'), 'IVP_037', 'TE_29');
INSERT INTO indi_durchfuehrungen VALUES('IDRF_2422', 7, 8, 2, 90, TO_DATE('2021-06-02', 'YYYY-MM-DD'), 'IVP_037', 'TE_30');
INSERT INTO indi_durchfuehrungen VALUES('IDRF_2423', 10, 11, 1, 120, TO_DATE('2021-06-02', 'YYYY-MM-DD'), 'IVP_037', 'TE_31');
INSERT INTO indi_durchfuehrungen VALUES('IDRF_2424', 9, 8, 2, 120, TO_DATE('2021-03-18', 'YYYY-MM-DD'), 'IVP_037', 'TE_16');
INSERT INTO indi_durchfuehrungen VALUES('IDRF_2425', 5, 9, 3, 60, TO_DATE('2021-03-18', 'YYYY-MM-DD'), 'IVP_037', 'TE_17');
INSERT INTO indi_durchfuehrungen VALUES('IDRF_2426', 6, 9, 3, 60, TO_DATE('2021-03-18', 'YYYY-MM-DD'), 'IVP_037', 'TE_18');
INSERT INTO indi_durchfuehrungen VALUES('IDRF_2427', 10, 10, 2, 120, TO_DATE('2021-03-18', 'YYYY-MM-DD'), 'IVP_037', 'TE_19');
INSERT INTO indi_durchfuehrungen VALUES('IDRF_2428', 5, 9, 3, 120, TO_DATE('2021-03-18', 'YYYY-MM-DD'), 'IVP_037', 'TE_20');
INSERT INTO indi_durchfuehrungen VALUES('IDRF_2429', 9, 9, 1, 90, TO_DATE('2021-03-18', 'YYYY-MM-DD'), 'IVP_037', 'TE_29');
INSERT INTO indi_durchfuehrungen VALUES('IDRF_2430', 10, 9, 3, 90, TO_DATE('2021-03-18', 'YYYY-MM-DD'), 'IVP_037', 'TE_30');
INSERT INTO indi_durchfuehrungen VALUES('IDRF_2431', 7, 9, 1, 120, TO_DATE('2021-03-18', 'YYYY-MM-DD'), 'IVP_037', 'TE_31');
INSERT INTO indi_durchfuehrungen VALUES('IDRF_2432', 7, 1, 1, 0, TO_DATE('2021-10-17', 'YYYY-MM-DD'), 'IVP_038', 'TE_08');
INSERT INTO indi_durchfuehrungen VALUES('IDRF_2433', 5, 11, 1, 60, TO_DATE('2021-10-17', 'YYYY-MM-DD'), 'IVP_038', 'TE_09');
INSERT INTO indi_durchfuehrungen VALUES('IDRF_2434', 9, 8, 3, 90, TO_DATE('2021-10-17', 'YYYY-MM-DD'), 'IVP_038', 'TE_10');
INSERT INTO indi_durchfuehrungen VALUES('IDRF_2435', 7, 8, 1, 90, TO_DATE('2021-10-17', 'YYYY-MM-DD'), 'IVP_038', 'TE_11');
INSERT INTO indi_durchfuehrungen VALUES('IDRF_2436', 6, 11, 2, 90, TO_DATE('2021-10-17', 'YYYY-MM-DD'), 'IVP_038', 'TE_12');
INSERT INTO indi_durchfuehrungen VALUES('IDRF_2437', 7, 8, 2, 90, TO_DATE('2021-10-17', 'YYYY-MM-DD'), 'IVP_038', 'TE_13');
INSERT INTO indi_durchfuehrungen VALUES('IDRF_2438', 6, 10, 3, 120, TO_DATE('2021-10-17', 'YYYY-MM-DD'), 'IVP_038', 'TE_14');
INSERT INTO indi_durchfuehrungen VALUES('IDRF_2439', 7, 1, 1, 0, TO_DATE('2021-10-17', 'YYYY-MM-DD'), 'IVP_038', 'TE_15');
INSERT INTO indi_durchfuehrungen VALUES('IDRF_2440', 7, 1, 1, 0, TO_DATE('2021-11-18', 'YYYY-MM-DD'), 'IVP_038', 'TE_08');
INSERT INTO indi_durchfuehrungen VALUES('IDRF_2441', 10, 11, 2, 60, TO_DATE('2021-11-18', 'YYYY-MM-DD'), 'IVP_038', 'TE_09');
INSERT INTO indi_durchfuehrungen VALUES('IDRF_2442', 5, 8, 3, 90, TO_DATE('2021-11-18', 'YYYY-MM-DD'), 'IVP_038', 'TE_10');
INSERT INTO indi_durchfuehrungen VALUES('IDRF_2443', 5, 11, 3, 120, TO_DATE('2021-11-18', 'YYYY-MM-DD'), 'IVP_038', 'TE_11');
INSERT INTO indi_durchfuehrungen VALUES('IDRF_2444', 6, 8, 3, 60, TO_DATE('2021-11-18', 'YYYY-MM-DD'), 'IVP_038', 'TE_12');
INSERT INTO indi_durchfuehrungen VALUES('IDRF_2445', 8, 10, 2, 60, TO_DATE('2021-11-18', 'YYYY-MM-DD'), 'IVP_038', 'TE_13');
INSERT INTO indi_durchfuehrungen VALUES('IDRF_2446', 6, 8, 3, 90, TO_DATE('2021-11-18', 'YYYY-MM-DD'), 'IVP_038', 'TE_14');
INSERT INTO indi_durchfuehrungen VALUES('IDRF_2447', 7, 1, 1, 0, TO_DATE('2021-11-18', 'YYYY-MM-DD'), 'IVP_038', 'TE_15');
INSERT INTO indi_durchfuehrungen VALUES('IDRF_2448', 7, 1, 1, 0, TO_DATE('2021-01-15', 'YYYY-MM-DD'), 'IVP_038', 'TE_08');
INSERT INTO indi_durchfuehrungen VALUES('IDRF_2449', 10, 11, 3, 60, TO_DATE('2021-01-15', 'YYYY-MM-DD'), 'IVP_038', 'TE_09');
INSERT INTO indi_durchfuehrungen VALUES('IDRF_2450', 8, 11, 3, 120, TO_DATE('2021-01-15', 'YYYY-MM-DD'), 'IVP_038', 'TE_10');
INSERT INTO indi_durchfuehrungen VALUES('IDRF_2451', 6, 8, 2, 90, TO_DATE('2021-01-15', 'YYYY-MM-DD'), 'IVP_038', 'TE_11');
INSERT INTO indi_durchfuehrungen VALUES('IDRF_2452', 8, 11, 2, 90, TO_DATE('2021-01-15', 'YYYY-MM-DD'), 'IVP_038', 'TE_12');
INSERT INTO indi_durchfuehrungen VALUES('IDRF_2453', 5, 9, 1, 90, TO_DATE('2021-01-15', 'YYYY-MM-DD'), 'IVP_038', 'TE_13');
INSERT INTO indi_durchfuehrungen VALUES('IDRF_2454', 9, 8, 1, 90, TO_DATE('2021-01-15', 'YYYY-MM-DD'), 'IVP_038', 'TE_14');
INSERT INTO indi_durchfuehrungen VALUES('IDRF_2455', 7, 1, 1, 0, TO_DATE('2021-01-15', 'YYYY-MM-DD'), 'IVP_038', 'TE_15');
INSERT INTO indi_durchfuehrungen VALUES('IDRF_2456', 7, 1, 1, 0, TO_DATE('2021-10-18', 'YYYY-MM-DD'), 'IVP_038', 'TE_08');
INSERT INTO indi_durchfuehrungen VALUES('IDRF_2457', 8, 10, 1, 60, TO_DATE('2021-10-18', 'YYYY-MM-DD'), 'IVP_038', 'TE_09');
INSERT INTO indi_durchfuehrungen VALUES('IDRF_2458', 5, 10, 3, 90, TO_DATE('2021-10-18', 'YYYY-MM-DD'), 'IVP_038', 'TE_10');
INSERT INTO indi_durchfuehrungen VALUES('IDRF_2459', 10, 9, 3, 90, TO_DATE('2021-10-18', 'YYYY-MM-DD'), 'IVP_038', 'TE_11');
INSERT INTO indi_durchfuehrungen VALUES('IDRF_2460', 8, 11, 2, 60, TO_DATE('2021-10-18', 'YYYY-MM-DD'), 'IVP_038', 'TE_12');
INSERT INTO indi_durchfuehrungen VALUES('IDRF_2461', 5, 10, 1, 60, TO_DATE('2021-10-18', 'YYYY-MM-DD'), 'IVP_038', 'TE_13');
INSERT INTO indi_durchfuehrungen VALUES('IDRF_2462', 5, 10, 1, 60, TO_DATE('2021-10-18', 'YYYY-MM-DD'), 'IVP_038', 'TE_14');
INSERT INTO indi_durchfuehrungen VALUES('IDRF_2463', 7, 1, 1, 0, TO_DATE('2021-10-18', 'YYYY-MM-DD'), 'IVP_038', 'TE_15');
INSERT INTO indi_durchfuehrungen VALUES('IDRF_2464', 7, 1, 1, 0, TO_DATE('2021-11-14', 'YYYY-MM-DD'), 'IVP_038', 'TE_08');
INSERT INTO indi_durchfuehrungen VALUES('IDRF_2465', 5, 8, 3, 60, TO_DATE('2021-11-14', 'YYYY-MM-DD'), 'IVP_038', 'TE_09');
INSERT INTO indi_durchfuehrungen VALUES('IDRF_2466', 5, 9, 3, 60, TO_DATE('2021-11-14', 'YYYY-MM-DD'), 'IVP_038', 'TE_10');
INSERT INTO indi_durchfuehrungen VALUES('IDRF_2467', 9, 8, 3, 90, TO_DATE('2021-11-14', 'YYYY-MM-DD'), 'IVP_038', 'TE_11');
INSERT INTO indi_durchfuehrungen VALUES('IDRF_2468', 9, 8, 3, 90, TO_DATE('2021-11-14', 'YYYY-MM-DD'), 'IVP_038', 'TE_12');
INSERT INTO indi_durchfuehrungen VALUES('IDRF_2469', 7, 10, 2, 120, TO_DATE('2021-11-14', 'YYYY-MM-DD'), 'IVP_038', 'TE_13');
INSERT INTO indi_durchfuehrungen VALUES('IDRF_2470', 6, 10, 2, 60, TO_DATE('2021-11-14', 'YYYY-MM-DD'), 'IVP_038', 'TE_14');
INSERT INTO indi_durchfuehrungen VALUES('IDRF_2471', 7, 1, 1, 0, TO_DATE('2021-11-14', 'YYYY-MM-DD'), 'IVP_038', 'TE_15');
INSERT INTO indi_durchfuehrungen VALUES('IDRF_2472', 7, 1, 1, 0, TO_DATE('2021-09-15', 'YYYY-MM-DD'), 'IVP_038', 'TE_08');
INSERT INTO indi_durchfuehrungen VALUES('IDRF_2473', 6, 9, 1, 90, TO_DATE('2021-09-15', 'YYYY-MM-DD'), 'IVP_038', 'TE_09');
INSERT INTO indi_durchfuehrungen VALUES('IDRF_2474', 9, 8, 1, 120, TO_DATE('2021-09-15', 'YYYY-MM-DD'), 'IVP_038', 'TE_10');
INSERT INTO indi_durchfuehrungen VALUES('IDRF_2475', 7, 11, 2, 120, TO_DATE('2021-09-15', 'YYYY-MM-DD'), 'IVP_038', 'TE_11');
INSERT INTO indi_durchfuehrungen VALUES('IDRF_2476', 5, 8, 2, 120, TO_DATE('2021-09-15', 'YYYY-MM-DD'), 'IVP_038', 'TE_12');
INSERT INTO indi_durchfuehrungen VALUES('IDRF_2477', 5, 11, 2, 120, TO_DATE('2021-09-15', 'YYYY-MM-DD'), 'IVP_038', 'TE_13');
INSERT INTO indi_durchfuehrungen VALUES('IDRF_2478', 7, 8, 1, 90, TO_DATE('2021-09-15', 'YYYY-MM-DD'), 'IVP_038', 'TE_14');
INSERT INTO indi_durchfuehrungen VALUES('IDRF_2479', 7, 1, 1, 0, TO_DATE('2021-09-15', 'YYYY-MM-DD'), 'IVP_038', 'TE_15');
INSERT INTO indi_durchfuehrungen VALUES('IDRF_2480', 7, 1, 1, 0, TO_DATE('2021-08-17', 'YYYY-MM-DD'), 'IVP_038', 'TE_08');
INSERT INTO indi_durchfuehrungen VALUES('IDRF_2481', 9, 10, 2, 60, TO_DATE('2021-08-17', 'YYYY-MM-DD'), 'IVP_038', 'TE_09');
INSERT INTO indi_durchfuehrungen VALUES('IDRF_2482', 6, 10, 1, 120, TO_DATE('2021-08-17', 'YYYY-MM-DD'), 'IVP_038', 'TE_10');
INSERT INTO indi_durchfuehrungen VALUES('IDRF_2483', 9, 8, 1, 120, TO_DATE('2021-08-17', 'YYYY-MM-DD'), 'IVP_038', 'TE_11');
INSERT INTO indi_durchfuehrungen VALUES('IDRF_2484', 9, 10, 3, 60, TO_DATE('2021-08-17', 'YYYY-MM-DD'), 'IVP_038', 'TE_12');
INSERT INTO indi_durchfuehrungen VALUES('IDRF_2485', 8, 10, 3, 60, TO_DATE('2021-08-17', 'YYYY-MM-DD'), 'IVP_038', 'TE_13');
INSERT INTO indi_durchfuehrungen VALUES('IDRF_2486', 10, 11, 2, 120, TO_DATE('2021-08-17', 'YYYY-MM-DD'), 'IVP_038', 'TE_14');
INSERT INTO indi_durchfuehrungen VALUES('IDRF_2487', 7, 1, 1, 0, TO_DATE('2021-08-17', 'YYYY-MM-DD'), 'IVP_038', 'TE_15');
INSERT INTO indi_durchfuehrungen VALUES('IDRF_2488', 7, 1, 1, 0, TO_DATE('2021-06-21', 'YYYY-MM-DD'), 'IVP_038', 'TE_08');
INSERT INTO indi_durchfuehrungen VALUES('IDRF_2489', 7, 9, 2, 60, TO_DATE('2021-06-21', 'YYYY-MM-DD'), 'IVP_038', 'TE_09');
INSERT INTO indi_durchfuehrungen VALUES('IDRF_2490', 5, 10, 3, 60, TO_DATE('2021-06-21', 'YYYY-MM-DD'), 'IVP_038', 'TE_10');
INSERT INTO indi_durchfuehrungen VALUES('IDRF_2491', 8, 9, 1, 60, TO_DATE('2021-06-21', 'YYYY-MM-DD'), 'IVP_038', 'TE_11');
INSERT INTO indi_durchfuehrungen VALUES('IDRF_2492', 7, 10, 3, 90, TO_DATE('2021-06-21', 'YYYY-MM-DD'), 'IVP_038', 'TE_12');
INSERT INTO indi_durchfuehrungen VALUES('IDRF_2493', 5, 10, 1, 60, TO_DATE('2021-06-21', 'YYYY-MM-DD'), 'IVP_038', 'TE_13');
INSERT INTO indi_durchfuehrungen VALUES('IDRF_2494', 5, 10, 1, 90, TO_DATE('2021-06-21', 'YYYY-MM-DD'), 'IVP_038', 'TE_14');
INSERT INTO indi_durchfuehrungen VALUES('IDRF_2495', 7, 1, 1, 0, TO_DATE('2021-06-21', 'YYYY-MM-DD'), 'IVP_038', 'TE_15');
INSERT INTO indi_durchfuehrungen VALUES('IDRF_2496', 7, 1, 1, 0, TO_DATE('2021-11-07', 'YYYY-MM-DD'), 'IVP_039', 'TE_08');
INSERT INTO indi_durchfuehrungen VALUES('IDRF_2497', 6, 8, 1, 60, TO_DATE('2021-11-07', 'YYYY-MM-DD'), 'IVP_039', 'TE_09');
INSERT INTO indi_durchfuehrungen VALUES('IDRF_2498', 5, 11, 1, 120, TO_DATE('2021-11-07', 'YYYY-MM-DD'), 'IVP_039', 'TE_10');
INSERT INTO indi_durchfuehrungen VALUES('IDRF_2499', 7, 11, 1, 90, TO_DATE('2021-11-07', 'YYYY-MM-DD'), 'IVP_039', 'TE_11');
INSERT INTO indi_durchfuehrungen VALUES('IDRF_2500', 8, 8, 2, 60, TO_DATE('2021-11-07', 'YYYY-MM-DD'), 'IVP_039', 'TE_12');
INSERT INTO indi_durchfuehrungen VALUES('IDRF_2501', 7, 11, 1, 120, TO_DATE('2021-11-07', 'YYYY-MM-DD'), 'IVP_039', 'TE_13');
INSERT INTO indi_durchfuehrungen VALUES('IDRF_2502', 6, 8, 2, 90, TO_DATE('2021-11-07', 'YYYY-MM-DD'), 'IVP_039', 'TE_14');
INSERT INTO indi_durchfuehrungen VALUES('IDRF_2503', 7, 1, 1, 0, TO_DATE('2021-11-07', 'YYYY-MM-DD'), 'IVP_039', 'TE_15');
INSERT INTO indi_durchfuehrungen VALUES('IDRF_2504', 7, 1, 1, 0, TO_DATE('2021-11-20', 'YYYY-MM-DD'), 'IVP_039', 'TE_08');
INSERT INTO indi_durchfuehrungen VALUES('IDRF_2505', 7, 8, 3, 90, TO_DATE('2021-11-20', 'YYYY-MM-DD'), 'IVP_039', 'TE_09');
INSERT INTO indi_durchfuehrungen VALUES('IDRF_2506', 6, 11, 3, 90, TO_DATE('2021-11-20', 'YYYY-MM-DD'), 'IVP_039', 'TE_10');
INSERT INTO indi_durchfuehrungen VALUES('IDRF_2507', 9, 11, 2, 60, TO_DATE('2021-11-20', 'YYYY-MM-DD'), 'IVP_039', 'TE_11');
INSERT INTO indi_durchfuehrungen VALUES('IDRF_2508', 9, 9, 1, 90, TO_DATE('2021-11-20', 'YYYY-MM-DD'), 'IVP_039', 'TE_12');
INSERT INTO indi_durchfuehrungen VALUES('IDRF_2509', 7, 8, 3, 90, TO_DATE('2021-11-20', 'YYYY-MM-DD'), 'IVP_039', 'TE_13');
INSERT INTO indi_durchfuehrungen VALUES('IDRF_2510', 7, 10, 3, 60, TO_DATE('2021-11-20', 'YYYY-MM-DD'), 'IVP_039', 'TE_14');
INSERT INTO indi_durchfuehrungen VALUES('IDRF_2511', 7, 1, 1, 0, TO_DATE('2021-11-20', 'YYYY-MM-DD'), 'IVP_039', 'TE_15');
INSERT INTO indi_durchfuehrungen VALUES('IDRF_2512', 7, 1, 1, 0, TO_DATE('2021-08-13', 'YYYY-MM-DD'), 'IVP_039', 'TE_08');
INSERT INTO indi_durchfuehrungen VALUES('IDRF_2513', 5, 10, 1, 90, TO_DATE('2021-08-13', 'YYYY-MM-DD'), 'IVP_039', 'TE_09');
INSERT INTO indi_durchfuehrungen VALUES('IDRF_2514', 8, 9, 1, 90, TO_DATE('2021-08-13', 'YYYY-MM-DD'), 'IVP_039', 'TE_10');
INSERT INTO indi_durchfuehrungen VALUES('IDRF_2515', 6, 10, 1, 120, TO_DATE('2021-08-13', 'YYYY-MM-DD'), 'IVP_039', 'TE_11');
INSERT INTO indi_durchfuehrungen VALUES('IDRF_2516', 10, 9, 2, 120, TO_DATE('2021-08-13', 'YYYY-MM-DD'), 'IVP_039', 'TE_12');
INSERT INTO indi_durchfuehrungen VALUES('IDRF_2517', 10, 8, 3, 60, TO_DATE('2021-08-13', 'YYYY-MM-DD'), 'IVP_039', 'TE_13');
INSERT INTO indi_durchfuehrungen VALUES('IDRF_2518', 6, 8, 3, 60, TO_DATE('2021-08-13', 'YYYY-MM-DD'), 'IVP_039', 'TE_14');
INSERT INTO indi_durchfuehrungen VALUES('IDRF_2519', 7, 1, 1, 0, TO_DATE('2021-08-13', 'YYYY-MM-DD'), 'IVP_039', 'TE_15');
INSERT INTO indi_durchfuehrungen VALUES('IDRF_2520', 7, 1, 1, 0, TO_DATE('2021-03-07', 'YYYY-MM-DD'), 'IVP_039', 'TE_08');
INSERT INTO indi_durchfuehrungen VALUES('IDRF_2521', 10, 8, 1, 120, TO_DATE('2021-03-07', 'YYYY-MM-DD'), 'IVP_039', 'TE_09');
INSERT INTO indi_durchfuehrungen VALUES('IDRF_2522', 5, 11, 3, 120, TO_DATE('2021-03-07', 'YYYY-MM-DD'), 'IVP_039', 'TE_10');
INSERT INTO indi_durchfuehrungen VALUES('IDRF_2523', 8, 10, 2, 60, TO_DATE('2021-03-07', 'YYYY-MM-DD'), 'IVP_039', 'TE_11');
INSERT INTO indi_durchfuehrungen VALUES('IDRF_2524', 6, 10, 3, 90, TO_DATE('2021-03-07', 'YYYY-MM-DD'), 'IVP_039', 'TE_12');
INSERT INTO indi_durchfuehrungen VALUES('IDRF_2525', 6, 10, 3, 90, TO_DATE('2021-03-07', 'YYYY-MM-DD'), 'IVP_039', 'TE_13');
INSERT INTO indi_durchfuehrungen VALUES('IDRF_2526', 5, 8, 3, 120, TO_DATE('2021-03-07', 'YYYY-MM-DD'), 'IVP_039', 'TE_14');
INSERT INTO indi_durchfuehrungen VALUES('IDRF_2527', 7, 1, 1, 0, TO_DATE('2021-03-07', 'YYYY-MM-DD'), 'IVP_039', 'TE_15');
INSERT INTO indi_durchfuehrungen VALUES('IDRF_2528', 7, 1, 1, 0, TO_DATE('2021-04-22', 'YYYY-MM-DD'), 'IVP_039', 'TE_08');
INSERT INTO indi_durchfuehrungen VALUES('IDRF_2529', 6, 9, 3, 90, TO_DATE('2021-04-22', 'YYYY-MM-DD'), 'IVP_039', 'TE_09');
INSERT INTO indi_durchfuehrungen VALUES('IDRF_2530', 8, 8, 2, 120, TO_DATE('2021-04-22', 'YYYY-MM-DD'), 'IVP_039', 'TE_10');
INSERT INTO indi_durchfuehrungen VALUES('IDRF_2531', 6, 11, 1, 60, TO_DATE('2021-04-22', 'YYYY-MM-DD'), 'IVP_039', 'TE_11');
INSERT INTO indi_durchfuehrungen VALUES('IDRF_2532', 7, 11, 3, 120, TO_DATE('2021-04-22', 'YYYY-MM-DD'), 'IVP_039', 'TE_12');
INSERT INTO indi_durchfuehrungen VALUES('IDRF_2533', 7, 10, 2, 120, TO_DATE('2021-04-22', 'YYYY-MM-DD'), 'IVP_039', 'TE_13');
INSERT INTO indi_durchfuehrungen VALUES('IDRF_2534', 8, 9, 1, 120, TO_DATE('2021-04-22', 'YYYY-MM-DD'), 'IVP_039', 'TE_14');
INSERT INTO indi_durchfuehrungen VALUES('IDRF_2535', 7, 1, 1, 0, TO_DATE('2021-04-22', 'YYYY-MM-DD'), 'IVP_039', 'TE_15');
INSERT INTO indi_durchfuehrungen VALUES('IDRF_2536', 7, 1, 1, 0, TO_DATE('2021-11-01', 'YYYY-MM-DD'), 'IVP_039', 'TE_08');
INSERT INTO indi_durchfuehrungen VALUES('IDRF_2537', 8, 11, 2, 60, TO_DATE('2021-11-01', 'YYYY-MM-DD'), 'IVP_039', 'TE_09');
INSERT INTO indi_durchfuehrungen VALUES('IDRF_2538', 9, 10, 3, 60, TO_DATE('2021-11-01', 'YYYY-MM-DD'), 'IVP_039', 'TE_10');
INSERT INTO indi_durchfuehrungen VALUES('IDRF_2539', 6, 10, 3, 90, TO_DATE('2021-11-01', 'YYYY-MM-DD'), 'IVP_039', 'TE_11');
INSERT INTO indi_durchfuehrungen VALUES('IDRF_2540', 6, 11, 1, 60, TO_DATE('2021-11-01', 'YYYY-MM-DD'), 'IVP_039', 'TE_12');
INSERT INTO indi_durchfuehrungen VALUES('IDRF_2541', 8, 8, 1, 90, TO_DATE('2021-11-01', 'YYYY-MM-DD'), 'IVP_039', 'TE_13');
INSERT INTO indi_durchfuehrungen VALUES('IDRF_2542', 7, 8, 1, 60, TO_DATE('2021-11-01', 'YYYY-MM-DD'), 'IVP_039', 'TE_14');
INSERT INTO indi_durchfuehrungen VALUES('IDRF_2543', 7, 1, 1, 0, TO_DATE('2021-11-01', 'YYYY-MM-DD'), 'IVP_039', 'TE_15');
INSERT INTO indi_durchfuehrungen VALUES('IDRF_2544', 7, 1, 1, 0, TO_DATE('2021-01-20', 'YYYY-MM-DD'), 'IVP_039', 'TE_08');
INSERT INTO indi_durchfuehrungen VALUES('IDRF_2545', 9, 10, 3, 90, TO_DATE('2021-01-20', 'YYYY-MM-DD'), 'IVP_039', 'TE_09');
INSERT INTO indi_durchfuehrungen VALUES('IDRF_2546', 6, 9, 1, 120, TO_DATE('2021-01-20', 'YYYY-MM-DD'), 'IVP_039', 'TE_10');
INSERT INTO indi_durchfuehrungen VALUES('IDRF_2547', 5, 10, 1, 120, TO_DATE('2021-01-20', 'YYYY-MM-DD'), 'IVP_039', 'TE_11');
INSERT INTO indi_durchfuehrungen VALUES('IDRF_2548', 7, 9, 1, 60, TO_DATE('2021-01-20', 'YYYY-MM-DD'), 'IVP_039', 'TE_12');
INSERT INTO indi_durchfuehrungen VALUES('IDRF_2549', 8, 10, 1, 60, TO_DATE('2021-01-20', 'YYYY-MM-DD'), 'IVP_039', 'TE_13');
INSERT INTO indi_durchfuehrungen VALUES('IDRF_2550', 7, 11, 2, 120, TO_DATE('2021-01-20', 'YYYY-MM-DD'), 'IVP_039', 'TE_14');
INSERT INTO indi_durchfuehrungen VALUES('IDRF_2551', 7, 1, 1, 0, TO_DATE('2021-01-20', 'YYYY-MM-DD'), 'IVP_039', 'TE_15');
INSERT INTO indi_durchfuehrungen VALUES('IDRF_2552', 7, 1, 1, 0, TO_DATE('2021-11-03', 'YYYY-MM-DD'), 'IVP_039', 'TE_08');
INSERT INTO indi_durchfuehrungen VALUES('IDRF_2553', 8, 11, 1, 120, TO_DATE('2021-11-03', 'YYYY-MM-DD'), 'IVP_039', 'TE_09');
INSERT INTO indi_durchfuehrungen VALUES('IDRF_2554', 10, 9, 1, 90, TO_DATE('2021-11-03', 'YYYY-MM-DD'), 'IVP_039', 'TE_10');
INSERT INTO indi_durchfuehrungen VALUES('IDRF_2555', 9, 11, 2, 120, TO_DATE('2021-11-03', 'YYYY-MM-DD'), 'IVP_039', 'TE_11');
INSERT INTO indi_durchfuehrungen VALUES('IDRF_2556', 7, 8, 3, 120, TO_DATE('2021-11-03', 'YYYY-MM-DD'), 'IVP_039', 'TE_12');
INSERT INTO indi_durchfuehrungen VALUES('IDRF_2557', 6, 8, 1, 90, TO_DATE('2021-11-03', 'YYYY-MM-DD'), 'IVP_039', 'TE_13');
INSERT INTO indi_durchfuehrungen VALUES('IDRF_2558', 9, 9, 1, 60, TO_DATE('2021-11-03', 'YYYY-MM-DD'), 'IVP_039', 'TE_14');
INSERT INTO indi_durchfuehrungen VALUES('IDRF_2559', 7, 1, 1, 0, TO_DATE('2021-11-03', 'YYYY-MM-DD'), 'IVP_039', 'TE_15');
INSERT INTO indi_durchfuehrungen VALUES('IDRF_2560', 7, 1, 1, 0, TO_DATE('2021-06-28', 'YYYY-MM-DD'), 'IVP_040', 'TE_21');
INSERT INTO indi_durchfuehrungen VALUES('IDRF_2561', 7, 10, 2, 120, TO_DATE('2021-06-28', 'YYYY-MM-DD'), 'IVP_040', 'TE_22');
INSERT INTO indi_durchfuehrungen VALUES('IDRF_2562', 10, 9, 1, 120, TO_DATE('2021-06-28', 'YYYY-MM-DD'), 'IVP_040', 'TE_23');
INSERT INTO indi_durchfuehrungen VALUES('IDRF_2563', 7, 8, 1, 90, TO_DATE('2021-06-28', 'YYYY-MM-DD'), 'IVP_040', 'TE_24');
INSERT INTO indi_durchfuehrungen VALUES('IDRF_2564', 5, 11, 2, 60, TO_DATE('2021-06-28', 'YYYY-MM-DD'), 'IVP_040', 'TE_25');
INSERT INTO indi_durchfuehrungen VALUES('IDRF_2565', 8, 10, 1, 120, TO_DATE('2021-06-28', 'YYYY-MM-DD'), 'IVP_040', 'TE_26');
INSERT INTO indi_durchfuehrungen VALUES('IDRF_2566', 6, 9, 3, 120, TO_DATE('2021-06-28', 'YYYY-MM-DD'), 'IVP_040', 'TE_27');
INSERT INTO indi_durchfuehrungen VALUES('IDRF_2567', 7, 1, 1, 0, TO_DATE('2021-06-28', 'YYYY-MM-DD'), 'IVP_040', 'TE_28');
INSERT INTO indi_durchfuehrungen VALUES('IDRF_2568', 7, 1, 1, 0, TO_DATE('2021-06-24', 'YYYY-MM-DD'), 'IVP_040', 'TE_21');
INSERT INTO indi_durchfuehrungen VALUES('IDRF_2569', 9, 9, 2, 120, TO_DATE('2021-06-24', 'YYYY-MM-DD'), 'IVP_040', 'TE_22');
INSERT INTO indi_durchfuehrungen VALUES('IDRF_2570', 6, 9, 2, 120, TO_DATE('2021-06-24', 'YYYY-MM-DD'), 'IVP_040', 'TE_23');
INSERT INTO indi_durchfuehrungen VALUES('IDRF_2571', 6, 8, 3, 120, TO_DATE('2021-06-24', 'YYYY-MM-DD'), 'IVP_040', 'TE_24');
INSERT INTO indi_durchfuehrungen VALUES('IDRF_2572', 6, 9, 2, 120, TO_DATE('2021-06-24', 'YYYY-MM-DD'), 'IVP_040', 'TE_25');
INSERT INTO indi_durchfuehrungen VALUES('IDRF_2573', 8, 9, 2, 120, TO_DATE('2021-06-24', 'YYYY-MM-DD'), 'IVP_040', 'TE_26');
INSERT INTO indi_durchfuehrungen VALUES('IDRF_2574', 6, 11, 2, 60, TO_DATE('2021-06-24', 'YYYY-MM-DD'), 'IVP_040', 'TE_27');
INSERT INTO indi_durchfuehrungen VALUES('IDRF_2575', 7, 1, 1, 0, TO_DATE('2021-06-24', 'YYYY-MM-DD'), 'IVP_040', 'TE_28');
INSERT INTO indi_durchfuehrungen VALUES('IDRF_2576', 7, 1, 1, 0, TO_DATE('2021-02-24', 'YYYY-MM-DD'), 'IVP_040', 'TE_21');
INSERT INTO indi_durchfuehrungen VALUES('IDRF_2577', 9, 11, 1, 90, TO_DATE('2021-02-24', 'YYYY-MM-DD'), 'IVP_040', 'TE_22');
INSERT INTO indi_durchfuehrungen VALUES('IDRF_2578', 5, 8, 2, 120, TO_DATE('2021-02-24', 'YYYY-MM-DD'), 'IVP_040', 'TE_23');
INSERT INTO indi_durchfuehrungen VALUES('IDRF_2579', 5, 11, 1, 120, TO_DATE('2021-02-24', 'YYYY-MM-DD'), 'IVP_040', 'TE_24');
INSERT INTO indi_durchfuehrungen VALUES('IDRF_2580', 9, 11, 3, 90, TO_DATE('2021-02-24', 'YYYY-MM-DD'), 'IVP_040', 'TE_25');
INSERT INTO indi_durchfuehrungen VALUES('IDRF_2581', 7, 8, 3, 120, TO_DATE('2021-02-24', 'YYYY-MM-DD'), 'IVP_040', 'TE_26');
INSERT INTO indi_durchfuehrungen VALUES('IDRF_2582', 8, 10, 3, 60, TO_DATE('2021-02-24', 'YYYY-MM-DD'), 'IVP_040', 'TE_27');
INSERT INTO indi_durchfuehrungen VALUES('IDRF_2583', 7, 1, 1, 0, TO_DATE('2021-02-24', 'YYYY-MM-DD'), 'IVP_040', 'TE_28');
INSERT INTO indi_durchfuehrungen VALUES('IDRF_2584', 7, 1, 1, 0, TO_DATE('2021-12-10', 'YYYY-MM-DD'), 'IVP_040', 'TE_21');
INSERT INTO indi_durchfuehrungen VALUES('IDRF_2585', 10, 10, 2, 90, TO_DATE('2021-12-10', 'YYYY-MM-DD'), 'IVP_040', 'TE_22');
INSERT INTO indi_durchfuehrungen VALUES('IDRF_2586', 7, 8, 1, 120, TO_DATE('2021-12-10', 'YYYY-MM-DD'), 'IVP_040', 'TE_23');
INSERT INTO indi_durchfuehrungen VALUES('IDRF_2587', 9, 8, 3, 90, TO_DATE('2021-12-10', 'YYYY-MM-DD'), 'IVP_040', 'TE_24');
INSERT INTO indi_durchfuehrungen VALUES('IDRF_2588', 5, 8, 3, 90, TO_DATE('2021-12-10', 'YYYY-MM-DD'), 'IVP_040', 'TE_25');
INSERT INTO indi_durchfuehrungen VALUES('IDRF_2589', 5, 8, 3, 90, TO_DATE('2021-12-10', 'YYYY-MM-DD'), 'IVP_040', 'TE_26');
INSERT INTO indi_durchfuehrungen VALUES('IDRF_2590', 5, 8, 1, 90, TO_DATE('2021-12-10', 'YYYY-MM-DD'), 'IVP_040', 'TE_27');
INSERT INTO indi_durchfuehrungen VALUES('IDRF_2591', 7, 1, 1, 0, TO_DATE('2021-12-10', 'YYYY-MM-DD'), 'IVP_040', 'TE_28');
INSERT INTO indi_durchfuehrungen VALUES('IDRF_2592', 7, 1, 1, 0, TO_DATE('2021-09-09', 'YYYY-MM-DD'), 'IVP_040', 'TE_21');
INSERT INTO indi_durchfuehrungen VALUES('IDRF_2593', 5, 9, 1, 120, TO_DATE('2021-09-09', 'YYYY-MM-DD'), 'IVP_040', 'TE_22');
INSERT INTO indi_durchfuehrungen VALUES('IDRF_2594', 6, 8, 3, 120, TO_DATE('2021-09-09', 'YYYY-MM-DD'), 'IVP_040', 'TE_23');
INSERT INTO indi_durchfuehrungen VALUES('IDRF_2595', 8, 10, 3, 90, TO_DATE('2021-09-09', 'YYYY-MM-DD'), 'IVP_040', 'TE_24');
INSERT INTO indi_durchfuehrungen VALUES('IDRF_2596', 9, 9, 2, 90, TO_DATE('2021-09-09', 'YYYY-MM-DD'), 'IVP_040', 'TE_25');
INSERT INTO indi_durchfuehrungen VALUES('IDRF_2597', 7, 8, 1, 60, TO_DATE('2021-09-09', 'YYYY-MM-DD'), 'IVP_040', 'TE_26');
INSERT INTO indi_durchfuehrungen VALUES('IDRF_2598', 8, 10, 1, 90, TO_DATE('2021-09-09', 'YYYY-MM-DD'), 'IVP_040', 'TE_27');
INSERT INTO indi_durchfuehrungen VALUES('IDRF_2599', 7, 1, 1, 0, TO_DATE('2021-09-09', 'YYYY-MM-DD'), 'IVP_040', 'TE_28');
INSERT INTO indi_durchfuehrungen VALUES('IDRF_2600', 7, 1, 1, 0, TO_DATE('2021-07-24', 'YYYY-MM-DD'), 'IVP_040', 'TE_21');
INSERT INTO indi_durchfuehrungen VALUES('IDRF_2601', 5, 8, 3, 120, TO_DATE('2021-07-24', 'YYYY-MM-DD'), 'IVP_040', 'TE_22');
INSERT INTO indi_durchfuehrungen VALUES('IDRF_2602', 8, 8, 1, 60, TO_DATE('2021-07-24', 'YYYY-MM-DD'), 'IVP_040', 'TE_23');
INSERT INTO indi_durchfuehrungen VALUES('IDRF_2603', 9, 8, 2, 90, TO_DATE('2021-07-24', 'YYYY-MM-DD'), 'IVP_040', 'TE_24');
INSERT INTO indi_durchfuehrungen VALUES('IDRF_2604', 8, 8, 3, 90, TO_DATE('2021-07-24', 'YYYY-MM-DD'), 'IVP_040', 'TE_25');
INSERT INTO indi_durchfuehrungen VALUES('IDRF_2605', 9, 11, 3, 90, TO_DATE('2021-07-24', 'YYYY-MM-DD'), 'IVP_040', 'TE_26');
INSERT INTO indi_durchfuehrungen VALUES('IDRF_2606', 8, 8, 1, 120, TO_DATE('2021-07-24', 'YYYY-MM-DD'), 'IVP_040', 'TE_27');
INSERT INTO indi_durchfuehrungen VALUES('IDRF_2607', 7, 1, 1, 0, TO_DATE('2021-07-24', 'YYYY-MM-DD'), 'IVP_040', 'TE_28');
INSERT INTO indi_durchfuehrungen VALUES('IDRF_2608', 7, 1, 1, 0, TO_DATE('2021-02-22', 'YYYY-MM-DD'), 'IVP_040', 'TE_21');
INSERT INTO indi_durchfuehrungen VALUES('IDRF_2609', 9, 8, 2, 60, TO_DATE('2021-02-22', 'YYYY-MM-DD'), 'IVP_040', 'TE_22');
INSERT INTO indi_durchfuehrungen VALUES('IDRF_2610', 5, 10, 1, 120, TO_DATE('2021-02-22', 'YYYY-MM-DD'), 'IVP_040', 'TE_23');
INSERT INTO indi_durchfuehrungen VALUES('IDRF_2611', 10, 8, 3, 120, TO_DATE('2021-02-22', 'YYYY-MM-DD'), 'IVP_040', 'TE_24');
INSERT INTO indi_durchfuehrungen VALUES('IDRF_2612', 7, 10, 3, 120, TO_DATE('2021-02-22', 'YYYY-MM-DD'), 'IVP_040', 'TE_25');
INSERT INTO indi_durchfuehrungen VALUES('IDRF_2613', 5, 9, 1, 120, TO_DATE('2021-02-22', 'YYYY-MM-DD'), 'IVP_040', 'TE_26');
INSERT INTO indi_durchfuehrungen VALUES('IDRF_2614', 6, 11, 3, 90, TO_DATE('2021-02-22', 'YYYY-MM-DD'), 'IVP_040', 'TE_27');
INSERT INTO indi_durchfuehrungen VALUES('IDRF_2615', 7, 1, 1, 0, TO_DATE('2021-02-22', 'YYYY-MM-DD'), 'IVP_040', 'TE_28');
INSERT INTO indi_durchfuehrungen VALUES('IDRF_2616', 7, 1, 1, 0, TO_DATE('2021-10-04', 'YYYY-MM-DD'), 'IVP_040', 'TE_21');
INSERT INTO indi_durchfuehrungen VALUES('IDRF_2617', 7, 8, 1, 60, TO_DATE('2021-10-04', 'YYYY-MM-DD'), 'IVP_040', 'TE_22');
INSERT INTO indi_durchfuehrungen VALUES('IDRF_2618', 9, 11, 2, 60, TO_DATE('2021-10-04', 'YYYY-MM-DD'), 'IVP_040', 'TE_23');
INSERT INTO indi_durchfuehrungen VALUES('IDRF_2619', 5, 11, 2, 60, TO_DATE('2021-10-04', 'YYYY-MM-DD'), 'IVP_040', 'TE_24');
INSERT INTO indi_durchfuehrungen VALUES('IDRF_2620', 9, 9, 3, 90, TO_DATE('2021-10-04', 'YYYY-MM-DD'), 'IVP_040', 'TE_25');
INSERT INTO indi_durchfuehrungen VALUES('IDRF_2621', 7, 8, 2, 120, TO_DATE('2021-10-04', 'YYYY-MM-DD'), 'IVP_040', 'TE_26');
INSERT INTO indi_durchfuehrungen VALUES('IDRF_2622', 10, 8, 1, 60, TO_DATE('2021-10-04', 'YYYY-MM-DD'), 'IVP_040', 'TE_27');
INSERT INTO indi_durchfuehrungen VALUES('IDRF_2623', 7, 1, 1, 0, TO_DATE('2021-10-04', 'YYYY-MM-DD'), 'IVP_040', 'TE_28');
INSERT INTO indi_durchfuehrungen VALUES('IDRF_2624', 7, 1, 1, 0, TO_DATE('2021-09-10', 'YYYY-MM-DD'), 'IVP_041', 'TE_08');
INSERT INTO indi_durchfuehrungen VALUES('IDRF_2625', 6, 10, 1, 60, TO_DATE('2021-09-10', 'YYYY-MM-DD'), 'IVP_041', 'TE_09');
INSERT INTO indi_durchfuehrungen VALUES('IDRF_2626', 8, 9, 2, 90, TO_DATE('2021-09-10', 'YYYY-MM-DD'), 'IVP_041', 'TE_10');
INSERT INTO indi_durchfuehrungen VALUES('IDRF_2627', 10, 8, 3, 60, TO_DATE('2021-09-10', 'YYYY-MM-DD'), 'IVP_041', 'TE_11');
INSERT INTO indi_durchfuehrungen VALUES('IDRF_2628', 7, 8, 3, 60, TO_DATE('2021-09-10', 'YYYY-MM-DD'), 'IVP_041', 'TE_12');
INSERT INTO indi_durchfuehrungen VALUES('IDRF_2629', 5, 11, 2, 60, TO_DATE('2021-09-10', 'YYYY-MM-DD'), 'IVP_041', 'TE_13');
INSERT INTO indi_durchfuehrungen VALUES('IDRF_2630', 5, 11, 3, 120, TO_DATE('2021-09-10', 'YYYY-MM-DD'), 'IVP_041', 'TE_14');
INSERT INTO indi_durchfuehrungen VALUES('IDRF_2631', 7, 1, 1, 0, TO_DATE('2021-09-10', 'YYYY-MM-DD'), 'IVP_041', 'TE_15');
INSERT INTO indi_durchfuehrungen VALUES('IDRF_2632', 7, 1, 1, 0, TO_DATE('2021-06-26', 'YYYY-MM-DD'), 'IVP_041', 'TE_08');
INSERT INTO indi_durchfuehrungen VALUES('IDRF_2633', 10, 9, 1, 90, TO_DATE('2021-06-26', 'YYYY-MM-DD'), 'IVP_041', 'TE_09');
INSERT INTO indi_durchfuehrungen VALUES('IDRF_2634', 9, 10, 3, 90, TO_DATE('2021-06-26', 'YYYY-MM-DD'), 'IVP_041', 'TE_10');
INSERT INTO indi_durchfuehrungen VALUES('IDRF_2635', 5, 11, 1, 60, TO_DATE('2021-06-26', 'YYYY-MM-DD'), 'IVP_041', 'TE_11');
INSERT INTO indi_durchfuehrungen VALUES('IDRF_2636', 9, 8, 2, 90, TO_DATE('2021-06-26', 'YYYY-MM-DD'), 'IVP_041', 'TE_12');
INSERT INTO indi_durchfuehrungen VALUES('IDRF_2637', 7, 9, 3, 120, TO_DATE('2021-06-26', 'YYYY-MM-DD'), 'IVP_041', 'TE_13');
INSERT INTO indi_durchfuehrungen VALUES('IDRF_2638', 6, 9, 1, 60, TO_DATE('2021-06-26', 'YYYY-MM-DD'), 'IVP_041', 'TE_14');
INSERT INTO indi_durchfuehrungen VALUES('IDRF_2639', 7, 1, 1, 0, TO_DATE('2021-06-26', 'YYYY-MM-DD'), 'IVP_041', 'TE_15');
INSERT INTO indi_durchfuehrungen VALUES('IDRF_2640', 7, 1, 1, 0, TO_DATE('2021-10-04', 'YYYY-MM-DD'), 'IVP_041', 'TE_08');
INSERT INTO indi_durchfuehrungen VALUES('IDRF_2641', 5, 8, 2, 60, TO_DATE('2021-10-04', 'YYYY-MM-DD'), 'IVP_041', 'TE_09');
INSERT INTO indi_durchfuehrungen VALUES('IDRF_2642', 8, 10, 1, 120, TO_DATE('2021-10-04', 'YYYY-MM-DD'), 'IVP_041', 'TE_10');
INSERT INTO indi_durchfuehrungen VALUES('IDRF_2643', 10, 10, 2, 60, TO_DATE('2021-10-04', 'YYYY-MM-DD'), 'IVP_041', 'TE_11');
INSERT INTO indi_durchfuehrungen VALUES('IDRF_2644', 7, 9, 1, 60, TO_DATE('2021-10-04', 'YYYY-MM-DD'), 'IVP_041', 'TE_12');
INSERT INTO indi_durchfuehrungen VALUES('IDRF_2645', 10, 8, 1, 60, TO_DATE('2021-10-04', 'YYYY-MM-DD'), 'IVP_041', 'TE_13');
INSERT INTO indi_durchfuehrungen VALUES('IDRF_2646', 9, 11, 1, 90, TO_DATE('2021-10-04', 'YYYY-MM-DD'), 'IVP_041', 'TE_14');
INSERT INTO indi_durchfuehrungen VALUES('IDRF_2647', 7, 1, 1, 0, TO_DATE('2021-10-04', 'YYYY-MM-DD'), 'IVP_041', 'TE_15');
INSERT INTO indi_durchfuehrungen VALUES('IDRF_2648', 7, 1, 1, 0, TO_DATE('2021-10-10', 'YYYY-MM-DD'), 'IVP_041', 'TE_08');
INSERT INTO indi_durchfuehrungen VALUES('IDRF_2649', 5, 9, 2, 90, TO_DATE('2021-10-10', 'YYYY-MM-DD'), 'IVP_041', 'TE_09');
INSERT INTO indi_durchfuehrungen VALUES('IDRF_2650', 7, 10, 3, 60, TO_DATE('2021-10-10', 'YYYY-MM-DD'), 'IVP_041', 'TE_10');
INSERT INTO indi_durchfuehrungen VALUES('IDRF_2651', 10, 11, 2, 90, TO_DATE('2021-10-10', 'YYYY-MM-DD'), 'IVP_041', 'TE_11');
INSERT INTO indi_durchfuehrungen VALUES('IDRF_2652', 9, 11, 2, 90, TO_DATE('2021-10-10', 'YYYY-MM-DD'), 'IVP_041', 'TE_12');
INSERT INTO indi_durchfuehrungen VALUES('IDRF_2653', 5, 11, 3, 60, TO_DATE('2021-10-10', 'YYYY-MM-DD'), 'IVP_041', 'TE_13');
INSERT INTO indi_durchfuehrungen VALUES('IDRF_2654', 5, 11, 1, 60, TO_DATE('2021-10-10', 'YYYY-MM-DD'), 'IVP_041', 'TE_14');
INSERT INTO indi_durchfuehrungen VALUES('IDRF_2655', 7, 1, 1, 0, TO_DATE('2021-10-10', 'YYYY-MM-DD'), 'IVP_041', 'TE_15');
INSERT INTO indi_durchfuehrungen VALUES('IDRF_2656', 7, 1, 1, 0, TO_DATE('2021-10-18', 'YYYY-MM-DD'), 'IVP_041', 'TE_08');
INSERT INTO indi_durchfuehrungen VALUES('IDRF_2657', 6, 8, 1, 90, TO_DATE('2021-10-18', 'YYYY-MM-DD'), 'IVP_041', 'TE_09');
INSERT INTO indi_durchfuehrungen VALUES('IDRF_2658', 8, 10, 2, 60, TO_DATE('2021-10-18', 'YYYY-MM-DD'), 'IVP_041', 'TE_10');
INSERT INTO indi_durchfuehrungen VALUES('IDRF_2659', 7, 8, 2, 90, TO_DATE('2021-10-18', 'YYYY-MM-DD'), 'IVP_041', 'TE_11');
INSERT INTO indi_durchfuehrungen VALUES('IDRF_2660', 8, 10, 3, 120, TO_DATE('2021-10-18', 'YYYY-MM-DD'), 'IVP_041', 'TE_12');
INSERT INTO indi_durchfuehrungen VALUES('IDRF_2661', 8, 10, 1, 60, TO_DATE('2021-10-18', 'YYYY-MM-DD'), 'IVP_041', 'TE_13');
INSERT INTO indi_durchfuehrungen VALUES('IDRF_2662', 5, 8, 3, 120, TO_DATE('2021-10-18', 'YYYY-MM-DD'), 'IVP_041', 'TE_14');
INSERT INTO indi_durchfuehrungen VALUES('IDRF_2663', 7, 1, 1, 0, TO_DATE('2021-10-18', 'YYYY-MM-DD'), 'IVP_041', 'TE_15');
INSERT INTO indi_durchfuehrungen VALUES('IDRF_2664', 7, 1, 1, 0, TO_DATE('2021-06-20', 'YYYY-MM-DD'), 'IVP_041', 'TE_08');
INSERT INTO indi_durchfuehrungen VALUES('IDRF_2665', 5, 9, 1, 120, TO_DATE('2021-06-20', 'YYYY-MM-DD'), 'IVP_041', 'TE_09');
INSERT INTO indi_durchfuehrungen VALUES('IDRF_2666', 8, 9, 2, 90, TO_DATE('2021-06-20', 'YYYY-MM-DD'), 'IVP_041', 'TE_10');
INSERT INTO indi_durchfuehrungen VALUES('IDRF_2667', 5, 8, 1, 90, TO_DATE('2021-06-20', 'YYYY-MM-DD'), 'IVP_041', 'TE_11');
INSERT INTO indi_durchfuehrungen VALUES('IDRF_2668', 5, 8, 3, 120, TO_DATE('2021-06-20', 'YYYY-MM-DD'), 'IVP_041', 'TE_12');
INSERT INTO indi_durchfuehrungen VALUES('IDRF_2669', 5, 10, 1, 120, TO_DATE('2021-06-20', 'YYYY-MM-DD'), 'IVP_041', 'TE_13');
INSERT INTO indi_durchfuehrungen VALUES('IDRF_2670', 6, 8, 2, 120, TO_DATE('2021-06-20', 'YYYY-MM-DD'), 'IVP_041', 'TE_14');
INSERT INTO indi_durchfuehrungen VALUES('IDRF_2671', 7, 1, 1, 0, TO_DATE('2021-06-20', 'YYYY-MM-DD'), 'IVP_041', 'TE_15');
INSERT INTO indi_durchfuehrungen VALUES('IDRF_2672', 7, 1, 1, 0, TO_DATE('2021-01-11', 'YYYY-MM-DD'), 'IVP_041', 'TE_08');
INSERT INTO indi_durchfuehrungen VALUES('IDRF_2673', 9, 11, 2, 120, TO_DATE('2021-01-11', 'YYYY-MM-DD'), 'IVP_041', 'TE_09');
INSERT INTO indi_durchfuehrungen VALUES('IDRF_2674', 9, 8, 1, 90, TO_DATE('2021-01-11', 'YYYY-MM-DD'), 'IVP_041', 'TE_10');
INSERT INTO indi_durchfuehrungen VALUES('IDRF_2675', 7, 9, 1, 60, TO_DATE('2021-01-11', 'YYYY-MM-DD'), 'IVP_041', 'TE_11');
INSERT INTO indi_durchfuehrungen VALUES('IDRF_2676', 9, 11, 2, 90, TO_DATE('2021-01-11', 'YYYY-MM-DD'), 'IVP_041', 'TE_12');
INSERT INTO indi_durchfuehrungen VALUES('IDRF_2677', 9, 11, 3, 90, TO_DATE('2021-01-11', 'YYYY-MM-DD'), 'IVP_041', 'TE_13');
INSERT INTO indi_durchfuehrungen VALUES('IDRF_2678', 8, 8, 2, 120, TO_DATE('2021-01-11', 'YYYY-MM-DD'), 'IVP_041', 'TE_14');
INSERT INTO indi_durchfuehrungen VALUES('IDRF_2679', 7, 1, 1, 0, TO_DATE('2021-01-11', 'YYYY-MM-DD'), 'IVP_041', 'TE_15');
INSERT INTO indi_durchfuehrungen VALUES('IDRF_2680', 7, 1, 1, 0, TO_DATE('2021-08-25', 'YYYY-MM-DD'), 'IVP_041', 'TE_08');
INSERT INTO indi_durchfuehrungen VALUES('IDRF_2681', 7, 10, 3, 120, TO_DATE('2021-08-25', 'YYYY-MM-DD'), 'IVP_041', 'TE_09');
INSERT INTO indi_durchfuehrungen VALUES('IDRF_2682', 9, 10, 1, 90, TO_DATE('2021-08-25', 'YYYY-MM-DD'), 'IVP_041', 'TE_10');
INSERT INTO indi_durchfuehrungen VALUES('IDRF_2683', 5, 8, 3, 60, TO_DATE('2021-08-25', 'YYYY-MM-DD'), 'IVP_041', 'TE_11');
INSERT INTO indi_durchfuehrungen VALUES('IDRF_2684', 7, 8, 3, 120, TO_DATE('2021-08-25', 'YYYY-MM-DD'), 'IVP_041', 'TE_12');
INSERT INTO indi_durchfuehrungen VALUES('IDRF_2685', 6, 9, 1, 60, TO_DATE('2021-08-25', 'YYYY-MM-DD'), 'IVP_041', 'TE_13');
INSERT INTO indi_durchfuehrungen VALUES('IDRF_2686', 5, 9, 2, 120, TO_DATE('2021-08-25', 'YYYY-MM-DD'), 'IVP_041', 'TE_14');
INSERT INTO indi_durchfuehrungen VALUES('IDRF_2687', 7, 1, 1, 0, TO_DATE('2021-08-25', 'YYYY-MM-DD'), 'IVP_041', 'TE_15');
INSERT INTO indi_durchfuehrungen VALUES('IDRF_2688', 7, 1, 1, 0, TO_DATE('2021-04-16', 'YYYY-MM-DD'), 'IVP_042', 'TE_08');
INSERT INTO indi_durchfuehrungen VALUES('IDRF_2689', 6, 10, 3, 90, TO_DATE('2021-04-16', 'YYYY-MM-DD'), 'IVP_042', 'TE_09');
INSERT INTO indi_durchfuehrungen VALUES('IDRF_2690', 8, 8, 2, 120, TO_DATE('2021-04-16', 'YYYY-MM-DD'), 'IVP_042', 'TE_10');
INSERT INTO indi_durchfuehrungen VALUES('IDRF_2691', 9, 10, 3, 60, TO_DATE('2021-04-16', 'YYYY-MM-DD'), 'IVP_042', 'TE_11');
INSERT INTO indi_durchfuehrungen VALUES('IDRF_2692', 9, 11, 3, 60, TO_DATE('2021-04-16', 'YYYY-MM-DD'), 'IVP_042', 'TE_12');
INSERT INTO indi_durchfuehrungen VALUES('IDRF_2693', 5, 10, 3, 60, TO_DATE('2021-04-16', 'YYYY-MM-DD'), 'IVP_042', 'TE_13');
INSERT INTO indi_durchfuehrungen VALUES('IDRF_2694', 7, 8, 1, 120, TO_DATE('2021-04-16', 'YYYY-MM-DD'), 'IVP_042', 'TE_14');
INSERT INTO indi_durchfuehrungen VALUES('IDRF_2695', 7, 1, 1, 0, TO_DATE('2021-04-16', 'YYYY-MM-DD'), 'IVP_042', 'TE_15');
INSERT INTO indi_durchfuehrungen VALUES('IDRF_2696', 7, 1, 1, 0, TO_DATE('2021-11-22', 'YYYY-MM-DD'), 'IVP_042', 'TE_08');
INSERT INTO indi_durchfuehrungen VALUES('IDRF_2697', 7, 10, 2, 120, TO_DATE('2021-11-22', 'YYYY-MM-DD'), 'IVP_042', 'TE_09');
INSERT INTO indi_durchfuehrungen VALUES('IDRF_2698', 7, 9, 3, 120, TO_DATE('2021-11-22', 'YYYY-MM-DD'), 'IVP_042', 'TE_10');
INSERT INTO indi_durchfuehrungen VALUES('IDRF_2699', 7, 8, 1, 60, TO_DATE('2021-11-22', 'YYYY-MM-DD'), 'IVP_042', 'TE_11');
INSERT INTO indi_durchfuehrungen VALUES('IDRF_2700', 8, 8, 1, 120, TO_DATE('2021-11-22', 'YYYY-MM-DD'), 'IVP_042', 'TE_12');
INSERT INTO indi_durchfuehrungen VALUES('IDRF_2701', 8, 8, 2, 60, TO_DATE('2021-11-22', 'YYYY-MM-DD'), 'IVP_042', 'TE_13');
INSERT INTO indi_durchfuehrungen VALUES('IDRF_2702', 9, 11, 1, 60, TO_DATE('2021-11-22', 'YYYY-MM-DD'), 'IVP_042', 'TE_14');
INSERT INTO indi_durchfuehrungen VALUES('IDRF_2703', 7, 1, 1, 0, TO_DATE('2021-11-22', 'YYYY-MM-DD'), 'IVP_042', 'TE_15');
INSERT INTO indi_durchfuehrungen VALUES('IDRF_2704', 7, 1, 1, 0, TO_DATE('2021-11-15', 'YYYY-MM-DD'), 'IVP_042', 'TE_08');
INSERT INTO indi_durchfuehrungen VALUES('IDRF_2705', 8, 10, 2, 90, TO_DATE('2021-11-15', 'YYYY-MM-DD'), 'IVP_042', 'TE_09');
INSERT INTO indi_durchfuehrungen VALUES('IDRF_2706', 9, 8, 1, 90, TO_DATE('2021-11-15', 'YYYY-MM-DD'), 'IVP_042', 'TE_10');
INSERT INTO indi_durchfuehrungen VALUES('IDRF_2707', 5, 11, 2, 120, TO_DATE('2021-11-15', 'YYYY-MM-DD'), 'IVP_042', 'TE_11');
INSERT INTO indi_durchfuehrungen VALUES('IDRF_2708', 8, 11, 3, 60, TO_DATE('2021-11-15', 'YYYY-MM-DD'), 'IVP_042', 'TE_12');
INSERT INTO indi_durchfuehrungen VALUES('IDRF_2709', 7, 10, 2, 60, TO_DATE('2021-11-15', 'YYYY-MM-DD'), 'IVP_042', 'TE_13');
INSERT INTO indi_durchfuehrungen VALUES('IDRF_2710', 5, 9, 1, 120, TO_DATE('2021-11-15', 'YYYY-MM-DD'), 'IVP_042', 'TE_14');
INSERT INTO indi_durchfuehrungen VALUES('IDRF_2711', 7, 1, 1, 0, TO_DATE('2021-11-15', 'YYYY-MM-DD'), 'IVP_042', 'TE_15');
INSERT INTO indi_durchfuehrungen VALUES('IDRF_2712', 7, 1, 1, 0, TO_DATE('2021-11-26', 'YYYY-MM-DD'), 'IVP_042', 'TE_08');
INSERT INTO indi_durchfuehrungen VALUES('IDRF_2713', 8, 9, 1, 90, TO_DATE('2021-11-26', 'YYYY-MM-DD'), 'IVP_042', 'TE_09');
INSERT INTO indi_durchfuehrungen VALUES('IDRF_2714', 6, 10, 3, 120, TO_DATE('2021-11-26', 'YYYY-MM-DD'), 'IVP_042', 'TE_10');
INSERT INTO indi_durchfuehrungen VALUES('IDRF_2715', 5, 11, 1, 120, TO_DATE('2021-11-26', 'YYYY-MM-DD'), 'IVP_042', 'TE_11');
INSERT INTO indi_durchfuehrungen VALUES('IDRF_2716', 6, 9, 1, 60, TO_DATE('2021-11-26', 'YYYY-MM-DD'), 'IVP_042', 'TE_12');
INSERT INTO indi_durchfuehrungen VALUES('IDRF_2717', 5, 10, 2, 90, TO_DATE('2021-11-26', 'YYYY-MM-DD'), 'IVP_042', 'TE_13');
INSERT INTO indi_durchfuehrungen VALUES('IDRF_2718', 9, 8, 2, 120, TO_DATE('2021-11-26', 'YYYY-MM-DD'), 'IVP_042', 'TE_14');
INSERT INTO indi_durchfuehrungen VALUES('IDRF_2719', 7, 1, 1, 0, TO_DATE('2021-11-26', 'YYYY-MM-DD'), 'IVP_042', 'TE_15');
INSERT INTO indi_durchfuehrungen VALUES('IDRF_2720', 7, 1, 1, 0, TO_DATE('2021-08-23', 'YYYY-MM-DD'), 'IVP_042', 'TE_08');
INSERT INTO indi_durchfuehrungen VALUES('IDRF_2721', 7, 10, 3, 120, TO_DATE('2021-08-23', 'YYYY-MM-DD'), 'IVP_042', 'TE_09');
INSERT INTO indi_durchfuehrungen VALUES('IDRF_2722', 9, 11, 1, 120, TO_DATE('2021-08-23', 'YYYY-MM-DD'), 'IVP_042', 'TE_10');
INSERT INTO indi_durchfuehrungen VALUES('IDRF_2723', 10, 8, 2, 60, TO_DATE('2021-08-23', 'YYYY-MM-DD'), 'IVP_042', 'TE_11');
INSERT INTO indi_durchfuehrungen VALUES('IDRF_2724', 6, 10, 1, 120, TO_DATE('2021-08-23', 'YYYY-MM-DD'), 'IVP_042', 'TE_12');
INSERT INTO indi_durchfuehrungen VALUES('IDRF_2725', 9, 9, 1, 60, TO_DATE('2021-08-23', 'YYYY-MM-DD'), 'IVP_042', 'TE_13');
INSERT INTO indi_durchfuehrungen VALUES('IDRF_2726', 10, 11, 3, 60, TO_DATE('2021-08-23', 'YYYY-MM-DD'), 'IVP_042', 'TE_14');
INSERT INTO indi_durchfuehrungen VALUES('IDRF_2727', 7, 1, 1, 0, TO_DATE('2021-08-23', 'YYYY-MM-DD'), 'IVP_042', 'TE_15');
INSERT INTO indi_durchfuehrungen VALUES('IDRF_2728', 7, 1, 1, 0, TO_DATE('2021-12-08', 'YYYY-MM-DD'), 'IVP_042', 'TE_08');
INSERT INTO indi_durchfuehrungen VALUES('IDRF_2729', 8, 8, 3, 90, TO_DATE('2021-12-08', 'YYYY-MM-DD'), 'IVP_042', 'TE_09');
INSERT INTO indi_durchfuehrungen VALUES('IDRF_2730', 8, 9, 2, 120, TO_DATE('2021-12-08', 'YYYY-MM-DD'), 'IVP_042', 'TE_10');
INSERT INTO indi_durchfuehrungen VALUES('IDRF_2731', 7, 8, 3, 60, TO_DATE('2021-12-08', 'YYYY-MM-DD'), 'IVP_042', 'TE_11');
INSERT INTO indi_durchfuehrungen VALUES('IDRF_2732', 5, 10, 3, 60, TO_DATE('2021-12-08', 'YYYY-MM-DD'), 'IVP_042', 'TE_12');
INSERT INTO indi_durchfuehrungen VALUES('IDRF_2733', 10, 8, 1, 90, TO_DATE('2021-12-08', 'YYYY-MM-DD'), 'IVP_042', 'TE_13');
INSERT INTO indi_durchfuehrungen VALUES('IDRF_2734', 7, 10, 2, 90, TO_DATE('2021-12-08', 'YYYY-MM-DD'), 'IVP_042', 'TE_14');
INSERT INTO indi_durchfuehrungen VALUES('IDRF_2735', 7, 1, 1, 0, TO_DATE('2021-12-08', 'YYYY-MM-DD'), 'IVP_042', 'TE_15');
INSERT INTO indi_durchfuehrungen VALUES('IDRF_2736', 7, 1, 1, 0, TO_DATE('2021-01-13', 'YYYY-MM-DD'), 'IVP_042', 'TE_08');
INSERT INTO indi_durchfuehrungen VALUES('IDRF_2737', 7, 10, 3, 120, TO_DATE('2021-01-13', 'YYYY-MM-DD'), 'IVP_042', 'TE_09');
INSERT INTO indi_durchfuehrungen VALUES('IDRF_2738', 6, 10, 2, 60, TO_DATE('2021-01-13', 'YYYY-MM-DD'), 'IVP_042', 'TE_10');
INSERT INTO indi_durchfuehrungen VALUES('IDRF_2739', 5, 10, 3, 120, TO_DATE('2021-01-13', 'YYYY-MM-DD'), 'IVP_042', 'TE_11');
INSERT INTO indi_durchfuehrungen VALUES('IDRF_2740', 6, 11, 3, 90, TO_DATE('2021-01-13', 'YYYY-MM-DD'), 'IVP_042', 'TE_12');
INSERT INTO indi_durchfuehrungen VALUES('IDRF_2741', 10, 11, 1, 60, TO_DATE('2021-01-13', 'YYYY-MM-DD'), 'IVP_042', 'TE_13');
INSERT INTO indi_durchfuehrungen VALUES('IDRF_2742', 7, 8, 3, 90, TO_DATE('2021-01-13', 'YYYY-MM-DD'), 'IVP_042', 'TE_14');
INSERT INTO indi_durchfuehrungen VALUES('IDRF_2743', 7, 1, 1, 0, TO_DATE('2021-01-13', 'YYYY-MM-DD'), 'IVP_042', 'TE_15');
INSERT INTO indi_durchfuehrungen VALUES('IDRF_2744', 7, 1, 1, 0, TO_DATE('2021-11-25', 'YYYY-MM-DD'), 'IVP_042', 'TE_08');
INSERT INTO indi_durchfuehrungen VALUES('IDRF_2745', 7, 11, 1, 120, TO_DATE('2021-11-25', 'YYYY-MM-DD'), 'IVP_042', 'TE_09');
INSERT INTO indi_durchfuehrungen VALUES('IDRF_2746', 7, 11, 1, 90, TO_DATE('2021-11-25', 'YYYY-MM-DD'), 'IVP_042', 'TE_10');
INSERT INTO indi_durchfuehrungen VALUES('IDRF_2747', 8, 8, 2, 90, TO_DATE('2021-11-25', 'YYYY-MM-DD'), 'IVP_042', 'TE_11');
INSERT INTO indi_durchfuehrungen VALUES('IDRF_2748', 9, 9, 3, 90, TO_DATE('2021-11-25', 'YYYY-MM-DD'), 'IVP_042', 'TE_12');
INSERT INTO indi_durchfuehrungen VALUES('IDRF_2749', 7, 10, 1, 60, TO_DATE('2021-11-25', 'YYYY-MM-DD'), 'IVP_042', 'TE_13');
INSERT INTO indi_durchfuehrungen VALUES('IDRF_2750', 9, 8, 2, 120, TO_DATE('2021-11-25', 'YYYY-MM-DD'), 'IVP_042', 'TE_14');
INSERT INTO indi_durchfuehrungen VALUES('IDRF_2751', 7, 1, 1, 0, TO_DATE('2021-11-25', 'YYYY-MM-DD'), 'IVP_042', 'TE_15');
INSERT INTO indi_durchfuehrungen VALUES('IDRF_2752', 7, 1, 1, 0, TO_DATE('2021-10-21', 'YYYY-MM-DD'), 'IVP_043', 'TE_32');
INSERT INTO indi_durchfuehrungen VALUES('IDRF_2753', 10, 10, 1, 90, TO_DATE('2021-10-21', 'YYYY-MM-DD'), 'IVP_043', 'TE_33');
INSERT INTO indi_durchfuehrungen VALUES('IDRF_2754', 8, 10, 3, 60, TO_DATE('2021-10-21', 'YYYY-MM-DD'), 'IVP_043', 'TE_34');
INSERT INTO indi_durchfuehrungen VALUES('IDRF_2755', 9, 8, 3, 60, TO_DATE('2021-10-21', 'YYYY-MM-DD'), 'IVP_043', 'TE_35');
INSERT INTO indi_durchfuehrungen VALUES('IDRF_2756', 8, 8, 1, 120, TO_DATE('2021-10-21', 'YYYY-MM-DD'), 'IVP_043', 'TE_36');
INSERT INTO indi_durchfuehrungen VALUES('IDRF_2757', 7, 11, 2, 60, TO_DATE('2021-10-21', 'YYYY-MM-DD'), 'IVP_043', 'TE_37');
INSERT INTO indi_durchfuehrungen VALUES('IDRF_2758', 8, 11, 2, 60, TO_DATE('2021-10-21', 'YYYY-MM-DD'), 'IVP_043', 'TE_38');
INSERT INTO indi_durchfuehrungen VALUES('IDRF_2759', 10, 11, 1, 120, TO_DATE('2021-10-21', 'YYYY-MM-DD'), 'IVP_043', 'TE_39');
INSERT INTO indi_durchfuehrungen VALUES('IDRF_2760', 7, 1, 1, 0, TO_DATE('2021-11-10', 'YYYY-MM-DD'), 'IVP_043', 'TE_32');
INSERT INTO indi_durchfuehrungen VALUES('IDRF_2761', 7, 8, 2, 60, TO_DATE('2021-11-10', 'YYYY-MM-DD'), 'IVP_043', 'TE_33');
INSERT INTO indi_durchfuehrungen VALUES('IDRF_2762', 7, 8, 3, 90, TO_DATE('2021-11-10', 'YYYY-MM-DD'), 'IVP_043', 'TE_34');
INSERT INTO indi_durchfuehrungen VALUES('IDRF_2763', 6, 9, 1, 120, TO_DATE('2021-11-10', 'YYYY-MM-DD'), 'IVP_043', 'TE_35');
INSERT INTO indi_durchfuehrungen VALUES('IDRF_2764', 8, 10, 2, 60, TO_DATE('2021-11-10', 'YYYY-MM-DD'), 'IVP_043', 'TE_36');
INSERT INTO indi_durchfuehrungen VALUES('IDRF_2765', 9, 9, 1, 60, TO_DATE('2021-11-10', 'YYYY-MM-DD'), 'IVP_043', 'TE_37');
INSERT INTO indi_durchfuehrungen VALUES('IDRF_2766', 10, 11, 1, 120, TO_DATE('2021-11-10', 'YYYY-MM-DD'), 'IVP_043', 'TE_38');
INSERT INTO indi_durchfuehrungen VALUES('IDRF_2767', 9, 11, 1, 90, TO_DATE('2021-11-10', 'YYYY-MM-DD'), 'IVP_043', 'TE_39');
INSERT INTO indi_durchfuehrungen VALUES('IDRF_2768', 7, 1, 1, 0, TO_DATE('2021-01-24', 'YYYY-MM-DD'), 'IVP_043', 'TE_32');
INSERT INTO indi_durchfuehrungen VALUES('IDRF_2769', 9, 8, 3, 60, TO_DATE('2021-01-24', 'YYYY-MM-DD'), 'IVP_043', 'TE_33');
INSERT INTO indi_durchfuehrungen VALUES('IDRF_2770', 8, 9, 1, 120, TO_DATE('2021-01-24', 'YYYY-MM-DD'), 'IVP_043', 'TE_34');
INSERT INTO indi_durchfuehrungen VALUES('IDRF_2771', 8, 8, 3, 120, TO_DATE('2021-01-24', 'YYYY-MM-DD'), 'IVP_043', 'TE_35');
INSERT INTO indi_durchfuehrungen VALUES('IDRF_2772', 7, 8, 1, 90, TO_DATE('2021-01-24', 'YYYY-MM-DD'), 'IVP_043', 'TE_36');
INSERT INTO indi_durchfuehrungen VALUES('IDRF_2773', 5, 8, 2, 90, TO_DATE('2021-01-24', 'YYYY-MM-DD'), 'IVP_043', 'TE_37');
INSERT INTO indi_durchfuehrungen VALUES('IDRF_2774', 5, 8, 2, 90, TO_DATE('2021-01-24', 'YYYY-MM-DD'), 'IVP_043', 'TE_38');
INSERT INTO indi_durchfuehrungen VALUES('IDRF_2775', 6, 9, 1, 90, TO_DATE('2021-01-24', 'YYYY-MM-DD'), 'IVP_043', 'TE_39');
INSERT INTO indi_durchfuehrungen VALUES('IDRF_2776', 7, 1, 1, 0, TO_DATE('2021-05-18', 'YYYY-MM-DD'), 'IVP_043', 'TE_32');
INSERT INTO indi_durchfuehrungen VALUES('IDRF_2777', 9, 9, 1, 90, TO_DATE('2021-05-18', 'YYYY-MM-DD'), 'IVP_043', 'TE_33');
INSERT INTO indi_durchfuehrungen VALUES('IDRF_2778', 10, 10, 3, 90, TO_DATE('2021-05-18', 'YYYY-MM-DD'), 'IVP_043', 'TE_34');
INSERT INTO indi_durchfuehrungen VALUES('IDRF_2779', 7, 8, 3, 120, TO_DATE('2021-05-18', 'YYYY-MM-DD'), 'IVP_043', 'TE_35');
INSERT INTO indi_durchfuehrungen VALUES('IDRF_2780', 10, 10, 2, 120, TO_DATE('2021-05-18', 'YYYY-MM-DD'), 'IVP_043', 'TE_36');
INSERT INTO indi_durchfuehrungen VALUES('IDRF_2781', 8, 10, 1, 90, TO_DATE('2021-05-18', 'YYYY-MM-DD'), 'IVP_043', 'TE_37');
INSERT INTO indi_durchfuehrungen VALUES('IDRF_2782', 10, 11, 3, 60, TO_DATE('2021-05-18', 'YYYY-MM-DD'), 'IVP_043', 'TE_38');
INSERT INTO indi_durchfuehrungen VALUES('IDRF_2783', 7, 10, 2, 120, TO_DATE('2021-05-18', 'YYYY-MM-DD'), 'IVP_043', 'TE_39');
INSERT INTO indi_durchfuehrungen VALUES('IDRF_2784', 7, 1, 1, 0, TO_DATE('2021-12-27', 'YYYY-MM-DD'), 'IVP_043', 'TE_32');
INSERT INTO indi_durchfuehrungen VALUES('IDRF_2785', 5, 11, 1, 60, TO_DATE('2021-12-27', 'YYYY-MM-DD'), 'IVP_043', 'TE_33');
INSERT INTO indi_durchfuehrungen VALUES('IDRF_2786', 9, 8, 2, 90, TO_DATE('2021-12-27', 'YYYY-MM-DD'), 'IVP_043', 'TE_34');
INSERT INTO indi_durchfuehrungen VALUES('IDRF_2787', 6, 11, 1, 90, TO_DATE('2021-12-27', 'YYYY-MM-DD'), 'IVP_043', 'TE_35');
INSERT INTO indi_durchfuehrungen VALUES('IDRF_2788', 9, 11, 1, 90, TO_DATE('2021-12-27', 'YYYY-MM-DD'), 'IVP_043', 'TE_36');
INSERT INTO indi_durchfuehrungen VALUES('IDRF_2789', 7, 10, 2, 60, TO_DATE('2021-12-27', 'YYYY-MM-DD'), 'IVP_043', 'TE_37');
INSERT INTO indi_durchfuehrungen VALUES('IDRF_2790', 8, 9, 3, 90, TO_DATE('2021-12-27', 'YYYY-MM-DD'), 'IVP_043', 'TE_38');
INSERT INTO indi_durchfuehrungen VALUES('IDRF_2791', 10, 10, 1, 90, TO_DATE('2021-12-27', 'YYYY-MM-DD'), 'IVP_043', 'TE_39');
INSERT INTO indi_durchfuehrungen VALUES('IDRF_2792', 7, 1, 1, 0, TO_DATE('2021-06-14', 'YYYY-MM-DD'), 'IVP_043', 'TE_32');
INSERT INTO indi_durchfuehrungen VALUES('IDRF_2793', 7, 10, 2, 120, TO_DATE('2021-06-14', 'YYYY-MM-DD'), 'IVP_043', 'TE_33');
INSERT INTO indi_durchfuehrungen VALUES('IDRF_2794', 5, 10, 2, 90, TO_DATE('2021-06-14', 'YYYY-MM-DD'), 'IVP_043', 'TE_34');
INSERT INTO indi_durchfuehrungen VALUES('IDRF_2795', 9, 8, 2, 60, TO_DATE('2021-06-14', 'YYYY-MM-DD'), 'IVP_043', 'TE_35');
INSERT INTO indi_durchfuehrungen VALUES('IDRF_2796', 5, 8, 2, 90, TO_DATE('2021-06-14', 'YYYY-MM-DD'), 'IVP_043', 'TE_36');
INSERT INTO indi_durchfuehrungen VALUES('IDRF_2797', 8, 11, 2, 120, TO_DATE('2021-06-14', 'YYYY-MM-DD'), 'IVP_043', 'TE_37');
INSERT INTO indi_durchfuehrungen VALUES('IDRF_2798', 9, 11, 1, 90, TO_DATE('2021-06-14', 'YYYY-MM-DD'), 'IVP_043', 'TE_38');
INSERT INTO indi_durchfuehrungen VALUES('IDRF_2799', 6, 9, 1, 60, TO_DATE('2021-06-14', 'YYYY-MM-DD'), 'IVP_043', 'TE_39');
INSERT INTO indi_durchfuehrungen VALUES('IDRF_2800', 7, 1, 1, 0, TO_DATE('2021-12-01', 'YYYY-MM-DD'), 'IVP_043', 'TE_32');
INSERT INTO indi_durchfuehrungen VALUES('IDRF_2801', 5, 11, 1, 60, TO_DATE('2021-12-01', 'YYYY-MM-DD'), 'IVP_043', 'TE_33');
INSERT INTO indi_durchfuehrungen VALUES('IDRF_2802', 5, 10, 3, 60, TO_DATE('2021-12-01', 'YYYY-MM-DD'), 'IVP_043', 'TE_34');
INSERT INTO indi_durchfuehrungen VALUES('IDRF_2803', 7, 10, 3, 90, TO_DATE('2021-12-01', 'YYYY-MM-DD'), 'IVP_043', 'TE_35');
INSERT INTO indi_durchfuehrungen VALUES('IDRF_2804', 10, 8, 3, 60, TO_DATE('2021-12-01', 'YYYY-MM-DD'), 'IVP_043', 'TE_36');
INSERT INTO indi_durchfuehrungen VALUES('IDRF_2805', 10, 10, 3, 90, TO_DATE('2021-12-01', 'YYYY-MM-DD'), 'IVP_043', 'TE_37');
INSERT INTO indi_durchfuehrungen VALUES('IDRF_2806', 9, 9, 1, 120, TO_DATE('2021-12-01', 'YYYY-MM-DD'), 'IVP_043', 'TE_38');
INSERT INTO indi_durchfuehrungen VALUES('IDRF_2807', 8, 8, 2, 120, TO_DATE('2021-12-01', 'YYYY-MM-DD'), 'IVP_043', 'TE_39');
INSERT INTO indi_durchfuehrungen VALUES('IDRF_2808', 7, 1, 1, 0, TO_DATE('2021-12-01', 'YYYY-MM-DD'), 'IVP_043', 'TE_32');
INSERT INTO indi_durchfuehrungen VALUES('IDRF_2809', 9, 10, 2, 90, TO_DATE('2021-12-01', 'YYYY-MM-DD'), 'IVP_043', 'TE_33');
INSERT INTO indi_durchfuehrungen VALUES('IDRF_2810', 8, 9, 3, 90, TO_DATE('2021-12-01', 'YYYY-MM-DD'), 'IVP_043', 'TE_34');
INSERT INTO indi_durchfuehrungen VALUES('IDRF_2811', 9, 11, 2, 90, TO_DATE('2021-12-01', 'YYYY-MM-DD'), 'IVP_043', 'TE_35');
INSERT INTO indi_durchfuehrungen VALUES('IDRF_2812', 5, 9, 2, 120, TO_DATE('2021-12-01', 'YYYY-MM-DD'), 'IVP_043', 'TE_36');
INSERT INTO indi_durchfuehrungen VALUES('IDRF_2813', 6, 10, 3, 60, TO_DATE('2021-12-01', 'YYYY-MM-DD'), 'IVP_043', 'TE_37');
INSERT INTO indi_durchfuehrungen VALUES('IDRF_2814', 9, 9, 2, 120, TO_DATE('2021-12-01', 'YYYY-MM-DD'), 'IVP_043', 'TE_38');
INSERT INTO indi_durchfuehrungen VALUES('IDRF_2815', 8, 9, 2, 60, TO_DATE('2021-12-01', 'YYYY-MM-DD'), 'IVP_043', 'TE_39');
INSERT INTO indi_durchfuehrungen VALUES('IDRF_2816', 7, 1, 1, 0, TO_DATE('2021-09-02', 'YYYY-MM-DD'), 'IVP_044', 'TE_08');
INSERT INTO indi_durchfuehrungen VALUES('IDRF_2817', 7, 9, 2, 60, TO_DATE('2021-09-02', 'YYYY-MM-DD'), 'IVP_044', 'TE_09');
INSERT INTO indi_durchfuehrungen VALUES('IDRF_2818', 6, 11, 1, 60, TO_DATE('2021-09-02', 'YYYY-MM-DD'), 'IVP_044', 'TE_10');
INSERT INTO indi_durchfuehrungen VALUES('IDRF_2819', 9, 11, 3, 120, TO_DATE('2021-09-02', 'YYYY-MM-DD'), 'IVP_044', 'TE_11');
INSERT INTO indi_durchfuehrungen VALUES('IDRF_2820', 6, 10, 1, 120, TO_DATE('2021-09-02', 'YYYY-MM-DD'), 'IVP_044', 'TE_12');
INSERT INTO indi_durchfuehrungen VALUES('IDRF_2821', 10, 8, 2, 90, TO_DATE('2021-09-02', 'YYYY-MM-DD'), 'IVP_044', 'TE_13');
INSERT INTO indi_durchfuehrungen VALUES('IDRF_2822', 9, 11, 1, 120, TO_DATE('2021-09-02', 'YYYY-MM-DD'), 'IVP_044', 'TE_14');
INSERT INTO indi_durchfuehrungen VALUES('IDRF_2823', 7, 1, 1, 0, TO_DATE('2021-09-02', 'YYYY-MM-DD'), 'IVP_044', 'TE_15');
INSERT INTO indi_durchfuehrungen VALUES('IDRF_2824', 7, 1, 1, 0, TO_DATE('2021-08-22', 'YYYY-MM-DD'), 'IVP_044', 'TE_08');
INSERT INTO indi_durchfuehrungen VALUES('IDRF_2825', 9, 10, 1, 60, TO_DATE('2021-08-22', 'YYYY-MM-DD'), 'IVP_044', 'TE_09');
INSERT INTO indi_durchfuehrungen VALUES('IDRF_2826', 6, 11, 2, 60, TO_DATE('2021-08-22', 'YYYY-MM-DD'), 'IVP_044', 'TE_10');
INSERT INTO indi_durchfuehrungen VALUES('IDRF_2827', 10, 9, 2, 120, TO_DATE('2021-08-22', 'YYYY-MM-DD'), 'IVP_044', 'TE_11');
INSERT INTO indi_durchfuehrungen VALUES('IDRF_2828', 6, 11, 2, 90, TO_DATE('2021-08-22', 'YYYY-MM-DD'), 'IVP_044', 'TE_12');
INSERT INTO indi_durchfuehrungen VALUES('IDRF_2829', 7, 10, 1, 90, TO_DATE('2021-08-22', 'YYYY-MM-DD'), 'IVP_044', 'TE_13');
INSERT INTO indi_durchfuehrungen VALUES('IDRF_2830', 9, 11, 2, 90, TO_DATE('2021-08-22', 'YYYY-MM-DD'), 'IVP_044', 'TE_14');
INSERT INTO indi_durchfuehrungen VALUES('IDRF_2831', 7, 1, 1, 0, TO_DATE('2021-08-22', 'YYYY-MM-DD'), 'IVP_044', 'TE_15');
INSERT INTO indi_durchfuehrungen VALUES('IDRF_2832', 7, 1, 1, 0, TO_DATE('2021-01-18', 'YYYY-MM-DD'), 'IVP_044', 'TE_08');
INSERT INTO indi_durchfuehrungen VALUES('IDRF_2833', 7, 8, 2, 90, TO_DATE('2021-01-18', 'YYYY-MM-DD'), 'IVP_044', 'TE_09');
INSERT INTO indi_durchfuehrungen VALUES('IDRF_2834', 10, 9, 1, 90, TO_DATE('2021-01-18', 'YYYY-MM-DD'), 'IVP_044', 'TE_10');
INSERT INTO indi_durchfuehrungen VALUES('IDRF_2835', 6, 11, 1, 120, TO_DATE('2021-01-18', 'YYYY-MM-DD'), 'IVP_044', 'TE_11');
INSERT INTO indi_durchfuehrungen VALUES('IDRF_2836', 8, 8, 3, 120, TO_DATE('2021-01-18', 'YYYY-MM-DD'), 'IVP_044', 'TE_12');
INSERT INTO indi_durchfuehrungen VALUES('IDRF_2837', 6, 10, 3, 60, TO_DATE('2021-01-18', 'YYYY-MM-DD'), 'IVP_044', 'TE_13');
INSERT INTO indi_durchfuehrungen VALUES('IDRF_2838', 6, 8, 3, 90, TO_DATE('2021-01-18', 'YYYY-MM-DD'), 'IVP_044', 'TE_14');
INSERT INTO indi_durchfuehrungen VALUES('IDRF_2839', 7, 1, 1, 0, TO_DATE('2021-01-18', 'YYYY-MM-DD'), 'IVP_044', 'TE_15');
INSERT INTO indi_durchfuehrungen VALUES('IDRF_2840', 7, 1, 1, 0, TO_DATE('2021-10-24', 'YYYY-MM-DD'), 'IVP_044', 'TE_08');
INSERT INTO indi_durchfuehrungen VALUES('IDRF_2841', 6, 9, 3, 60, TO_DATE('2021-10-24', 'YYYY-MM-DD'), 'IVP_044', 'TE_09');
INSERT INTO indi_durchfuehrungen VALUES('IDRF_2842', 10, 11, 1, 120, TO_DATE('2021-10-24', 'YYYY-MM-DD'), 'IVP_044', 'TE_10');
INSERT INTO indi_durchfuehrungen VALUES('IDRF_2843', 6, 8, 1, 120, TO_DATE('2021-10-24', 'YYYY-MM-DD'), 'IVP_044', 'TE_11');
INSERT INTO indi_durchfuehrungen VALUES('IDRF_2844', 8, 10, 2, 90, TO_DATE('2021-10-24', 'YYYY-MM-DD'), 'IVP_044', 'TE_12');
INSERT INTO indi_durchfuehrungen VALUES('IDRF_2845', 5, 10, 1, 120, TO_DATE('2021-10-24', 'YYYY-MM-DD'), 'IVP_044', 'TE_13');
INSERT INTO indi_durchfuehrungen VALUES('IDRF_2846', 9, 10, 2, 120, TO_DATE('2021-10-24', 'YYYY-MM-DD'), 'IVP_044', 'TE_14');
INSERT INTO indi_durchfuehrungen VALUES('IDRF_2847', 7, 1, 1, 0, TO_DATE('2021-10-24', 'YYYY-MM-DD'), 'IVP_044', 'TE_15');
INSERT INTO indi_durchfuehrungen VALUES('IDRF_2848', 7, 1, 1, 0, TO_DATE('2021-11-15', 'YYYY-MM-DD'), 'IVP_044', 'TE_08');
INSERT INTO indi_durchfuehrungen VALUES('IDRF_2849', 5, 9, 2, 120, TO_DATE('2021-11-15', 'YYYY-MM-DD'), 'IVP_044', 'TE_09');
INSERT INTO indi_durchfuehrungen VALUES('IDRF_2850', 6, 11, 3, 90, TO_DATE('2021-11-15', 'YYYY-MM-DD'), 'IVP_044', 'TE_10');
INSERT INTO indi_durchfuehrungen VALUES('IDRF_2851', 5, 10, 3, 120, TO_DATE('2021-11-15', 'YYYY-MM-DD'), 'IVP_044', 'TE_11');
INSERT INTO indi_durchfuehrungen VALUES('IDRF_2852', 9, 8, 2, 90, TO_DATE('2021-11-15', 'YYYY-MM-DD'), 'IVP_044', 'TE_12');
INSERT INTO indi_durchfuehrungen VALUES('IDRF_2853', 8, 10, 3, 90, TO_DATE('2021-11-15', 'YYYY-MM-DD'), 'IVP_044', 'TE_13');
INSERT INTO indi_durchfuehrungen VALUES('IDRF_2854', 9, 10, 2, 60, TO_DATE('2021-11-15', 'YYYY-MM-DD'), 'IVP_044', 'TE_14');
INSERT INTO indi_durchfuehrungen VALUES('IDRF_2855', 7, 1, 1, 0, TO_DATE('2021-11-15', 'YYYY-MM-DD'), 'IVP_044', 'TE_15');
INSERT INTO indi_durchfuehrungen VALUES('IDRF_2856', 7, 1, 1, 0, TO_DATE('2021-03-13', 'YYYY-MM-DD'), 'IVP_044', 'TE_08');
INSERT INTO indi_durchfuehrungen VALUES('IDRF_2857', 7, 8, 2, 120, TO_DATE('2021-03-13', 'YYYY-MM-DD'), 'IVP_044', 'TE_09');
INSERT INTO indi_durchfuehrungen VALUES('IDRF_2858', 8, 9, 3, 120, TO_DATE('2021-03-13', 'YYYY-MM-DD'), 'IVP_044', 'TE_10');
INSERT INTO indi_durchfuehrungen VALUES('IDRF_2859', 8, 9, 3, 120, TO_DATE('2021-03-13', 'YYYY-MM-DD'), 'IVP_044', 'TE_11');
INSERT INTO indi_durchfuehrungen VALUES('IDRF_2860', 7, 10, 3, 120, TO_DATE('2021-03-13', 'YYYY-MM-DD'), 'IVP_044', 'TE_12');
INSERT INTO indi_durchfuehrungen VALUES('IDRF_2861', 10, 10, 2, 90, TO_DATE('2021-03-13', 'YYYY-MM-DD'), 'IVP_044', 'TE_13');
INSERT INTO indi_durchfuehrungen VALUES('IDRF_2862', 10, 8, 2, 120, TO_DATE('2021-03-13', 'YYYY-MM-DD'), 'IVP_044', 'TE_14');
INSERT INTO indi_durchfuehrungen VALUES('IDRF_2863', 7, 1, 1, 0, TO_DATE('2021-03-13', 'YYYY-MM-DD'), 'IVP_044', 'TE_15');
INSERT INTO indi_durchfuehrungen VALUES('IDRF_2864', 7, 1, 1, 0, TO_DATE('2021-07-12', 'YYYY-MM-DD'), 'IVP_044', 'TE_08');
INSERT INTO indi_durchfuehrungen VALUES('IDRF_2865', 10, 10, 2, 90, TO_DATE('2021-07-12', 'YYYY-MM-DD'), 'IVP_044', 'TE_09');
INSERT INTO indi_durchfuehrungen VALUES('IDRF_2866', 10, 9, 2, 90, TO_DATE('2021-07-12', 'YYYY-MM-DD'), 'IVP_044', 'TE_10');
INSERT INTO indi_durchfuehrungen VALUES('IDRF_2867', 7, 8, 1, 90, TO_DATE('2021-07-12', 'YYYY-MM-DD'), 'IVP_044', 'TE_11');
INSERT INTO indi_durchfuehrungen VALUES('IDRF_2868', 7, 11, 3, 90, TO_DATE('2021-07-12', 'YYYY-MM-DD'), 'IVP_044', 'TE_12');
INSERT INTO indi_durchfuehrungen VALUES('IDRF_2869', 5, 9, 3, 90, TO_DATE('2021-07-12', 'YYYY-MM-DD'), 'IVP_044', 'TE_13');
INSERT INTO indi_durchfuehrungen VALUES('IDRF_2870', 5, 10, 3, 90, TO_DATE('2021-07-12', 'YYYY-MM-DD'), 'IVP_044', 'TE_14');
INSERT INTO indi_durchfuehrungen VALUES('IDRF_2871', 7, 1, 1, 0, TO_DATE('2021-07-12', 'YYYY-MM-DD'), 'IVP_044', 'TE_15');
INSERT INTO indi_durchfuehrungen VALUES('IDRF_2872', 7, 1, 1, 0, TO_DATE('2021-10-02', 'YYYY-MM-DD'), 'IVP_044', 'TE_08');
INSERT INTO indi_durchfuehrungen VALUES('IDRF_2873', 8, 8, 1, 120, TO_DATE('2021-10-02', 'YYYY-MM-DD'), 'IVP_044', 'TE_09');
INSERT INTO indi_durchfuehrungen VALUES('IDRF_2874', 7, 8, 2, 120, TO_DATE('2021-10-02', 'YYYY-MM-DD'), 'IVP_044', 'TE_10');
INSERT INTO indi_durchfuehrungen VALUES('IDRF_2875', 9, 8, 2, 120, TO_DATE('2021-10-02', 'YYYY-MM-DD'), 'IVP_044', 'TE_11');
INSERT INTO indi_durchfuehrungen VALUES('IDRF_2876', 5, 10, 1, 60, TO_DATE('2021-10-02', 'YYYY-MM-DD'), 'IVP_044', 'TE_12');
INSERT INTO indi_durchfuehrungen VALUES('IDRF_2877', 8, 11, 1, 60, TO_DATE('2021-10-02', 'YYYY-MM-DD'), 'IVP_044', 'TE_13');
INSERT INTO indi_durchfuehrungen VALUES('IDRF_2878', 10, 8, 2, 90, TO_DATE('2021-10-02', 'YYYY-MM-DD'), 'IVP_044', 'TE_14');
INSERT INTO indi_durchfuehrungen VALUES('IDRF_2879', 7, 1, 1, 0, TO_DATE('2021-10-02', 'YYYY-MM-DD'), 'IVP_044', 'TE_15');
INSERT INTO indi_durchfuehrungen VALUES('IDRF_2880', 7, 1, 1, 0, TO_DATE('2021-01-13', 'YYYY-MM-DD'), 'IVP_045', 'TE_00');
INSERT INTO indi_durchfuehrungen VALUES('IDRF_2881', 6, 11, 3, 60, TO_DATE('2021-01-13', 'YYYY-MM-DD'), 'IVP_045', 'TE_01');
INSERT INTO indi_durchfuehrungen VALUES('IDRF_2882', 6, 8, 3, 90, TO_DATE('2021-01-13', 'YYYY-MM-DD'), 'IVP_045', 'TE_02');
INSERT INTO indi_durchfuehrungen VALUES('IDRF_2883', 10, 8, 1, 120, TO_DATE('2021-01-13', 'YYYY-MM-DD'), 'IVP_045', 'TE_03');
INSERT INTO indi_durchfuehrungen VALUES('IDRF_2884', 6, 9, 2, 120, TO_DATE('2021-01-13', 'YYYY-MM-DD'), 'IVP_045', 'TE_04');
INSERT INTO indi_durchfuehrungen VALUES('IDRF_2885', 9, 8, 1, 60, TO_DATE('2021-01-13', 'YYYY-MM-DD'), 'IVP_045', 'TE_05');
INSERT INTO indi_durchfuehrungen VALUES('IDRF_2886', 9, 8, 3, 90, TO_DATE('2021-01-13', 'YYYY-MM-DD'), 'IVP_045', 'TE_06');
INSERT INTO indi_durchfuehrungen VALUES('IDRF_2887', 9, 9, 1, 120, TO_DATE('2021-01-13', 'YYYY-MM-DD'), 'IVP_045', 'TE_07');
INSERT INTO indi_durchfuehrungen VALUES('IDRF_2888', 7, 1, 1, 0, TO_DATE('2021-08-04', 'YYYY-MM-DD'), 'IVP_045', 'TE_00');
INSERT INTO indi_durchfuehrungen VALUES('IDRF_2889', 10, 11, 1, 60, TO_DATE('2021-08-04', 'YYYY-MM-DD'), 'IVP_045', 'TE_01');
INSERT INTO indi_durchfuehrungen VALUES('IDRF_2890', 7, 11, 3, 90, TO_DATE('2021-08-04', 'YYYY-MM-DD'), 'IVP_045', 'TE_02');
INSERT INTO indi_durchfuehrungen VALUES('IDRF_2891', 6, 11, 3, 120, TO_DATE('2021-08-04', 'YYYY-MM-DD'), 'IVP_045', 'TE_03');
INSERT INTO indi_durchfuehrungen VALUES('IDRF_2892', 10, 11, 2, 120, TO_DATE('2021-08-04', 'YYYY-MM-DD'), 'IVP_045', 'TE_04');
INSERT INTO indi_durchfuehrungen VALUES('IDRF_2893', 7, 9, 2, 120, TO_DATE('2021-08-04', 'YYYY-MM-DD'), 'IVP_045', 'TE_05');
INSERT INTO indi_durchfuehrungen VALUES('IDRF_2894', 10, 8, 3, 90, TO_DATE('2021-08-04', 'YYYY-MM-DD'), 'IVP_045', 'TE_06');
INSERT INTO indi_durchfuehrungen VALUES('IDRF_2895', 6, 9, 2, 90, TO_DATE('2021-08-04', 'YYYY-MM-DD'), 'IVP_045', 'TE_07');
INSERT INTO indi_durchfuehrungen VALUES('IDRF_2896', 7, 1, 1, 0, TO_DATE('2021-02-06', 'YYYY-MM-DD'), 'IVP_045', 'TE_00');
INSERT INTO indi_durchfuehrungen VALUES('IDRF_2897', 8, 11, 3, 120, TO_DATE('2021-02-06', 'YYYY-MM-DD'), 'IVP_045', 'TE_01');
INSERT INTO indi_durchfuehrungen VALUES('IDRF_2898', 9, 10, 1, 60, TO_DATE('2021-02-06', 'YYYY-MM-DD'), 'IVP_045', 'TE_02');
INSERT INTO indi_durchfuehrungen VALUES('IDRF_2899', 6, 11, 1, 60, TO_DATE('2021-02-06', 'YYYY-MM-DD'), 'IVP_045', 'TE_03');
INSERT INTO indi_durchfuehrungen VALUES('IDRF_2900', 8, 10, 3, 60, TO_DATE('2021-02-06', 'YYYY-MM-DD'), 'IVP_045', 'TE_04');
INSERT INTO indi_durchfuehrungen VALUES('IDRF_2901', 7, 8, 1, 90, TO_DATE('2021-02-06', 'YYYY-MM-DD'), 'IVP_045', 'TE_05');
INSERT INTO indi_durchfuehrungen VALUES('IDRF_2902', 6, 11, 2, 120, TO_DATE('2021-02-06', 'YYYY-MM-DD'), 'IVP_045', 'TE_06');
INSERT INTO indi_durchfuehrungen VALUES('IDRF_2903', 7, 10, 3, 60, TO_DATE('2021-02-06', 'YYYY-MM-DD'), 'IVP_045', 'TE_07');
INSERT INTO indi_durchfuehrungen VALUES('IDRF_2904', 7, 1, 1, 0, TO_DATE('2021-12-25', 'YYYY-MM-DD'), 'IVP_045', 'TE_00');
INSERT INTO indi_durchfuehrungen VALUES('IDRF_2905', 6, 9, 1, 90, TO_DATE('2021-12-25', 'YYYY-MM-DD'), 'IVP_045', 'TE_01');
INSERT INTO indi_durchfuehrungen VALUES('IDRF_2906', 6, 11, 2, 120, TO_DATE('2021-12-25', 'YYYY-MM-DD'), 'IVP_045', 'TE_02');
INSERT INTO indi_durchfuehrungen VALUES('IDRF_2907', 7, 10, 2, 120, TO_DATE('2021-12-25', 'YYYY-MM-DD'), 'IVP_045', 'TE_03');
INSERT INTO indi_durchfuehrungen VALUES('IDRF_2908', 9, 8, 2, 120, TO_DATE('2021-12-25', 'YYYY-MM-DD'), 'IVP_045', 'TE_04');
INSERT INTO indi_durchfuehrungen VALUES('IDRF_2909', 6, 9, 3, 90, TO_DATE('2021-12-25', 'YYYY-MM-DD'), 'IVP_045', 'TE_05');
INSERT INTO indi_durchfuehrungen VALUES('IDRF_2910', 5, 11, 3, 120, TO_DATE('2021-12-25', 'YYYY-MM-DD'), 'IVP_045', 'TE_06');
INSERT INTO indi_durchfuehrungen VALUES('IDRF_2911', 5, 11, 3, 90, TO_DATE('2021-12-25', 'YYYY-MM-DD'), 'IVP_045', 'TE_07');
INSERT INTO indi_durchfuehrungen VALUES('IDRF_2912', 7, 1, 1, 0, TO_DATE('2021-11-22', 'YYYY-MM-DD'), 'IVP_045', 'TE_00');
INSERT INTO indi_durchfuehrungen VALUES('IDRF_2913', 9, 9, 3, 60, TO_DATE('2021-11-22', 'YYYY-MM-DD'), 'IVP_045', 'TE_01');
INSERT INTO indi_durchfuehrungen VALUES('IDRF_2914', 8, 11, 3, 120, TO_DATE('2021-11-22', 'YYYY-MM-DD'), 'IVP_045', 'TE_02');
INSERT INTO indi_durchfuehrungen VALUES('IDRF_2915', 5, 11, 3, 60, TO_DATE('2021-11-22', 'YYYY-MM-DD'), 'IVP_045', 'TE_03');
INSERT INTO indi_durchfuehrungen VALUES('IDRF_2916', 5, 11, 3, 120, TO_DATE('2021-11-22', 'YYYY-MM-DD'), 'IVP_045', 'TE_04');
INSERT INTO indi_durchfuehrungen VALUES('IDRF_2917', 10, 10, 3, 120, TO_DATE('2021-11-22', 'YYYY-MM-DD'), 'IVP_045', 'TE_05');
INSERT INTO indi_durchfuehrungen VALUES('IDRF_2918', 7, 9, 2, 90, TO_DATE('2021-11-22', 'YYYY-MM-DD'), 'IVP_045', 'TE_06');
INSERT INTO indi_durchfuehrungen VALUES('IDRF_2919', 7, 9, 3, 60, TO_DATE('2021-11-22', 'YYYY-MM-DD'), 'IVP_045', 'TE_07');
INSERT INTO indi_durchfuehrungen VALUES('IDRF_2920', 7, 1, 1, 0, TO_DATE('2021-04-09', 'YYYY-MM-DD'), 'IVP_045', 'TE_00');
INSERT INTO indi_durchfuehrungen VALUES('IDRF_2921', 9, 8, 1, 120, TO_DATE('2021-04-09', 'YYYY-MM-DD'), 'IVP_045', 'TE_01');
INSERT INTO indi_durchfuehrungen VALUES('IDRF_2922', 7, 11, 3, 90, TO_DATE('2021-04-09', 'YYYY-MM-DD'), 'IVP_045', 'TE_02');
INSERT INTO indi_durchfuehrungen VALUES('IDRF_2923', 10, 10, 2, 90, TO_DATE('2021-04-09', 'YYYY-MM-DD'), 'IVP_045', 'TE_03');
INSERT INTO indi_durchfuehrungen VALUES('IDRF_2924', 8, 10, 3, 60, TO_DATE('2021-04-09', 'YYYY-MM-DD'), 'IVP_045', 'TE_04');
INSERT INTO indi_durchfuehrungen VALUES('IDRF_2925', 6, 8, 2, 90, TO_DATE('2021-04-09', 'YYYY-MM-DD'), 'IVP_045', 'TE_05');
INSERT INTO indi_durchfuehrungen VALUES('IDRF_2926', 10, 10, 2, 90, TO_DATE('2021-04-09', 'YYYY-MM-DD'), 'IVP_045', 'TE_06');
INSERT INTO indi_durchfuehrungen VALUES('IDRF_2927', 7, 8, 3, 60, TO_DATE('2021-04-09', 'YYYY-MM-DD'), 'IVP_045', 'TE_07');
INSERT INTO indi_durchfuehrungen VALUES('IDRF_2928', 7, 1, 1, 0, TO_DATE('2021-11-23', 'YYYY-MM-DD'), 'IVP_045', 'TE_00');
INSERT INTO indi_durchfuehrungen VALUES('IDRF_2929', 10, 9, 2, 120, TO_DATE('2021-11-23', 'YYYY-MM-DD'), 'IVP_045', 'TE_01');
INSERT INTO indi_durchfuehrungen VALUES('IDRF_2930', 10, 11, 2, 60, TO_DATE('2021-11-23', 'YYYY-MM-DD'), 'IVP_045', 'TE_02');
INSERT INTO indi_durchfuehrungen VALUES('IDRF_2931', 5, 8, 1, 90, TO_DATE('2021-11-23', 'YYYY-MM-DD'), 'IVP_045', 'TE_03');
INSERT INTO indi_durchfuehrungen VALUES('IDRF_2932', 9, 10, 2, 90, TO_DATE('2021-11-23', 'YYYY-MM-DD'), 'IVP_045', 'TE_04');
INSERT INTO indi_durchfuehrungen VALUES('IDRF_2933', 5, 9, 3, 120, TO_DATE('2021-11-23', 'YYYY-MM-DD'), 'IVP_045', 'TE_05');
INSERT INTO indi_durchfuehrungen VALUES('IDRF_2934', 10, 11, 3, 90, TO_DATE('2021-11-23', 'YYYY-MM-DD'), 'IVP_045', 'TE_06');
INSERT INTO indi_durchfuehrungen VALUES('IDRF_2935', 8, 11, 2, 90, TO_DATE('2021-11-23', 'YYYY-MM-DD'), 'IVP_045', 'TE_07');
INSERT INTO indi_durchfuehrungen VALUES('IDRF_2936', 7, 1, 1, 0, TO_DATE('2021-06-04', 'YYYY-MM-DD'), 'IVP_045', 'TE_00');
INSERT INTO indi_durchfuehrungen VALUES('IDRF_2937', 6, 11, 3, 120, TO_DATE('2021-06-04', 'YYYY-MM-DD'), 'IVP_045', 'TE_01');
INSERT INTO indi_durchfuehrungen VALUES('IDRF_2938', 8, 8, 2, 90, TO_DATE('2021-06-04', 'YYYY-MM-DD'), 'IVP_045', 'TE_02');
INSERT INTO indi_durchfuehrungen VALUES('IDRF_2939', 7, 8, 3, 120, TO_DATE('2021-06-04', 'YYYY-MM-DD'), 'IVP_045', 'TE_03');
INSERT INTO indi_durchfuehrungen VALUES('IDRF_2940', 5, 11, 3, 120, TO_DATE('2021-06-04', 'YYYY-MM-DD'), 'IVP_045', 'TE_04');
INSERT INTO indi_durchfuehrungen VALUES('IDRF_2941', 9, 8, 3, 90, TO_DATE('2021-06-04', 'YYYY-MM-DD'), 'IVP_045', 'TE_05');
INSERT INTO indi_durchfuehrungen VALUES('IDRF_2942', 10, 10, 3, 120, TO_DATE('2021-06-04', 'YYYY-MM-DD'), 'IVP_045', 'TE_06');
INSERT INTO indi_durchfuehrungen VALUES('IDRF_2943', 10, 11, 3, 60, TO_DATE('2021-06-04', 'YYYY-MM-DD'), 'IVP_045', 'TE_07');

COMMIT;