------------------------------------------------------------------------------------------------------------------------
-- Populate table arbeitseinteilung
------------------------------------------------------------------------------------------------------------------------

-- TODO Remove Datum

INSERT INTO arbeitseinteilungen VALUES ('AE_001', TO_DATE('2021-12-08 09:00', 'YYYY-MM-DD HH24:MI'), TO_DATE('2021-12-08 16:30', 'YYYY-MM-DD HH24:MI'), TO_DATE('2021-12-08','YYYY-MM-DD'));
INSERT INTO arbeitseinteilungen VALUES ('AE_002', TO_DATE('2021-01-04 08:00', 'YYYY-MM-DD HH24:MI'), TO_DATE('2021-01-04 15:30', 'YYYY-MM-DD HH24:MI'), TO_DATE('2021-01-04','YYYY-MM-DD'));
INSERT INTO arbeitseinteilungen VALUES ('AE_003', TO_DATE('2021-03-15 09:30', 'YYYY-MM-DD HH24:MI'), TO_DATE('2021-03-15 16:30', 'YYYY-MM-DD HH24:MI'), TO_DATE('2021-03-15','YYYY-MM-DD'));
INSERT INTO arbeitseinteilungen VALUES ('AE_004', TO_DATE('2021-04-21 10:30', 'YYYY-MM-DD HH24:MI'), TO_DATE('2021-04-21 16:30', 'YYYY-MM-DD HH24:MI'), TO_DATE('2021-04-21','YYYY-MM-DD'));
INSERT INTO arbeitseinteilungen VALUES ('AE_005', TO_DATE('2021-05-03 11:45', 'YYYY-MM-DD HH24:MI'), TO_DATE('2021-05-03 17:30', 'YYYY-MM-DD HH24:MI'), TO_DATE('2021-05-03','YYYY-MM-DD'));
INSERT INTO arbeitseinteilungen VALUES ('AE_006', TO_DATE('2021-12-21 09:15', 'YYYY-MM-DD HH24:MI'), TO_DATE('2021-12-21 16:30', 'YYYY-MM-DD HH24:MI'), TO_DATE('2021-12-21','YYYY-MM-DD'));
INSERT INTO arbeitseinteilungen VALUES ('AE_007', TO_DATE('2021-09-04 11:45', 'YYYY-MM-DD HH24:MI'), TO_DATE('2021-09-04 20:30', 'YYYY-MM-DD HH24:MI'), TO_DATE('2021-09-04','YYYY-MM-DD'));
INSERT INTO arbeitseinteilungen VALUES ('AE_008', TO_DATE('2021-06-15 12:00', 'YYYY-MM-DD HH24:MI'), TO_DATE('2021-06-15 21:30', 'YYYY-MM-DD HH24:MI'), TO_DATE('2021-06-15','YYYY-MM-DD'));
INSERT INTO arbeitseinteilungen VALUES ('AE_009', TO_DATE('2021-09-02 11:00', 'YYYY-MM-DD HH24:MI'), TO_DATE('2021-09-02 16:30', 'YYYY-MM-DD HH24:MI'), TO_DATE('2021-09-02','YYYY-MM-DD'));
INSERT INTO arbeitseinteilungen VALUES ('AE_010', TO_DATE('2021-08-13 09:30', 'YYYY-MM-DD HH24:MI'), TO_DATE('2021-08-13 17:30', 'YYYY-MM-DD HH24:MI'), TO_DATE('2021-08-13','YYYY-MM-DD'));
INSERT INTO arbeitseinteilungen VALUES ('AE_011', TO_DATE('2021-05-03 09:30', 'YYYY-MM-DD HH24:MI'), TO_DATE('2021-05-03 15:30', 'YYYY-MM-DD HH24:MI'), TO_DATE('2021-05-03','YYYY-MM-DD'));
INSERT INTO arbeitseinteilungen VALUES ('AE_012', TO_DATE('2021-06-13 11:00', 'YYYY-MM-DD HH24:MI'), TO_DATE('2021-06-13 20:30', 'YYYY-MM-DD HH24:MI'), TO_DATE('2021-06-13','YYYY-MM-DD'));
INSERT INTO arbeitseinteilungen VALUES ('AE_013', TO_DATE('2021-12-02 08:15', 'YYYY-MM-DD HH24:MI'), TO_DATE('2021-12-02 16:30', 'YYYY-MM-DD HH24:MI'), TO_DATE('2021-12-02','YYYY-MM-DD'));
INSERT INTO arbeitseinteilungen VALUES ('AE_014', TO_DATE('2021-08-17 08:45', 'YYYY-MM-DD HH24:MI'), TO_DATE('2021-08-17 16:30', 'YYYY-MM-DD HH24:MI'), TO_DATE('2021-08-17','YYYY-MM-DD'));
INSERT INTO arbeitseinteilungen VALUES ('AE_015', TO_DATE('2021-06-24 11:45', 'YYYY-MM-DD HH24:MI'), TO_DATE('2021-06-24 19:30', 'YYYY-MM-DD HH24:MI'), TO_DATE('2021-06-24','YYYY-MM-DD'));
INSERT INTO arbeitseinteilungen VALUES ('AE_016', TO_DATE('2021-09-03 09:15', 'YYYY-MM-DD HH24:MI'), TO_DATE('2021-09-03 17:30', 'YYYY-MM-DD HH24:MI'), TO_DATE('2021-09-03','YYYY-MM-DD'));
INSERT INTO arbeitseinteilungen VALUES ('AE_017', TO_DATE('2021-09-12 11:45', 'YYYY-MM-DD HH24:MI'), TO_DATE('2021-09-12 19:30', 'YYYY-MM-DD HH24:MI'), TO_DATE('2021-09-12','YYYY-MM-DD'));
INSERT INTO arbeitseinteilungen VALUES ('AE_018', TO_DATE('2021-04-16 13:45', 'YYYY-MM-DD HH24:MI'), TO_DATE('2021-04-16 20:30', 'YYYY-MM-DD HH24:MI'), TO_DATE('2021-04-16','YYYY-MM-DD'));
INSERT INTO arbeitseinteilungen VALUES ('AE_019', TO_DATE('2021-04-06 14:00', 'YYYY-MM-DD HH24:MI'), TO_DATE('2021-04-06 21:30', 'YYYY-MM-DD HH24:MI'), TO_DATE('2021-04-06','YYYY-MM-DD'));
INSERT INTO arbeitseinteilungen VALUES ('AE_020', TO_DATE('2021-02-18 09:30', 'YYYY-MM-DD HH24:MI'), TO_DATE('2021-02-18 17:30', 'YYYY-MM-DD HH24:MI'), TO_DATE('2021-02-18','YYYY-MM-DD'));
INSERT INTO arbeitseinteilungen VALUES ('AE_021', TO_DATE('2021-02-19 14:30', 'YYYY-MM-DD HH24:MI'), TO_DATE('2021-02-19 21:30', 'YYYY-MM-DD HH24:MI'), TO_DATE('2021-02-19','YYYY-MM-DD'));
INSERT INTO arbeitseinteilungen VALUES ('AE_022', TO_DATE('2021-04-11 11:00', 'YYYY-MM-DD HH24:MI'), TO_DATE('2021-04-11 18:30', 'YYYY-MM-DD HH24:MI'), TO_DATE('2021-04-11','YYYY-MM-DD'));
INSERT INTO arbeitseinteilungen VALUES ('AE_023', TO_DATE('2021-02-15 08:30', 'YYYY-MM-DD HH24:MI'), TO_DATE('2021-02-15 16:30', 'YYYY-MM-DD HH24:MI'), TO_DATE('2021-02-15','YYYY-MM-DD'));
INSERT INTO arbeitseinteilungen VALUES ('AE_024', TO_DATE('2021-07-26 08:45', 'YYYY-MM-DD HH24:MI'), TO_DATE('2021-07-26 16:30', 'YYYY-MM-DD HH24:MI'), TO_DATE('2021-07-26','YYYY-MM-DD'));
INSERT INTO arbeitseinteilungen VALUES ('AE_025', TO_DATE('2021-09-17 11:45', 'YYYY-MM-DD HH24:MI'), TO_DATE('2021-09-17 21:30', 'YYYY-MM-DD HH24:MI'), TO_DATE('2021-09-17','YYYY-MM-DD'));
INSERT INTO arbeitseinteilungen VALUES ('AE_026', TO_DATE('2021-11-08 09:15', 'YYYY-MM-DD HH24:MI'), TO_DATE('2021-11-08 17:30', 'YYYY-MM-DD HH24:MI'), TO_DATE('2021-11-08','YYYY-MM-DD'));
INSERT INTO arbeitseinteilungen VALUES ('AE_027', TO_DATE('2021-03-06 12:00', 'YYYY-MM-DD HH24:MI'), TO_DATE('2021-03-06 20:30', 'YYYY-MM-DD HH24:MI'), TO_DATE('2021-03-06','YYYY-MM-DD'));
INSERT INTO arbeitseinteilungen VALUES ('AE_028', TO_DATE('2021-09-21 15:45', 'YYYY-MM-DD HH24:MI'), TO_DATE('2021-09-21 21:30', 'YYYY-MM-DD HH24:MI'), TO_DATE('2021-09-21','YYYY-MM-DD'));
INSERT INTO arbeitseinteilungen VALUES ('AE_029', TO_DATE('2021-05-15 14:45', 'YYYY-MM-DD HH24:MI'), TO_DATE('2021-05-15 20:30', 'YYYY-MM-DD HH24:MI'), TO_DATE('2021-05-15','YYYY-MM-DD'));
INSERT INTO arbeitseinteilungen VALUES ('AE_030', TO_DATE('2021-02-19 09:30', 'YYYY-MM-DD HH24:MI'), TO_DATE('2021-02-19 15:30', 'YYYY-MM-DD HH24:MI'), TO_DATE('2021-02-19','YYYY-MM-DD'));

------------------------------------------------------------------------------------------------------------------------
-- Populate table arbeitsvertraege
------------------------------------------------------------------------------------------------------------------------

INSERT INTO arbeitsvertraege VALUES ('AV_01', '450,00', 'Aushilfe', 20);
INSERT INTO arbeitsvertraege VALUES ('AV_02', '3000,00', 'Manager',40);
INSERT INTO arbeitsvertraege VALUES ('AV_03', '850,00', 'Ausbildung', 36);
INSERT INTO arbeitsvertraege VALUES ('AV_04', '450', 'Aushilfe', 20);
INSERT INTO arbeitsvertraege VALUES ('AV_05', '2500,00', 'Trainer', 40);
INSERT INTO arbeitsvertraege VALUES ('AV_06', '2300,00', 'Trainer', 38);
INSERT INTO arbeitsvertraege VALUES ('AV_07', '450,00', 'Aushilfe', 20);
INSERT INTO arbeitsvertraege VALUES ('AV_08', '2500,00', 'Trainer', 40);
INSERT INTO arbeitsvertraege VALUES ('AV_09', '900,00', 'Ausbildung', 37);

------------------------------------------------------------------------------------------------------------------------
-- Populate table buchungsverlaeufe
------------------------------------------------------------------------------------------------------------------------

-- INSERT INTO buchungsverlaeufe VALUES(00, TO_DATE('2021-08-24 16:08:39', 'YYYY-MM-DD HH:mm:ss'), 'GUTSCHRIFT', 'C_001');
-- INSERT INTO buchungsverlaeufe VALUES(01, TO_DATE('2021-05-11 09:54:55', 'YYYY-MM-DD HH:mm:ss'), 'ABBUCHUNG', 'C_001');
-- INSERT INTO buchungsverlaeufe VALUES(02, TO_DATE('2021-07-17 12:06:50', 'YYYY-MM-DD HH:mm:ss'), 'CHECK-IN', 'C_001');
-- INSERT INTO buchungsverlaeufe VALUES(03, TO_DATE('2021-07-17 13:07:50', 'YYYY-MM-DD HH:mm:ss'), 'CHECK-OUT', 'C_001');
-- INSERT INTO buchungsverlaeufe VALUES(04, TO_DATE('2021-10-09 19:37:21', 'YYYY-MM-DD HH:mm:ss'), 'CHECK-IN', 'C_001');
-- INSERT INTO buchungsverlaeufe VALUES(05, TO_DATE('2021-10-09 20:37:44', 'YYYY-MM-DD HH:mm:ss'), 'CHECK-OUT', 'C_001');
-- INSERT INTO buchungsverlaeufe VALUES(06, TO_DATE('2021-10-30 15:10:38', 'YYYY-MM-DD HH:mm:ss'), 'CHECK-IN', 'C_001');
-- INSERT INTO buchungsverlaeufe VALUES(07, TO_DATE('2021-10-30 16:49:38', 'YYYY-MM-DD HH:mm:ss'), 'CHECK-OUT', 'C_001');
-- INSERT INTO buchungsverlaeufe VALUES(08, TO_DATE('2021-12-10 16:47:07', 'YYYY-MM-DD HH:mm:ss'), 'CHECK-IN', 'C_001');
-- INSERT INTO buchungsverlaeufe VALUES(09, TO_DATE('2021-12-10 18:47:24', 'YYYY-MM-DD HH:mm:ss'), 'CHECK-OUT', 'C_001');
-- INSERT INTO buchungsverlaeufe VALUES(10, TO_DATE('2021-08-01 13:36:39', 'YYYY-MM-DD HH:mm:ss'), 'ABBUCHUNG', 'C_001');
-- INSERT INTO buchungsverlaeufe VALUES(11, TO_DATE('2021-04-29 16:08:38', 'YYYY-MM-DD HH:mm:ss'), 'CHECK-IN', 'C_002');
-- INSERT INTO buchungsverlaeufe VALUES(12, TO_DATE('2021-04-29 17:09:51', 'YYYY-MM-DD HH:mm:ss'), 'CHECK-OUT', 'C_002');
-- INSERT INTO buchungsverlaeufe VALUES(13, TO_DATE('2021-11-18 16:27:05', 'YYYY-MM-DD HH:mm:ss'), 'GUTSCHRIFT', 'C_002');
-- INSERT INTO buchungsverlaeufe VALUES(14, TO_DATE('2021-10-06 19:34:42', 'YYYY-MM-DD HH:mm:ss'), 'GUTSCHRIFT', 'C_002');
-- INSERT INTO buchungsverlaeufe VALUES(15, TO_DATE('2021-03-15 20:20:52', 'YYYY-MM-DD HH:mm:ss'), 'CHECK-IN', 'C_002');
-- INSERT INTO buchungsverlaeufe VALUES(16, TO_DATE('2021-03-15 22:51:52', 'YYYY-MM-DD HH:mm:ss'), 'CHECK-OUT', 'C_002');
-- INSERT INTO buchungsverlaeufe VALUES(17, TO_DATE('2021-09-11 20:56:00', 'YYYY-MM-DD HH:mm:ss'), 'CHECK-IN', 'C_002');
-- INSERT INTO buchungsverlaeufe VALUES(18, TO_DATE('2021-09-11 21:56:49', 'YYYY-MM-DD HH:mm:ss'), 'CHECK-OUT', 'C_002');
-- INSERT INTO buchungsverlaeufe VALUES(19, TO_DATE('2021-08-10 11:17:14', 'YYYY-MM-DD HH:mm:ss'), 'ABBUCHUNG', 'C_002');
-- INSERT INTO buchungsverlaeufe VALUES(20, TO_DATE('2021-04-06 19:47:07', 'YYYY-MM-DD HH:mm:ss'), 'CHECK-IN', 'C_002');
-- INSERT INTO buchungsverlaeufe VALUES(21, TO_DATE('2021-04-06 20:47:11', 'YYYY-MM-DD HH:mm:ss'), 'CHECK-OUT', 'C_002');
-- INSERT INTO buchungsverlaeufe VALUES(22, TO_DATE('2021-01-04 09:45:57', 'YYYY-MM-DD HH:mm:ss'), 'ABBUCHUNG', 'C_003');
-- INSERT INTO buchungsverlaeufe VALUES(23, TO_DATE('2021-04-15 16:46:15', 'YYYY-MM-DD HH:mm:ss'), 'CHECK-IN', 'C_003');
-- INSERT INTO buchungsverlaeufe VALUES(24, TO_DATE('2021-04-15 18:46:53', 'YYYY-MM-DD HH:mm:ss'), 'CHECK-OUT', 'C_003');
-- INSERT INTO buchungsverlaeufe VALUES(25, TO_DATE('2021-01-20 13:21:36', 'YYYY-MM-DD HH:mm:ss'), 'CHECK-IN', 'C_003');
-- INSERT INTO buchungsverlaeufe VALUES(26, TO_DATE('2021-01-20 14:27:36', 'YYYY-MM-DD HH:mm:ss'), 'CHECK-OUT', 'C_003');
-- INSERT INTO buchungsverlaeufe VALUES(27, TO_DATE('2021-04-17 13:27:17', 'YYYY-MM-DD HH:mm:ss'), 'CHECK-IN', 'C_003');
-- INSERT INTO buchungsverlaeufe VALUES(28, TO_DATE('2021-04-17 15:47:17', 'YYYY-MM-DD HH:mm:ss'), 'CHECK-OUT', 'C_003');
-- INSERT INTO buchungsverlaeufe VALUES(29, TO_DATE('2021-09-09 10:10:27', 'YYYY-MM-DD HH:mm:ss'), 'GUTSCHRIFT', 'C_003');
-- INSERT INTO buchungsverlaeufe VALUES(30, TO_DATE('2021-05-24 14:19:26', 'YYYY-MM-DD HH:mm:ss'), 'CHECK-IN', 'C_003');
-- INSERT INTO buchungsverlaeufe VALUES(31, TO_DATE('2021-05-24 16:41:26', 'YYYY-MM-DD HH:mm:ss'), 'CHECK-OUT', 'C_003');
-- INSERT INTO buchungsverlaeufe VALUES(32, TO_DATE('2021-03-17 11:18:39', 'YYYY-MM-DD HH:mm:ss'), 'ABBUCHUNG', 'C_003');
-- INSERT INTO buchungsverlaeufe VALUES(33, TO_DATE('2021-07-29 16:01:35', 'YYYY-MM-DD HH:mm:ss'), 'GUTSCHRIFT', 'C_004');
-- INSERT INTO buchungsverlaeufe VALUES(34, TO_DATE('2021-10-24 13:30:34', 'YYYY-MM-DD HH:mm:ss'), 'CHECK-IN', 'C_004');
-- INSERT INTO buchungsverlaeufe VALUES(35, TO_DATE('2021-10-24 15:30:36', 'YYYY-MM-DD HH:mm:ss'), 'CHECK-OUT', 'C_004');
-- INSERT INTO buchungsverlaeufe VALUES(36, TO_DATE('2021-07-14 09:18:40', 'YYYY-MM-DD HH:mm:ss'), 'GUTSCHRIFT', 'C_004');
-- INSERT INTO buchungsverlaeufe VALUES(37, TO_DATE('2021-09-04 17:30:14', 'YYYY-MM-DD HH:mm:ss'), 'CHECK-IN', 'C_004');
-- INSERT INTO buchungsverlaeufe VALUES(38, TO_DATE('2021-09-04 18:35:14', 'YYYY-MM-DD HH:mm:ss'), 'CHECK-OUT', 'C_004');
-- INSERT INTO buchungsverlaeufe VALUES(39, TO_DATE('2021-03-21 12:12:25', 'YYYY-MM-DD HH:mm:ss'), 'CHECK-IN', 'C_004');
-- INSERT INTO buchungsverlaeufe VALUES(40, TO_DATE('2021-03-21 13:12:45', 'YYYY-MM-DD HH:mm:ss'), 'CHECK-OUT', 'C_004');
-- INSERT INTO buchungsverlaeufe VALUES(41, TO_DATE('2021-01-25 13:11:00', 'YYYY-MM-DD HH:mm:ss'), 'ABBUCHUNG', 'C_004');
-- INSERT INTO buchungsverlaeufe VALUES(42, TO_DATE('2021-10-28 18:46:07', 'YYYY-MM-DD HH:mm:ss'), 'ABBUCHUNG', 'C_004');
-- INSERT INTO buchungsverlaeufe VALUES(43, TO_DATE('2021-03-27 16:34:35', 'YYYY-MM-DD HH:mm:ss'), 'ABBUCHUNG', 'C_005');
-- INSERT INTO buchungsverlaeufe VALUES(44, TO_DATE('2021-11-15 20:00:39', 'YYYY-MM-DD HH:mm:ss'), 'CHECK-IN', 'C_005');
-- INSERT INTO buchungsverlaeufe VALUES(45, TO_DATE('2021-11-15 21:25:42', 'YYYY-MM-DD HH:mm:ss'), 'CHECK-OUT', 'C_005');
-- INSERT INTO buchungsverlaeufe VALUES(46, TO_DATE('2021-10-14 17:51:11', 'YYYY-MM-DD HH:mm:ss'), 'CHECK-IN', 'C_005');
-- INSERT INTO buchungsverlaeufe VALUES(47, TO_DATE('2021-10-14 18:51:11', 'YYYY-MM-DD HH:mm:ss'), 'CHECK-OUT', 'C_005');
-- INSERT INTO buchungsverlaeufe VALUES(48, TO_DATE('2021-07-30 20:45:38', 'YYYY-MM-DD HH:mm:ss'), 'ABBUCHUNG', 'C_005');
-- INSERT INTO buchungsverlaeufe VALUES(49, TO_DATE('2021-06-01 16:13:54', 'YYYY-MM-DD HH:mm:ss'), 'GUTSCHRIFT', 'C_005');
-- INSERT INTO buchungsverlaeufe VALUES(50, TO_DATE('2021-10-30 13:12:06', 'YYYY-MM-DD HH:mm:ss'), 'CHECK-IN', 'C_005');
-- INSERT INTO buchungsverlaeufe VALUES(51, TO_DATE('2021-10-30 14:52:29', 'YYYY-MM-DD HH:mm:ss'), 'CHECK-OUT', 'C_005');
-- INSERT INTO buchungsverlaeufe VALUES(52, TO_DATE('2021-05-06 16:58:40', 'YYYY-MM-DD HH:mm:ss'), 'ABBUCHUNG', 'C_005');
-- INSERT INTO buchungsverlaeufe VALUES(53, TO_DATE('2021-07-07 12:33:58', 'YYYY-MM-DD HH:mm:ss'), 'ABBUCHUNG', 'C_006');
-- INSERT INTO buchungsverlaeufe VALUES(54, TO_DATE('2021-10-22 09:53:41', 'YYYY-MM-DD HH:mm:ss'), 'CHECK-IN', 'C_006');
-- INSERT INTO buchungsverlaeufe VALUES(55, TO_DATE('2021-10-22 11:53:41', 'YYYY-MM-DD HH:mm:ss'), 'CHECK-OUT', 'C_006');
-- INSERT INTO buchungsverlaeufe VALUES(56, TO_DATE('2021-01-03 10:08:25', 'YYYY-MM-DD HH:mm:ss'), 'ABBUCHUNG', 'C_006');
-- INSERT INTO buchungsverlaeufe VALUES(57, TO_DATE('2021-02-27 15:48:59', 'YYYY-MM-DD HH:mm:ss'), 'ABBUCHUNG', 'C_006');
-- INSERT INTO buchungsverlaeufe VALUES(58, TO_DATE('2021-07-23 14:33:33', 'YYYY-MM-DD HH:mm:ss'), 'GUTSCHRIFT', 'C_006');
-- INSERT INTO buchungsverlaeufe VALUES(59, TO_DATE('2021-03-09 09:25:07', 'YYYY-MM-DD HH:mm:ss'), 'CHECK-IN', 'C_006');
-- INSERT INTO buchungsverlaeufe VALUES(60, TO_DATE('2021-03-09 10:57:59', 'YYYY-MM-DD HH:mm:ss'), 'CHECK-OUT', 'C_006');
-- INSERT INTO buchungsverlaeufe VALUES(61, TO_DATE('2021-04-22 17:54:24', 'YYYY-MM-DD HH:mm:ss'), 'CHECK-IN', 'C_006');
-- INSERT INTO buchungsverlaeufe VALUES(62, TO_DATE('2021-04-22 18:55:31', 'YYYY-MM-DD HH:mm:ss'), 'CHECK-OUT', 'C_006');
-- INSERT INTO buchungsverlaeufe VALUES(63, TO_DATE('2021-10-12 13:13:17', 'YYYY-MM-DD HH:mm:ss'), 'CHECK-IN', 'C_007');
-- INSERT INTO buchungsverlaeufe VALUES(64, TO_DATE('2021-10-12 15:38:17', 'YYYY-MM-DD HH:mm:ss'), 'CHECK-OUT', 'C_007');
-- INSERT INTO buchungsverlaeufe VALUES(65, TO_DATE('2021-05-14 13:06:13', 'YYYY-MM-DD HH:mm:ss'), 'CHECK-IN', 'C_007');
-- INSERT INTO buchungsverlaeufe VALUES(66, TO_DATE('2021-05-14 15:49:32', 'YYYY-MM-DD HH:mm:ss'), 'CHECK-OUT', 'C_007');
-- INSERT INTO buchungsverlaeufe VALUES(67, TO_DATE('2021-03-10 20:59:32', 'YYYY-MM-DD HH:mm:ss'), 'CHECK-IN', 'C_007');
-- INSERT INTO buchungsverlaeufe VALUES(68, TO_DATE('2021-03-10 22:59:32', 'YYYY-MM-DD HH:mm:ss'), 'CHECK-OUT', 'C_007');
-- INSERT INTO buchungsverlaeufe VALUES(69, TO_DATE('2021-07-24 12:35:26', 'YYYY-MM-DD HH:mm:ss'), 'GUTSCHRIFT', 'C_007');
-- INSERT INTO buchungsverlaeufe VALUES(70, TO_DATE('2021-11-16 14:47:10', 'YYYY-MM-DD HH:mm:ss'), 'CHECK-IN', 'C_007');
-- INSERT INTO buchungsverlaeufe VALUES(71, TO_DATE('2021-11-16 15:47:10', 'YYYY-MM-DD HH:mm:ss'), 'CHECK-OUT', 'C_007');
-- INSERT INTO buchungsverlaeufe VALUES(72, TO_DATE('2021-03-10 15:12:53', 'YYYY-MM-DD HH:mm:ss'), 'CHECK-IN', 'C_007');
-- INSERT INTO buchungsverlaeufe VALUES(73, TO_DATE('2021-03-10 16:15:53', 'YYYY-MM-DD HH:mm:ss'), 'CHECK-OUT', 'C_007');
-- INSERT INTO buchungsverlaeufe VALUES(74, TO_DATE('2021-07-14 17:58:30', 'YYYY-MM-DD HH:mm:ss'), 'GUTSCHRIFT', 'C_007');
-- INSERT INTO buchungsverlaeufe VALUES(75, TO_DATE('2021-06-16 16:21:17', 'YYYY-MM-DD HH:mm:ss'), 'GUTSCHRIFT', 'C_008');
-- INSERT INTO buchungsverlaeufe VALUES(76, TO_DATE('2021-01-24 10:37:53', 'YYYY-MM-DD HH:mm:ss'), 'GUTSCHRIFT', 'C_008');
-- INSERT INTO buchungsverlaeufe VALUES(77, TO_DATE('2021-03-22 16:37:42', 'YYYY-MM-DD HH:mm:ss'), 'GUTSCHRIFT', 'C_008');
-- INSERT INTO buchungsverlaeufe VALUES(78, TO_DATE('2021-09-12 15:20:55', 'YYYY-MM-DD HH:mm:ss'), 'ABBUCHUNG', 'C_008');
-- INSERT INTO buchungsverlaeufe VALUES(79, TO_DATE('2021-11-07 18:52:35', 'YYYY-MM-DD HH:mm:ss'), 'ABBUCHUNG', 'C_008');
-- INSERT INTO buchungsverlaeufe VALUES(80, TO_DATE('2021-10-11 15:05:15', 'YYYY-MM-DD HH:mm:ss'), 'ABBUCHUNG', 'C_008');
-- INSERT INTO buchungsverlaeufe VALUES(81, TO_DATE('2021-02-15 12:45:21', 'YYYY-MM-DD HH:mm:ss'), 'CHECK-IN', 'C_008');
-- INSERT INTO buchungsverlaeufe VALUES(82, TO_DATE('2021-02-15 13:45:27', 'YYYY-MM-DD HH:mm:ss'), 'CHECK-OUT', 'C_008');
-- INSERT INTO buchungsverlaeufe VALUES(83, TO_DATE('2021-09-17 19:15:40', 'YYYY-MM-DD HH:mm:ss'), 'CHECK-IN', 'C_009');
-- INSERT INTO buchungsverlaeufe VALUES(84, TO_DATE('2021-09-17 21:15:40', 'YYYY-MM-DD HH:mm:ss'), 'CHECK-OUT', 'C_009');
-- INSERT INTO buchungsverlaeufe VALUES(85, TO_DATE('2021-07-13 18:31:05', 'YYYY-MM-DD HH:mm:ss'), 'GUTSCHRIFT', 'C_009');
-- INSERT INTO buchungsverlaeufe VALUES(86, TO_DATE('2021-02-21 10:47:56', 'YYYY-MM-DD HH:mm:ss'), 'CHECK-IN', 'C_009');
-- INSERT INTO buchungsverlaeufe VALUES(87, TO_DATE('2021-02-21 11:47:56', 'YYYY-MM-DD HH:mm:ss'), 'CHECK-OUT', 'C_009');
-- INSERT INTO buchungsverlaeufe VALUES(88, TO_DATE('2021-11-13 09:07:54', 'YYYY-MM-DD HH:mm:ss'), 'CHECK-IN', 'C_009');
-- INSERT INTO buchungsverlaeufe VALUES(89, TO_DATE('2021-11-13 11:42:54', 'YYYY-MM-DD HH:mm:ss'), 'CHECK-OUT', 'C_009');
-- INSERT INTO buchungsverlaeufe VALUES(90, TO_DATE('2021-06-05 13:10:04', 'YYYY-MM-DD HH:mm:ss'), 'CHECK-IN', 'C_009');
-- INSERT INTO buchungsverlaeufe VALUES(91, TO_DATE('2021-06-05 15:56:48', 'YYYY-MM-DD HH:mm:ss'), 'CHECK-OUT', 'C_009');
-- INSERT INTO buchungsverlaeufe VALUES(92, TO_DATE('2021-04-11 11:57:52', 'YYYY-MM-DD HH:mm:ss'), 'CHECK-IN', 'C_009');
-- INSERT INTO buchungsverlaeufe VALUES(93, TO_DATE('2021-04-11 12:57:52', 'YYYY-MM-DD HH:mm:ss'), 'CHECK-OUT', 'C_009');
-- INSERT INTO buchungsverlaeufe VALUES(94, TO_DATE('2021-09-10 14:05:26', 'YYYY-MM-DD HH:mm:ss'), 'ABBUCHUNG', 'C_009');
-- INSERT INTO buchungsverlaeufe VALUES(95, TO_DATE('2021-10-13 20:36:34', 'YYYY-MM-DD HH:mm:ss'), 'GUTSCHRIFT', 'C_010');
-- INSERT INTO buchungsverlaeufe VALUES(96, TO_DATE('2021-02-01 17:58:22', 'YYYY-MM-DD HH:mm:ss'), 'ABBUCHUNG', 'C_010');
-- INSERT INTO buchungsverlaeufe VALUES(97, TO_DATE('2021-12-23 14:26:17', 'YYYY-MM-DD HH:mm:ss'), 'CHECK-IN', 'C_010');
-- INSERT INTO buchungsverlaeufe VALUES(98, TO_DATE('2021-12-23 16:38:24', 'YYYY-MM-DD HH:mm:ss'), 'CHECK-OUT', 'C_010');
-- INSERT INTO buchungsverlaeufe VALUES(99, TO_DATE('2021-02-19 12:54:38', 'YYYY-MM-DD HH:mm:ss'), 'ABBUCHUNG', 'C_010');
-- INSERT INTO buchungsverlaeufe VALUES(100, TO_DATE('2021-12-10 20:35:55', 'YYYY-MM-DD HH:mm:ss'), 'GUTSCHRIFT', 'C_010');
-- INSERT INTO buchungsverlaeufe VALUES(101, TO_DATE('2021-12-12 10:51:26', 'YYYY-MM-DD HH:mm:ss'), 'CHECK-IN', 'C_010');
-- INSERT INTO buchungsverlaeufe VALUES(102, TO_DATE('2021-12-12 11:51:26', 'YYYY-MM-DD HH:mm:ss'), 'CHECK-OUT', 'C_010');
-- INSERT INTO buchungsverlaeufe VALUES(103, TO_DATE('2021-03-29 16:21:29', 'YYYY-MM-DD HH:mm:ss'), 'CHECK-IN', 'C_010');
-- INSERT INTO buchungsverlaeufe VALUES(104, TO_DATE('2021-03-29 17:21:29', 'YYYY-MM-DD HH:mm:ss'), 'CHECK-OUT', 'C_010');
-- INSERT INTO buchungsverlaeufe VALUES(105, TO_DATE('2021-07-04 15:57:56', 'YYYY-MM-DD HH:mm:ss'), 'CHECK-IN', 'C_011');
-- INSERT INTO buchungsverlaeufe VALUES(106, TO_DATE('2021-07-04 16:57:56', 'YYYY-MM-DD HH:mm:ss'), 'CHECK-OUT', 'C_011');
-- INSERT INTO buchungsverlaeufe VALUES(107, TO_DATE('2021-09-25 10:01:15', 'YYYY-MM-DD HH:mm:ss'), 'GUTSCHRIFT', 'C_011');
-- INSERT INTO buchungsverlaeufe VALUES(108, TO_DATE('2021-12-03 16:27:58', 'YYYY-MM-DD HH:mm:ss'), 'CHECK-IN', 'C_011');
-- INSERT INTO buchungsverlaeufe VALUES(109, TO_DATE('2021-12-03 18:27:58', 'YYYY-MM-DD HH:mm:ss'), 'CHECK-OUT', 'C_011');
-- INSERT INTO buchungsverlaeufe VALUES(110, TO_DATE('2021-09-21 15:37:32', 'YYYY-MM-DD HH:mm:ss'), 'GUTSCHRIFT', 'C_011');
-- INSERT INTO buchungsverlaeufe VALUES(111, TO_DATE('2021-01-03 14:59:52', 'YYYY-MM-DD HH:mm:ss'), 'GUTSCHRIFT', 'C_011');
-- INSERT INTO buchungsverlaeufe VALUES(112, TO_DATE('2021-06-20 11:40:58', 'YYYY-MM-DD HH:mm:ss'), 'CHECK-IN', 'C_011');
-- INSERT INTO buchungsverlaeufe VALUES(113, TO_DATE('2021-06-20 13:40:58', 'YYYY-MM-DD HH:mm:ss'), 'CHECK-OUT', 'C_011');
-- INSERT INTO buchungsverlaeufe VALUES(114, TO_DATE('2021-07-16 09:14:28', 'YYYY-MM-DD HH:mm:ss'), 'CHECK-IN', 'C_011');
-- INSERT INTO buchungsverlaeufe VALUES(115, TO_DATE('2021-07-16 10:14:30', 'YYYY-MM-DD HH:mm:ss'), 'CHECK-OUT', 'C_011');
-- INSERT INTO buchungsverlaeufe VALUES(116, TO_DATE('2021-11-07 18:45:14', 'YYYY-MM-DD HH:mm:ss'), 'CHECK-IN', 'C_012');
-- INSERT INTO buchungsverlaeufe VALUES(117, TO_DATE('2021-11-07 19:45:26', 'YYYY-MM-DD HH:mm:ss'), 'CHECK-OUT', 'C_012');
-- INSERT INTO buchungsverlaeufe VALUES(118, TO_DATE('2021-10-13 19:08:05', 'YYYY-MM-DD HH:mm:ss'), 'CHECK-IN', 'C_012');
-- INSERT INTO buchungsverlaeufe VALUES(119, TO_DATE('2021-10-13 21:20:32', 'YYYY-MM-DD HH:mm:ss'), 'CHECK-OUT', 'C_012');
-- INSERT INTO buchungsverlaeufe VALUES(120, TO_DATE('2021-08-30 11:40:05', 'YYYY-MM-DD HH:mm:ss'), 'CHECK-IN', 'C_012');
-- INSERT INTO buchungsverlaeufe VALUES(121, TO_DATE('2021-08-30 13:40:38', 'YYYY-MM-DD HH:mm:ss'), 'CHECK-OUT', 'C_012');
-- INSERT INTO buchungsverlaeufe VALUES(122, TO_DATE('2021-05-02 14:50:38', 'YYYY-MM-DD HH:mm:ss'), 'CHECK-IN', 'C_012');
-- INSERT INTO buchungsverlaeufe VALUES(123, TO_DATE('2021-05-02 16:50:39', 'YYYY-MM-DD HH:mm:ss'), 'CHECK-OUT', 'C_012');
-- INSERT INTO buchungsverlaeufe VALUES(124, TO_DATE('2021-07-15 19:51:01', 'YYYY-MM-DD HH:mm:ss'), 'CHECK-IN', 'C_012');
-- INSERT INTO buchungsverlaeufe VALUES(125, TO_DATE('2021-07-15 20:51:31', 'YYYY-MM-DD HH:mm:ss'), 'CHECK-OUT', 'C_012');
-- INSERT INTO buchungsverlaeufe VALUES(126, TO_DATE('2021-06-06 14:43:48', 'YYYY-MM-DD HH:mm:ss'), 'ABBUCHUNG', 'C_012');
-- INSERT INTO buchungsverlaeufe VALUES(127, TO_DATE('2021-10-15 17:33:27', 'YYYY-MM-DD HH:mm:ss'), 'CHECK-IN', 'C_012');
-- INSERT INTO buchungsverlaeufe VALUES(128, TO_DATE('2021-10-15 18:44:43', 'YYYY-MM-DD HH:mm:ss'), 'CHECK-OUT', 'C_012');
-- INSERT INTO buchungsverlaeufe VALUES(129, TO_DATE('2021-10-14 09:33:43', 'YYYY-MM-DD HH:mm:ss'), 'ABBUCHUNG', 'C_013');
-- INSERT INTO buchungsverlaeufe VALUES(130, TO_DATE('2021-05-14 13:42:12', 'YYYY-MM-DD HH:mm:ss'), 'CHECK-IN', 'C_013');
-- INSERT INTO buchungsverlaeufe VALUES(131, TO_DATE('2021-05-14 15:42:20', 'YYYY-MM-DD HH:mm:ss'), 'CHECK-OUT', 'C_013');
-- INSERT INTO buchungsverlaeufe VALUES(132, TO_DATE('2021-07-20 18:37:56', 'YYYY-MM-DD HH:mm:ss'), 'CHECK-IN', 'C_013');
-- INSERT INTO buchungsverlaeufe VALUES(133, TO_DATE('2021-07-20 19:37:56', 'YYYY-MM-DD HH:mm:ss'), 'CHECK-OUT', 'C_013');
-- INSERT INTO buchungsverlaeufe VALUES(134, TO_DATE('2021-02-09 18:21:35', 'YYYY-MM-DD HH:mm:ss'), 'GUTSCHRIFT', 'C_013');
-- INSERT INTO buchungsverlaeufe VALUES(135, TO_DATE('2021-09-10 11:42:52', 'YYYY-MM-DD HH:mm:ss'), 'CHECK-IN', 'C_013');
-- INSERT INTO buchungsverlaeufe VALUES(136, TO_DATE('2021-09-10 13:42:52', 'YYYY-MM-DD HH:mm:ss'), 'CHECK-OUT', 'C_013');
-- INSERT INTO buchungsverlaeufe VALUES(137, TO_DATE('2021-09-23 18:10:51', 'YYYY-MM-DD HH:mm:ss'), 'ABBUCHUNG', 'C_013');
-- INSERT INTO buchungsverlaeufe VALUES(138, TO_DATE('2021-12-20 09:00:39', 'YYYY-MM-DD HH:mm:ss'), 'CHECK-IN', 'C_013');
-- INSERT INTO buchungsverlaeufe VALUES(139, TO_DATE('2021-12-20 10:04:42', 'YYYY-MM-DD HH:mm:ss'), 'CHECK-OUT', 'C_013');
-- INSERT INTO buchungsverlaeufe VALUES(140, TO_DATE('2021-12-05 20:32:25', 'YYYY-MM-DD HH:mm:ss'), 'ABBUCHUNG', 'C_014');
-- INSERT INTO buchungsverlaeufe VALUES(141, TO_DATE('2021-03-06 19:52:02', 'YYYY-MM-DD HH:mm:ss'), 'CHECK-IN', 'C_014');
-- INSERT INTO buchungsverlaeufe VALUES(142, TO_DATE('2021-03-06 21:52:10', 'YYYY-MM-DD HH:mm:ss'), 'CHECK-OUT', 'C_014');
-- INSERT INTO buchungsverlaeufe VALUES(143, TO_DATE('2021-04-29 19:54:07', 'YYYY-MM-DD HH:mm:ss'), 'CHECK-IN', 'C_014');
-- INSERT INTO buchungsverlaeufe VALUES(144, TO_DATE('2021-04-29 20:54:57', 'YYYY-MM-DD HH:mm:ss'), 'CHECK-OUT', 'C_014');
-- INSERT INTO buchungsverlaeufe VALUES(145, TO_DATE('2021-12-01 17:06:45', 'YYYY-MM-DD HH:mm:ss'), 'CHECK-IN', 'C_014');
-- INSERT INTO buchungsverlaeufe VALUES(146, TO_DATE('2021-12-01 18:25:45', 'YYYY-MM-DD HH:mm:ss'), 'CHECK-OUT', 'C_014');
-- INSERT INTO buchungsverlaeufe VALUES(147, TO_DATE('2021-08-15 12:10:03', 'YYYY-MM-DD HH:mm:ss'), 'CHECK-IN', 'C_014');
-- INSERT INTO buchungsverlaeufe VALUES(148, TO_DATE('2021-08-15 14:46:32', 'YYYY-MM-DD HH:mm:ss'), 'CHECK-OUT', 'C_014');
-- INSERT INTO buchungsverlaeufe VALUES(149, TO_DATE('2021-05-23 11:42:45', 'YYYY-MM-DD HH:mm:ss'), 'ABBUCHUNG', 'C_014');
-- INSERT INTO buchungsverlaeufe VALUES(150, TO_DATE('2021-06-02 11:36:37', 'YYYY-MM-DD HH:mm:ss'), 'ABBUCHUNG', 'C_014');
-- INSERT INTO buchungsverlaeufe VALUES(151, TO_DATE('2021-06-23 15:45:22', 'YYYY-MM-DD HH:mm:ss'), 'GUTSCHRIFT', 'C_015');
-- INSERT INTO buchungsverlaeufe VALUES(152, TO_DATE('2021-11-23 19:03:18', 'YYYY-MM-DD HH:mm:ss'), 'ABBUCHUNG', 'C_015');
-- INSERT INTO buchungsverlaeufe VALUES(153, TO_DATE('2021-10-04 17:49:50', 'YYYY-MM-DD HH:mm:ss'), 'ABBUCHUNG', 'C_015');
-- INSERT INTO buchungsverlaeufe VALUES(154, TO_DATE('2021-07-25 13:10:06', 'YYYY-MM-DD HH:mm:ss'), 'GUTSCHRIFT', 'C_015');
-- INSERT INTO buchungsverlaeufe VALUES(155, TO_DATE('2021-08-07 10:12:30', 'YYYY-MM-DD HH:mm:ss'), 'ABBUCHUNG', 'C_015');
-- INSERT INTO buchungsverlaeufe VALUES(156, TO_DATE('2021-07-18 17:03:59', 'YYYY-MM-DD HH:mm:ss'), 'ABBUCHUNG', 'C_015');
-- INSERT INTO buchungsverlaeufe VALUES(157, TO_DATE('2021-10-24 17:21:45', 'YYYY-MM-DD HH:mm:ss'), 'CHECK-IN', 'C_015');
-- INSERT INTO buchungsverlaeufe VALUES(158, TO_DATE('2021-10-24 19:37:57', 'YYYY-MM-DD HH:mm:ss'), 'CHECK-OUT', 'C_015');
-- INSERT INTO buchungsverlaeufe VALUES(159, TO_DATE('2021-09-05 10:26:32', 'YYYY-MM-DD HH:mm:ss'), 'GUTSCHRIFT', 'C_016');
-- INSERT INTO buchungsverlaeufe VALUES(160, TO_DATE('2021-11-20 15:41:08', 'YYYY-MM-DD HH:mm:ss'), 'CHECK-IN', 'C_016');
-- INSERT INTO buchungsverlaeufe VALUES(161, TO_DATE('2021-11-20 17:48:41', 'YYYY-MM-DD HH:mm:ss'), 'CHECK-OUT', 'C_016');
-- INSERT INTO buchungsverlaeufe VALUES(162, TO_DATE('2021-08-24 15:27:33', 'YYYY-MM-DD HH:mm:ss'), 'CHECK-IN', 'C_016');
-- INSERT INTO buchungsverlaeufe VALUES(163, TO_DATE('2021-08-24 17:27:49', 'YYYY-MM-DD HH:mm:ss'), 'CHECK-OUT', 'C_016');
-- INSERT INTO buchungsverlaeufe VALUES(164, TO_DATE('2021-11-23 15:39:22', 'YYYY-MM-DD HH:mm:ss'), 'CHECK-IN', 'C_016');
-- INSERT INTO buchungsverlaeufe VALUES(165, TO_DATE('2021-11-23 17:39:43', 'YYYY-MM-DD HH:mm:ss'), 'CHECK-OUT', 'C_016');
-- INSERT INTO buchungsverlaeufe VALUES(166, TO_DATE('2021-07-28 10:06:31', 'YYYY-MM-DD HH:mm:ss'), 'CHECK-IN', 'C_016');
-- INSERT INTO buchungsverlaeufe VALUES(167, TO_DATE('2021-07-28 11:15:31', 'YYYY-MM-DD HH:mm:ss'), 'CHECK-OUT', 'C_016');
-- INSERT INTO buchungsverlaeufe VALUES(168, TO_DATE('2021-04-19 15:05:17', 'YYYY-MM-DD HH:mm:ss'), 'CHECK-IN', 'C_016');
-- INSERT INTO buchungsverlaeufe VALUES(169, TO_DATE('2021-04-19 16:12:37', 'YYYY-MM-DD HH:mm:ss'), 'CHECK-OUT', 'C_016');
-- INSERT INTO buchungsverlaeufe VALUES(170, TO_DATE('2021-05-06 15:45:12', 'YYYY-MM-DD HH:mm:ss'), 'ABBUCHUNG', 'C_016');
-- INSERT INTO buchungsverlaeufe VALUES(171, TO_DATE('2021-07-21 17:02:26', 'YYYY-MM-DD HH:mm:ss'), 'CHECK-IN', 'C_017');
-- INSERT INTO buchungsverlaeufe VALUES(172, TO_DATE('2021-07-21 18:02:29', 'YYYY-MM-DD HH:mm:ss'), 'CHECK-OUT', 'C_017');
-- INSERT INTO buchungsverlaeufe VALUES(173, TO_DATE('2021-10-10 13:15:09', 'YYYY-MM-DD HH:mm:ss'), 'GUTSCHRIFT', 'C_017');
-- INSERT INTO buchungsverlaeufe VALUES(174, TO_DATE('2021-10-27 18:31:22', 'YYYY-MM-DD HH:mm:ss'), 'CHECK-IN', 'C_017');
-- INSERT INTO buchungsverlaeufe VALUES(175, TO_DATE('2021-10-27 20:40:59', 'YYYY-MM-DD HH:mm:ss'), 'CHECK-OUT', 'C_017');
-- INSERT INTO buchungsverlaeufe VALUES(176, TO_DATE('2021-04-25 15:34:37', 'YYYY-MM-DD HH:mm:ss'), 'ABBUCHUNG', 'C_017');
-- INSERT INTO buchungsverlaeufe VALUES(177, TO_DATE('2021-04-28 13:32:45', 'YYYY-MM-DD HH:mm:ss'), 'CHECK-IN', 'C_017');
-- INSERT INTO buchungsverlaeufe VALUES(178, TO_DATE('2021-04-28 14:32:45', 'YYYY-MM-DD HH:mm:ss'), 'CHECK-OUT', 'C_017');
-- INSERT INTO buchungsverlaeufe VALUES(179, TO_DATE('2021-04-18 17:09:29', 'YYYY-MM-DD HH:mm:ss'), 'ABBUCHUNG', 'C_017');
-- INSERT INTO buchungsverlaeufe VALUES(180, TO_DATE('2021-04-19 18:33:50', 'YYYY-MM-DD HH:mm:ss'), 'CHECK-IN', 'C_017');
-- INSERT INTO buchungsverlaeufe VALUES(181, TO_DATE('2021-04-19 20:37:53', 'YYYY-MM-DD HH:mm:ss'), 'CHECK-OUT', 'C_017');
-- INSERT INTO buchungsverlaeufe VALUES(182, TO_DATE('2021-12-30 18:39:55', 'YYYY-MM-DD HH:mm:ss'), 'CHECK-IN', 'C_018');
-- INSERT INTO buchungsverlaeufe VALUES(183, TO_DATE('2021-12-30 20:47:55', 'YYYY-MM-DD HH:mm:ss'), 'CHECK-OUT', 'C_018');
-- INSERT INTO buchungsverlaeufe VALUES(184, TO_DATE('2021-05-20 13:50:02', 'YYYY-MM-DD HH:mm:ss'), 'CHECK-IN', 'C_018');
-- INSERT INTO buchungsverlaeufe VALUES(185, TO_DATE('2021-05-20 14:50:39', 'YYYY-MM-DD HH:mm:ss'), 'CHECK-OUT', 'C_018');
-- INSERT INTO buchungsverlaeufe VALUES(186, TO_DATE('2021-12-27 13:20:44', 'YYYY-MM-DD HH:mm:ss'), 'GUTSCHRIFT', 'C_018');
-- INSERT INTO buchungsverlaeufe VALUES(187, TO_DATE('2021-02-05 20:44:22', 'YYYY-MM-DD HH:mm:ss'), 'CHECK-IN', 'C_018');
-- INSERT INTO buchungsverlaeufe VALUES(188, TO_DATE('2021-02-05 21:44:41', 'YYYY-MM-DD HH:mm:ss'), 'CHECK-OUT', 'C_018');
-- INSERT INTO buchungsverlaeufe VALUES(189, TO_DATE('2021-07-05 19:31:25', 'YYYY-MM-DD HH:mm:ss'), 'GUTSCHRIFT', 'C_018');
-- INSERT INTO buchungsverlaeufe VALUES(190, TO_DATE('2021-10-17 16:04:29', 'YYYY-MM-DD HH:mm:ss'), 'CHECK-IN', 'C_018');
-- INSERT INTO buchungsverlaeufe VALUES(191, TO_DATE('2021-10-17 18:33:29', 'YYYY-MM-DD HH:mm:ss'), 'CHECK-OUT', 'C_018');
-- INSERT INTO buchungsverlaeufe VALUES(192, TO_DATE('2021-06-23 17:23:36', 'YYYY-MM-DD HH:mm:ss'), 'ABBUCHUNG', 'C_018');
-- INSERT INTO buchungsverlaeufe VALUES(193, TO_DATE('2021-08-25 16:44:38', 'YYYY-MM-DD HH:mm:ss'), 'ABBUCHUNG', 'C_019');
-- INSERT INTO buchungsverlaeufe VALUES(194, TO_DATE('2021-01-19 14:57:02', 'YYYY-MM-DD HH:mm:ss'), 'CHECK-IN', 'C_019');
-- INSERT INTO buchungsverlaeufe VALUES(195, TO_DATE('2021-01-19 15:57:31', 'YYYY-MM-DD HH:mm:ss'), 'CHECK-OUT', 'C_019');
-- INSERT INTO buchungsverlaeufe VALUES(196, TO_DATE('2021-11-06 18:02:42', 'YYYY-MM-DD HH:mm:ss'), 'ABBUCHUNG', 'C_019');
-- INSERT INTO buchungsverlaeufe VALUES(197, TO_DATE('2021-03-12 12:25:31', 'YYYY-MM-DD HH:mm:ss'), 'ABBUCHUNG', 'C_019');
-- INSERT INTO buchungsverlaeufe VALUES(198, TO_DATE('2021-02-20 16:41:30', 'YYYY-MM-DD HH:mm:ss'), 'CHECK-IN', 'C_019');
-- INSERT INTO buchungsverlaeufe VALUES(199, TO_DATE('2021-02-20 18:57:30', 'YYYY-MM-DD HH:mm:ss'), 'CHECK-OUT', 'C_019');
-- INSERT INTO buchungsverlaeufe VALUES(200, TO_DATE('2021-11-09 18:13:59', 'YYYY-MM-DD HH:mm:ss'), 'CHECK-IN', 'C_019');
-- INSERT INTO buchungsverlaeufe VALUES(201, TO_DATE('2021-11-09 20:13:59', 'YYYY-MM-DD HH:mm:ss'), 'CHECK-OUT', 'C_019');
-- INSERT INTO buchungsverlaeufe VALUES(202, TO_DATE('2021-12-01 12:12:23', 'YYYY-MM-DD HH:mm:ss'), 'CHECK-IN', 'C_019');
-- INSERT INTO buchungsverlaeufe VALUES(203, TO_DATE('2021-12-01 14:41:43', 'YYYY-MM-DD HH:mm:ss'), 'CHECK-OUT', 'C_019');
-- INSERT INTO buchungsverlaeufe VALUES(204, TO_DATE('2021-12-04 09:16:09', 'YYYY-MM-DD HH:mm:ss'), 'GUTSCHRIFT', 'C_020');
-- INSERT INTO buchungsverlaeufe VALUES(205, TO_DATE('2021-10-05 11:49:20', 'YYYY-MM-DD HH:mm:ss'), 'CHECK-IN', 'C_020');
-- INSERT INTO buchungsverlaeufe VALUES(206, TO_DATE('2021-10-05 12:49:24', 'YYYY-MM-DD HH:mm:ss'), 'CHECK-OUT', 'C_020');
-- INSERT INTO buchungsverlaeufe VALUES(207, TO_DATE('2021-02-15 13:17:48', 'YYYY-MM-DD HH:mm:ss'), 'CHECK-IN', 'C_020');
-- INSERT INTO buchungsverlaeufe VALUES(208, TO_DATE('2021-02-15 14:56:59', 'YYYY-MM-DD HH:mm:ss'), 'CHECK-OUT', 'C_020');
-- INSERT INTO buchungsverlaeufe VALUES(209, TO_DATE('2021-03-23 17:39:52', 'YYYY-MM-DD HH:mm:ss'), 'CHECK-IN', 'C_020');
-- INSERT INTO buchungsverlaeufe VALUES(210, TO_DATE('2021-03-23 18:39:52', 'YYYY-MM-DD HH:mm:ss'), 'CHECK-OUT', 'C_020');
-- INSERT INTO buchungsverlaeufe VALUES(211, TO_DATE('2021-03-11 10:12:19', 'YYYY-MM-DD HH:mm:ss'), 'CHECK-IN', 'C_020');
-- INSERT INTO buchungsverlaeufe VALUES(212, TO_DATE('2021-03-11 12:26:19', 'YYYY-MM-DD HH:mm:ss'), 'CHECK-OUT', 'C_020');
-- INSERT INTO buchungsverlaeufe VALUES(213, TO_DATE('2021-06-24 11:01:25', 'YYYY-MM-DD HH:mm:ss'), 'GUTSCHRIFT', 'C_020');
-- INSERT INTO buchungsverlaeufe VALUES(214, TO_DATE('2021-06-29 10:02:26', 'YYYY-MM-DD HH:mm:ss'), 'ABBUCHUNG', 'C_020');
-- INSERT INTO buchungsverlaeufe VALUES(215, TO_DATE('2021-02-05 20:14:45', 'YYYY-MM-DD HH:mm:ss'), 'CHECK-IN', 'C_021');
-- INSERT INTO buchungsverlaeufe VALUES(216, TO_DATE('2021-02-05 21:14:45', 'YYYY-MM-DD HH:mm:ss'), 'CHECK-OUT', 'C_021');
-- INSERT INTO buchungsverlaeufe VALUES(217, TO_DATE('2021-09-02 12:35:25', 'YYYY-MM-DD HH:mm:ss'), 'ABBUCHUNG', 'C_021');
-- INSERT INTO buchungsverlaeufe VALUES(218, TO_DATE('2021-09-07 13:21:04', 'YYYY-MM-DD HH:mm:ss'), 'ABBUCHUNG', 'C_021');
-- INSERT INTO buchungsverlaeufe VALUES(219, TO_DATE('2021-01-10 19:00:32', 'YYYY-MM-DD HH:mm:ss'), 'CHECK-IN', 'C_021');
-- INSERT INTO buchungsverlaeufe VALUES(220, TO_DATE('2021-01-10 21:24:40', 'YYYY-MM-DD HH:mm:ss'), 'CHECK-OUT', 'C_021');
-- INSERT INTO buchungsverlaeufe VALUES(221, TO_DATE('2021-08-30 19:30:47', 'YYYY-MM-DD HH:mm:ss'), 'CHECK-IN', 'C_021');
-- INSERT INTO buchungsverlaeufe VALUES(222, TO_DATE('2021-08-30 20:30:51', 'YYYY-MM-DD HH:mm:ss'), 'CHECK-OUT', 'C_021');
-- INSERT INTO buchungsverlaeufe VALUES(223, TO_DATE('2021-12-19 15:50:26', 'YYYY-MM-DD HH:mm:ss'), 'CHECK-IN', 'C_021');
-- INSERT INTO buchungsverlaeufe VALUES(224, TO_DATE('2021-12-19 17:50:36', 'YYYY-MM-DD HH:mm:ss'), 'CHECK-OUT', 'C_021');
-- INSERT INTO buchungsverlaeufe VALUES(225, TO_DATE('2021-03-08 16:15:10', 'YYYY-MM-DD HH:mm:ss'), 'CHECK-IN', 'C_021');
-- INSERT INTO buchungsverlaeufe VALUES(226, TO_DATE('2021-03-08 18:25:27', 'YYYY-MM-DD HH:mm:ss'), 'CHECK-OUT', 'C_021');
-- INSERT INTO buchungsverlaeufe VALUES(227, TO_DATE('2021-08-18 19:21:23', 'YYYY-MM-DD HH:mm:ss'), 'GUTSCHRIFT', 'C_022');
-- INSERT INTO buchungsverlaeufe VALUES(228, TO_DATE('2021-12-12 13:20:21', 'YYYY-MM-DD HH:mm:ss'), 'CHECK-IN', 'C_022');
-- INSERT INTO buchungsverlaeufe VALUES(229, TO_DATE('2021-12-12 15:20:21', 'YYYY-MM-DD HH:mm:ss'), 'CHECK-OUT', 'C_022');
-- INSERT INTO buchungsverlaeufe VALUES(230, TO_DATE('2021-02-23 09:38:22', 'YYYY-MM-DD HH:mm:ss'), 'GUTSCHRIFT', 'C_022');
-- INSERT INTO buchungsverlaeufe VALUES(231, TO_DATE('2021-04-05 16:24:30', 'YYYY-MM-DD HH:mm:ss'), 'CHECK-IN', 'C_022');
-- INSERT INTO buchungsverlaeufe VALUES(232, TO_DATE('2021-04-05 17:44:52', 'YYYY-MM-DD HH:mm:ss'), 'CHECK-OUT', 'C_022');
-- INSERT INTO buchungsverlaeufe VALUES(233, TO_DATE('2021-07-04 20:17:57', 'YYYY-MM-DD HH:mm:ss'), 'CHECK-IN', 'C_022');
-- INSERT INTO buchungsverlaeufe VALUES(234, TO_DATE('2021-07-04 21:51:57', 'YYYY-MM-DD HH:mm:ss'), 'CHECK-OUT', 'C_022');
-- INSERT INTO buchungsverlaeufe VALUES(235, TO_DATE('2021-07-26 19:22:02', 'YYYY-MM-DD HH:mm:ss'), 'CHECK-IN', 'C_022');
-- INSERT INTO buchungsverlaeufe VALUES(236, TO_DATE('2021-07-26 21:22:53', 'YYYY-MM-DD HH:mm:ss'), 'CHECK-OUT', 'C_022');
-- INSERT INTO buchungsverlaeufe VALUES(237, TO_DATE('2021-12-02 19:51:06', 'YYYY-MM-DD HH:mm:ss'), 'GUTSCHRIFT', 'C_022');
-- INSERT INTO buchungsverlaeufe VALUES(238, TO_DATE('2021-08-29 10:03:24', 'YYYY-MM-DD HH:mm:ss'), 'GUTSCHRIFT', 'C_023');
-- INSERT INTO buchungsverlaeufe VALUES(239, TO_DATE('2021-08-11 16:30:17', 'YYYY-MM-DD HH:mm:ss'), 'CHECK-IN', 'C_023');
-- INSERT INTO buchungsverlaeufe VALUES(240, TO_DATE('2021-08-11 17:31:20', 'YYYY-MM-DD HH:mm:ss'), 'CHECK-OUT', 'C_023');
-- INSERT INTO buchungsverlaeufe VALUES(241, TO_DATE('2021-10-14 16:24:17', 'YYYY-MM-DD HH:mm:ss'), 'CHECK-IN', 'C_023');
-- INSERT INTO buchungsverlaeufe VALUES(242, TO_DATE('2021-10-14 17:24:38', 'YYYY-MM-DD HH:mm:ss'), 'CHECK-OUT', 'C_023');
-- INSERT INTO buchungsverlaeufe VALUES(243, TO_DATE('2021-10-20 11:28:20', 'YYYY-MM-DD HH:mm:ss'), 'GUTSCHRIFT', 'C_023');
-- INSERT INTO buchungsverlaeufe VALUES(244, TO_DATE('2021-07-29 16:17:03', 'YYYY-MM-DD HH:mm:ss'), 'GUTSCHRIFT', 'C_023');
-- INSERT INTO buchungsverlaeufe VALUES(245, TO_DATE('2021-11-08 16:14:33', 'YYYY-MM-DD HH:mm:ss'), 'GUTSCHRIFT', 'C_023');
-- INSERT INTO buchungsverlaeufe VALUES(246, TO_DATE('2021-09-21 18:12:18', 'YYYY-MM-DD HH:mm:ss'), 'GUTSCHRIFT', 'C_023');
-- INSERT INTO buchungsverlaeufe VALUES(247, TO_DATE('2021-02-13 15:36:30', 'YYYY-MM-DD HH:mm:ss'), 'GUTSCHRIFT', 'C_024');
-- INSERT INTO buchungsverlaeufe VALUES(248, TO_DATE('2021-07-26 16:28:38', 'YYYY-MM-DD HH:mm:ss'), 'CHECK-IN', 'C_024');
-- INSERT INTO buchungsverlaeufe VALUES(249, TO_DATE('2021-07-26 18:45:38', 'YYYY-MM-DD HH:mm:ss'), 'CHECK-OUT', 'C_024');
-- INSERT INTO buchungsverlaeufe VALUES(250, TO_DATE('2021-01-03 11:26:13', 'YYYY-MM-DD HH:mm:ss'), 'CHECK-IN', 'C_024');
-- INSERT INTO buchungsverlaeufe VALUES(251, TO_DATE('2021-01-03 13:26:48', 'YYYY-MM-DD HH:mm:ss'), 'CHECK-OUT', 'C_024');
-- INSERT INTO buchungsverlaeufe VALUES(252, TO_DATE('2021-08-15 14:49:14', 'YYYY-MM-DD HH:mm:ss'), 'GUTSCHRIFT', 'C_024');
-- INSERT INTO buchungsverlaeufe VALUES(253, TO_DATE('2021-07-16 19:55:07', 'YYYY-MM-DD HH:mm:ss'), 'GUTSCHRIFT', 'C_024');
-- INSERT INTO buchungsverlaeufe VALUES(254, TO_DATE('2021-08-01 19:17:40', 'YYYY-MM-DD HH:mm:ss'), 'ABBUCHUNG', 'C_024');
-- INSERT INTO buchungsverlaeufe VALUES(255, TO_DATE('2021-12-15 19:14:49', 'YYYY-MM-DD HH:mm:ss'), 'CHECK-IN', 'C_024');
-- INSERT INTO buchungsverlaeufe VALUES(256, TO_DATE('2021-12-15 20:57:49', 'YYYY-MM-DD HH:mm:ss'), 'CHECK-OUT', 'C_024');
-- INSERT INTO buchungsverlaeufe VALUES(257, TO_DATE('2021-03-10 15:13:46', 'YYYY-MM-DD HH:mm:ss'), 'CHECK-IN', 'C_025');
-- INSERT INTO buchungsverlaeufe VALUES(258, TO_DATE('2021-03-10 17:20:46', 'YYYY-MM-DD HH:mm:ss'), 'CHECK-OUT', 'C_025');
-- INSERT INTO buchungsverlaeufe VALUES(259, TO_DATE('2021-04-06 13:38:33', 'YYYY-MM-DD HH:mm:ss'), 'ABBUCHUNG', 'C_025');
-- INSERT INTO buchungsverlaeufe VALUES(260, TO_DATE('2021-06-19 14:35:30', 'YYYY-MM-DD HH:mm:ss'), 'CHECK-IN', 'C_025');
-- INSERT INTO buchungsverlaeufe VALUES(261, TO_DATE('2021-06-19 15:35:42', 'YYYY-MM-DD HH:mm:ss'), 'CHECK-OUT', 'C_025');
-- INSERT INTO buchungsverlaeufe VALUES(262, TO_DATE('2021-11-13 18:23:25', 'YYYY-MM-DD HH:mm:ss'), 'CHECK-IN', 'C_025');
-- INSERT INTO buchungsverlaeufe VALUES(263, TO_DATE('2021-11-13 19:23:25', 'YYYY-MM-DD HH:mm:ss'), 'CHECK-OUT', 'C_025');
-- INSERT INTO buchungsverlaeufe VALUES(264, TO_DATE('2021-05-12 18:50:33', 'YYYY-MM-DD HH:mm:ss'), 'CHECK-IN', 'C_025');
-- INSERT INTO buchungsverlaeufe VALUES(265, TO_DATE('2021-05-12 19:50:33', 'YYYY-MM-DD HH:mm:ss'), 'CHECK-OUT', 'C_025');
-- INSERT INTO buchungsverlaeufe VALUES(266, TO_DATE('2021-05-11 10:30:36', 'YYYY-MM-DD HH:mm:ss'), 'CHECK-IN', 'C_025');
-- INSERT INTO buchungsverlaeufe VALUES(267, TO_DATE('2021-05-11 12:30:36', 'YYYY-MM-DD HH:mm:ss'), 'CHECK-OUT', 'C_025');
-- INSERT INTO buchungsverlaeufe VALUES(268, TO_DATE('2021-05-11 12:38:55', 'YYYY-MM-DD HH:mm:ss'), 'CHECK-IN', 'C_025');
-- INSERT INTO buchungsverlaeufe VALUES(269, TO_DATE('2021-05-11 14:59:56', 'YYYY-MM-DD HH:mm:ss'), 'CHECK-OUT', 'C_025');
-- INSERT INTO buchungsverlaeufe VALUES(270, TO_DATE('2021-04-17 15:22:27', 'YYYY-MM-DD HH:mm:ss'), 'CHECK-IN', 'C_026');
-- INSERT INTO buchungsverlaeufe VALUES(271, TO_DATE('2021-04-17 17:54:38', 'YYYY-MM-DD HH:mm:ss'), 'CHECK-OUT', 'C_026');
-- INSERT INTO buchungsverlaeufe VALUES(272, TO_DATE('2021-05-06 12:38:43', 'YYYY-MM-DD HH:mm:ss'), 'CHECK-IN', 'C_026');
-- INSERT INTO buchungsverlaeufe VALUES(273, TO_DATE('2021-05-06 13:44:54', 'YYYY-MM-DD HH:mm:ss'), 'CHECK-OUT', 'C_026');
-- INSERT INTO buchungsverlaeufe VALUES(274, TO_DATE('2021-11-30 15:28:27', 'YYYY-MM-DD HH:mm:ss'), 'CHECK-IN', 'C_026');
-- INSERT INTO buchungsverlaeufe VALUES(275, TO_DATE('2021-11-30 16:57:59', 'YYYY-MM-DD HH:mm:ss'), 'CHECK-OUT', 'C_026');
-- INSERT INTO buchungsverlaeufe VALUES(276, TO_DATE('2021-06-06 12:58:28', 'YYYY-MM-DD HH:mm:ss'), 'CHECK-IN', 'C_026');
-- INSERT INTO buchungsverlaeufe VALUES(277, TO_DATE('2021-06-06 14:58:28', 'YYYY-MM-DD HH:mm:ss'), 'CHECK-OUT', 'C_026');
-- INSERT INTO buchungsverlaeufe VALUES(278, TO_DATE('2021-05-05 16:24:38', 'YYYY-MM-DD HH:mm:ss'), 'CHECK-IN', 'C_026');
-- INSERT INTO buchungsverlaeufe VALUES(279, TO_DATE('2021-05-05 17:40:38', 'YYYY-MM-DD HH:mm:ss'), 'CHECK-OUT', 'C_026');
-- INSERT INTO buchungsverlaeufe VALUES(280, TO_DATE('2021-07-04 10:23:35', 'YYYY-MM-DD HH:mm:ss'), 'ABBUCHUNG', 'C_026');
-- INSERT INTO buchungsverlaeufe VALUES(281, TO_DATE('2021-02-20 16:15:58', 'YYYY-MM-DD HH:mm:ss'), 'ABBUCHUNG', 'C_026');
-- INSERT INTO buchungsverlaeufe VALUES(282, TO_DATE('2021-02-20 11:29:55', 'YYYY-MM-DD HH:mm:ss'), 'ABBUCHUNG', 'C_027');
-- INSERT INTO buchungsverlaeufe VALUES(283, TO_DATE('2021-12-12 14:17:31', 'YYYY-MM-DD HH:mm:ss'), 'CHECK-IN', 'C_027');
-- INSERT INTO buchungsverlaeufe VALUES(284, TO_DATE('2021-12-12 16:17:31', 'YYYY-MM-DD HH:mm:ss'), 'CHECK-OUT', 'C_027');
-- INSERT INTO buchungsverlaeufe VALUES(285, TO_DATE('2021-05-11 14:21:32', 'YYYY-MM-DD HH:mm:ss'), 'CHECK-IN', 'C_027');
-- INSERT INTO buchungsverlaeufe VALUES(286, TO_DATE('2021-05-11 15:42:32', 'YYYY-MM-DD HH:mm:ss'), 'CHECK-OUT', 'C_027');
-- INSERT INTO buchungsverlaeufe VALUES(287, TO_DATE('2021-04-12 15:39:24', 'YYYY-MM-DD HH:mm:ss'), 'CHECK-IN', 'C_027');
-- INSERT INTO buchungsverlaeufe VALUES(288, TO_DATE('2021-04-12 16:57:56', 'YYYY-MM-DD HH:mm:ss'), 'CHECK-OUT', 'C_027');
-- INSERT INTO buchungsverlaeufe VALUES(289, TO_DATE('2021-02-15 10:24:10', 'YYYY-MM-DD HH:mm:ss'), 'CHECK-IN', 'C_027');
-- INSERT INTO buchungsverlaeufe VALUES(290, TO_DATE('2021-02-15 11:30:58', 'YYYY-MM-DD HH:mm:ss'), 'CHECK-OUT', 'C_027');
-- INSERT INTO buchungsverlaeufe VALUES(291, TO_DATE('2021-10-27 18:54:35', 'YYYY-MM-DD HH:mm:ss'), 'CHECK-IN', 'C_027');
-- INSERT INTO buchungsverlaeufe VALUES(292, TO_DATE('2021-10-27 19:54:49', 'YYYY-MM-DD HH:mm:ss'), 'CHECK-OUT', 'C_027');
-- INSERT INTO buchungsverlaeufe VALUES(293, TO_DATE('2021-06-07 11:46:32', 'YYYY-MM-DD HH:mm:ss'), 'GUTSCHRIFT', 'C_027');
-- INSERT INTO buchungsverlaeufe VALUES(294, TO_DATE('2021-08-12 16:52:00', 'YYYY-MM-DD HH:mm:ss'), 'CHECK-IN', 'C_028');
-- INSERT INTO buchungsverlaeufe VALUES(295, TO_DATE('2021-08-12 17:52:49', 'YYYY-MM-DD HH:mm:ss'), 'CHECK-OUT', 'C_028');
-- INSERT INTO buchungsverlaeufe VALUES(296, TO_DATE('2021-09-19 16:47:47', 'YYYY-MM-DD HH:mm:ss'), 'CHECK-IN', 'C_028');
-- INSERT INTO buchungsverlaeufe VALUES(297, TO_DATE('2021-09-19 17:47:47', 'YYYY-MM-DD HH:mm:ss'), 'CHECK-OUT', 'C_028');
-- INSERT INTO buchungsverlaeufe VALUES(298, TO_DATE('2021-06-12 14:05:06', 'YYYY-MM-DD HH:mm:ss'), 'CHECK-IN', 'C_028');
-- INSERT INTO buchungsverlaeufe VALUES(299, TO_DATE('2021-06-12 16:36:58', 'YYYY-MM-DD HH:mm:ss'), 'CHECK-OUT', 'C_028');
-- INSERT INTO buchungsverlaeufe VALUES(300, TO_DATE('2021-09-19 09:35:16', 'YYYY-MM-DD HH:mm:ss'), 'CHECK-IN', 'C_028');
-- INSERT INTO buchungsverlaeufe VALUES(301, TO_DATE('2021-09-19 11:52:16', 'YYYY-MM-DD HH:mm:ss'), 'CHECK-OUT', 'C_028');
-- INSERT INTO buchungsverlaeufe VALUES(302, TO_DATE('2021-05-28 12:36:26', 'YYYY-MM-DD HH:mm:ss'), 'ABBUCHUNG', 'C_028');
-- INSERT INTO buchungsverlaeufe VALUES(303, TO_DATE('2021-07-08 11:22:46', 'YYYY-MM-DD HH:mm:ss'), 'CHECK-IN', 'C_028');
-- INSERT INTO buchungsverlaeufe VALUES(304, TO_DATE('2021-07-08 13:22:46', 'YYYY-MM-DD HH:mm:ss'), 'CHECK-OUT', 'C_028');
-- INSERT INTO buchungsverlaeufe VALUES(305, TO_DATE('2021-11-02 19:44:22', 'YYYY-MM-DD HH:mm:ss'), 'ABBUCHUNG', 'C_028');
-- INSERT INTO buchungsverlaeufe VALUES(306, TO_DATE('2021-08-16 10:55:29', 'YYYY-MM-DD HH:mm:ss'), 'ABBUCHUNG', 'C_029');
-- INSERT INTO buchungsverlaeufe VALUES(307, TO_DATE('2021-07-24 19:46:06', 'YYYY-MM-DD HH:mm:ss'), 'ABBUCHUNG', 'C_029');
-- INSERT INTO buchungsverlaeufe VALUES(308, TO_DATE('2021-07-04 16:54:15', 'YYYY-MM-DD HH:mm:ss'), 'GUTSCHRIFT', 'C_029');
-- INSERT INTO buchungsverlaeufe VALUES(309, TO_DATE('2021-02-15 16:57:52', 'YYYY-MM-DD HH:mm:ss'), 'CHECK-IN', 'C_029');
-- INSERT INTO buchungsverlaeufe VALUES(310, TO_DATE('2021-02-15 18:57:52', 'YYYY-MM-DD HH:mm:ss'), 'CHECK-OUT', 'C_029');
-- INSERT INTO buchungsverlaeufe VALUES(311, TO_DATE('2021-07-30 11:47:15', 'YYYY-MM-DD HH:mm:ss'), 'ABBUCHUNG', 'C_029');
-- INSERT INTO buchungsverlaeufe VALUES(312, TO_DATE('2021-04-30 10:18:55', 'YYYY-MM-DD HH:mm:ss'), 'CHECK-IN', 'C_029');
-- INSERT INTO buchungsverlaeufe VALUES(313, TO_DATE('2021-04-30 12:42:55', 'YYYY-MM-DD HH:mm:ss'), 'CHECK-OUT', 'C_029');
-- INSERT INTO buchungsverlaeufe VALUES(314, TO_DATE('2021-11-26 15:00:56', 'YYYY-MM-DD HH:mm:ss'), 'CHECK-IN', 'C_029');
-- INSERT INTO buchungsverlaeufe VALUES(315, TO_DATE('2021-11-26 16:10:56', 'YYYY-MM-DD HH:mm:ss'), 'CHECK-OUT', 'C_029');
-- INSERT INTO buchungsverlaeufe VALUES(316, TO_DATE('2021-09-14 16:47:40', 'YYYY-MM-DD HH:mm:ss'), 'GUTSCHRIFT', 'C_030');
-- INSERT INTO buchungsverlaeufe VALUES(317, TO_DATE('2021-10-23 11:28:04', 'YYYY-MM-DD HH:mm:ss'), 'CHECK-IN', 'C_030');
-- INSERT INTO buchungsverlaeufe VALUES(318, TO_DATE('2021-10-23 13:44:38', 'YYYY-MM-DD HH:mm:ss'), 'CHECK-OUT', 'C_030');
-- INSERT INTO buchungsverlaeufe VALUES(319, TO_DATE('2021-07-17 09:38:36', 'YYYY-MM-DD HH:mm:ss'), 'CHECK-IN', 'C_030');
-- INSERT INTO buchungsverlaeufe VALUES(320, TO_DATE('2021-07-17 11:38:59', 'YYYY-MM-DD HH:mm:ss'), 'CHECK-OUT', 'C_030');
-- INSERT INTO buchungsverlaeufe VALUES(321, TO_DATE('2021-06-09 12:15:10', 'YYYY-MM-DD HH:mm:ss'), 'GUTSCHRIFT', 'C_030');
-- INSERT INTO buchungsverlaeufe VALUES(322, TO_DATE('2021-08-27 10:32:51', 'YYYY-MM-DD HH:mm:ss'), 'CHECK-IN', 'C_030');
-- INSERT INTO buchungsverlaeufe VALUES(323, TO_DATE('2021-08-27 12:51:51', 'YYYY-MM-DD HH:mm:ss'), 'CHECK-OUT', 'C_030');
-- INSERT INTO buchungsverlaeufe VALUES(324, TO_DATE('2021-11-26 12:48:58', 'YYYY-MM-DD HH:mm:ss'), 'ABBUCHUNG', 'C_030');
-- INSERT INTO buchungsverlaeufe VALUES(325, TO_DATE('2021-03-08 16:49:38', 'YYYY-MM-DD HH:mm:ss'), 'GUTSCHRIFT', 'C_030');

------------------------------------------------------------------------------------------------------------------------
-- Populate table krankenkassen
------------------------------------------------------------------------------------------------------------------------

INSERT INTO krankenkassen VALUES ('KK_01', 'AOK', '043 Spohn Way', '85047', 'Maibu', '728-247-6203', 'bde0@wikipedia.org', 'Brock De Paepe');
INSERT INTO krankenkassen VALUES ('KK_02', 'DAK Gesundheit', '822 Jenifer Parkway', '67782', 'Kema', '999-395-3136', 'fcromack1@livejournal.com', 'Freddie Cromack');
INSERT INTO krankenkassen VALUES ('KK_03', 'Bergische Krankenkasse', '34546 Sutteridge Hill', '23506', 'Lapas', '772-111-6293', 'mtenant2@engadget.com', 'Merrili Tenant');
INSERT INTO krankenkassen VALUES ('KK_04', 'Knappschaft', '68326 Monterey Trail', '34598', 'Inkerman', '503-523-0179', 'nmacconneely3@gizmodo.com', 'Nedi MacConneely');
INSERT INTO krankenkassen VALUES ('KK_05', 'Heimat Krankenkasse', '27 Fair Oaks Court', '24692', 'Bojonghaur', '946-648-0346', 'acallingham4@icq.com', 'Ashlie Callingham');

------------------------------------------------------------------------------------------------------------------------
-- Populate table kundenkarten
------------------------------------------------------------------------------------------------------------------------

INSERT INTO kundenkarten VALUES ('CC_001', 932);
INSERT INTO kundenkarten VALUES ('CC_002', 672);
INSERT INTO kundenkarten VALUES ('CC_003', 490);
INSERT INTO kundenkarten VALUES ('CC_004', 472);
INSERT INTO kundenkarten VALUES ('CC_005', 721);
INSERT INTO kundenkarten VALUES ('CC_006', 496);
INSERT INTO kundenkarten VALUES ('CC_007', 375);
INSERT INTO kundenkarten VALUES ('CC_008', 863);
INSERT INTO kundenkarten VALUES ('CC_009', 513);
INSERT INTO kundenkarten VALUES ('CC_010', 935);
INSERT INTO kundenkarten VALUES ('CC_011', 706);
INSERT INTO kundenkarten VALUES ('CC_012', 815);
INSERT INTO kundenkarten VALUES ('CC_013', 886);
INSERT INTO kundenkarten VALUES ('CC_014', 980);
INSERT INTO kundenkarten VALUES ('CC_015', 441);
INSERT INTO kundenkarten VALUES ('CC_016', 965);
INSERT INTO kundenkarten VALUES ('CC_017', 841);
INSERT INTO kundenkarten VALUES ('CC_018', 554);
INSERT INTO kundenkarten VALUES ('CC_019', 281);
INSERT INTO kundenkarten VALUES ('CC_020', 881);
INSERT INTO kundenkarten VALUES ('CC_021', 877);
INSERT INTO kundenkarten VALUES ('CC_022', 545);
INSERT INTO kundenkarten VALUES ('CC_023', 709);
INSERT INTO kundenkarten VALUES ('CC_024', 43);
INSERT INTO kundenkarten VALUES ('CC_025', 263);
INSERT INTO kundenkarten VALUES ('CC_026', 67);
INSERT INTO kundenkarten VALUES ('CC_027', 147);
INSERT INTO kundenkarten VALUES ('CC_028', 307);
INSERT INTO kundenkarten VALUES ('CC_029', 91);
INSERT INTO kundenkarten VALUES ('CC_030', 370);

------------------------------------------------------------------------------------------------------------------------
-- Populate table mitarbeiter
------------------------------------------------------------------------------------------------------------------------

INSERT INTO mitarbeiter VALUES ('M_01', 'John', 'White', 'M', TO_DATE('1993-11-21', 'YYYY-MM-DD'), '2567 Fairfield Trail', '10505', 'Partido', '429-253-6451', TO_DATE('2018-05-31', 'YYYY-MM-DD'), '4905111521802833530', 'Kreissparkasse Reutlingen', 'CY98 8265 1216 U7YJ IO7H BYPG 7TKJ', '5794577622');
INSERT INTO mitarbeiter VALUES ('M_02', 'Ann', 'Richfield', 'W', TO_DATE('1963-05-21', 'YYYY-MM-DD'), '38611 Chinook Trail', '35783', 'Adorjan', '257-966-4681', TO_DATE('2017-02-26', 'YYYY-MM-DD'), '4913458837624582', 'Volksbank Esslingen', 'AE67 7159 7140 0060 4918 096', '0375143017');
INSERT INTO mitarbeiter VALUES ('M_03', 'Birgitta', 'Ford', 'W', TO_DATE('2000-02-01', 'YYYY-MM-DD'), '2 Park Meadow Crossing', '27508', 'Pizarro', '720-560-6783', TO_DATE('2019-03-02', 'YYYY-MM-DD'), '3539438117305926', 'Kreissparkasse Reutlingen', 'SA68 017S AXJU XGSV K5FM UODT', '6168138420');
INSERT INTO mitarbeiter VALUES ('M_04', 'Joe', 'Hayball', 'M', TO_DATE('1990-04-21','YYYY-MM-DD'), '416 Corben Center', '91044', 'vry', '174-901-6314', TO_DATE('2013-02-23', 'YYYY-MM-DD'), '36616504490435', 'Volksbank Esslingen', 'CR11 6772 2103 0916 5410 9', '9052299420');
INSERT INTO mitarbeiter VALUES ('M_05', 'Nichol', 'Caddie', 'W', TO_DATE('1996-09-08','YYYY-MM-DD'), '55 Shasta Circle', '23456', 'Nancheng', '736-311-6065', TO_DATE('2021-06-23', 'YYYY-MM-DD'), '3575066775849862', 'Kreissparkasse Reutlingen', 'EE34 2799 1496 6641 5869', '3723113745');
INSERT INTO mitarbeiter VALUES ('M_06', 'Mike', 'Works', 'M', TO_DATE('1994-10-23','YYYY-MM-DD'), '9 Hauk Alley', '46926', 'Fengqiao', '866-656-5629', TO_DATE('2016-01-23', 'YYYY-MM-DD'), '3542201933015953', 'Volksbank Esslingen', 'EE03 0469 3847 3223 5259', '5722486647');
INSERT INTO mitarbeiter VALUES ('M_07', 'Alexander', 'Keedy', 'M', TO_DATE('1992-07-09','YYYY-MM-DD'), '0 Cambridge Junction', '62400', 'Camocim', '936-498-8488', TO_DATE('2017-06-01', 'YYYY-MM-DD'), '5108758794541089', 'Kreissparkasse Reutlingen', 'BR49 4039 9267 3208 4117 2372 832E L', '6283119190');
INSERT INTO mitarbeiter VALUES ('M_08', 'Mary', 'Baal', 'W', TO_DATE('2005-05-16','YYYY-MM-DD'), '06 Kingsford Trail', '5782', 'Kumagunnam', '971-136-0196', TO_DATE('2021-06-01', 'YYYY-MM-DD'), '6709308779133280089', 'Commerzbank Bblingen', 'MU50 BPRZ 1170 5450 9760 4580 652Z LO', '7619692177');
INSERT INTO mitarbeiter VALUES ('M_09', 'Susan', 'Filer', 'W', TO_DATE('1991-12-03','YYYY-MM-DD'), '0 Kings Trail', '14936', 'Bayt al Awb', '366-470-1994', TO_DATE('2015-04-26', 'YYYY-MM-DD'), '4041596338772', 'Volksbank Esslingen', 'AD67 2643 1046 JPZH ZY6P OZXO', '4591229556');

------------------------------------------------------------------------------------------------------------------------
-- Populate table trainer
------------------------------------------------------------------------------------------------------------------------

INSERT INTO trainer VALUES ('M_05','A');
INSERT INTO trainer VALUES ('M_06','C');
INSERT INTO trainer VALUES ('M_08','B');

------------------------------------------------------------------------------------------------------------------------
-- Populate table kunden
------------------------------------------------------------------------------------------------------------------------

INSERT INTO kunden VALUES ('C_001', 'Edward', 'Beedell', 'M', TO_DATE('2003-03-06', 'YYYY-MM-DD'), '3434 Ludington Road', '72555', 'Metzingen', '349-664-0426', 'ebeedell0@artisteer.com', '201472312178856', 'Kreissparkasse Reutlingen', 'AE47 8291 2055 4254 6814 121', '1270086561', '2345654334',                           'CC_001', 'KK_01','M_05');
INSERT INTO kunden VALUES ('C_002', 'Cobb', 'Rechert', 'M', TO_DATE('1960-05-08','YYYY-MM-DD'), '5707 Dahle Lane', '72764', 'Reutlingen', '559-780-7427', 'crechert1@dedecms.com', '374283446353401', 'Volksbank Tuebingen', 'AE22 7776 7586 9708 0072 060', '5941514867', '765434567',                                        'CC_002', 'KK_02','M_05');
INSERT INTO kunden VALUES ('C_003', 'Kincaid', 'Bruffell', 'M', TO_DATE('1997-03-15','YYYY-MM-DD'), '6 Stuart Plaza', '72070', 'Tuebingen', '804-578-2321', 'kbruffell2@narod.ru', '374288814456298', 'Kreissparkasse Reutlingen', 'MT95 FLLR 0524 8P7Z 9DFX CERP OI4L 8EX', '1507925840', '765498765',                       'CC_003', 'KK_03','M_08');
INSERT INTO kunden VALUES ('C_004', 'Odey', 'Heigho', 'M', TO_DATE('1993-07-15','YYYY-MM-DD'), '069 Starling Center', '70794', 'Filderstadt', '617-311-9109', 'oheigho3@360.cn', '3587150308041712', 'Kreissparkasse Reutlingen', 'SI97 9575 7390 8904 381', '8849256787', '234566',                                                 'CC_004', 'KK_04','M_06');
INSERT INTO kunden VALUES ('C_005', 'Lorrin', 'Butterwick', 'M', TO_DATE('1989-04-17','YYYY-MM-DD'), '29 Atwood Crossing', '72654', 'Neckartenzlingen', '107-668-0849', 'lbutterwick4@who.int', '30268482031579', 'Volksbank Tuebingen', 'HU54 7024 0989 8888 1601 9252 3398', '3312674980', '65432354',                                'CC_005', 'KK_05','M_08');
INSERT INTO kunden VALUES ('C_006', 'Melodie', 'Tadman', 'W', TO_DATE('1979-07-08','YYYY-MM-DD'), '61 Mockingbird Pass', '72622', 'Nuertingen', '325-447-9871', 'mtadman5@msu.edu', '3558991730162153', 'Kreissparkasse Reutlingen', 'DK35 3976 9707 4443 96', '7291311918', '34256534',                                            'CC_006', 'KK_01','M_06');
INSERT INTO kunden VALUES ('C_007', 'Ossie', 'Dat', 'W',TO_DATE( '1981-08-24','YYYY-MM-DD'), '56 Riverside Junction', '73230', 'Kirchheim', '504-995-2187', 'odat6@ca.gov', '3563157786886078', 'Volksbank Tuebingen', 'SM42 O356 3567 320E LE4W WSLK QQP', '3467202799', '3423462',                                       'CC_007', 'KK_02','M_08');
INSERT INTO kunden VALUES ('C_008', 'Shelley', 'Woolam', 'W', TO_DATE('1997-06-21','YYYY-MM-DD'), '86 Dennis Hill', '72764', 'Reutlingen', '769-455-5316', 'swoolam7@google.pl', '675971503749615545', 'Commerzbank Esslingen', 'FR09 8363 1485 82SC NHCL O1UZ D86', '0088637506','5432456',                                    'CC_008', 'KK_03','M_06');
INSERT INTO kunden VALUES ('C_009', 'Ashlee', 'Chstney', 'W', TO_DATE('1986-12-15','YYYY-MM-DD'), '71 Lerdahl Terrace', '72764', 'Reutlingen', '986-887-8186', 'achstney8@chronoengine.com', '5100134301200312', 'Volksbank Tuebingen', 'GT74 PWWM 8AIK WSJD 3WHQ 9LJG YCZS', '9603555584', '345654',                              'CC_009', 'KK_04','M_08');
INSERT INTO kunden VALUES ('C_010', 'Rockey', 'Stapele', 'W', TO_DATE('2002-05-20','YYYY-MM-DD'), '035 Quincy Trail', '72764', 'Reutlingen', '370-444-9021', 'rstapele9@e-recht24.de', '4026400321100954', 'Kreissparkasse Reutlingen', 'DK73 6552 1457 7113 46', '1859805795', '218542',                                         'CC_010', 'KK_05','M_05');
INSERT INTO kunden VALUES ('C_011', 'Gideon', 'Annon', 'M', TO_DATE('1973-08-06','YYYY-MM-DD'), '266 Gina Pass', '72764', 'Reutlingen', '123-181-7464', 'gannona@exblog.jp', '4917981460579175', 'Volksbank Tuebingen', 'DO50 7IDN 1918 6038 7729 3274 7258', '3164876106', '454332',                                            'CC_011', 'KK_01','M_06');
INSERT INTO kunden VALUES ('C_012', 'Spike', 'Jaukovic', 'M', TO_DATE('1969-05-04','YYYY-MM-DD'), '9 Crescent Oaks Trail', '72555', 'Metzingen', '506-212-9422', 'sjaukovicb@walmart.com', '4905028235441236854', 'Kreissparkasse Reutlingen', 'FR82 8212 3140 56ZF CUP2 R0AH P49', '9273820891', '524573',                    'CC_012', 'KK_02','M_05');
INSERT INTO kunden VALUES ('C_013', 'Lyndel', 'Brockie', 'W', TO_DATE('1982-05-25','YYYY-MM-DD'), '143 Vera Way', '72555', 'Metzingen', '557-135-7150', 'lbrockiec@yale.edu', '6706989677694710852', 'Volksbank Tuebingen', 'PL76 2964 8362 3582 4258 2087 0634', '9847018863', '9872345',                                      'CC_013', 'KK_03','M_08');
INSERT INTO kunden VALUES ('C_014', 'Pancho', 'Abramzon', 'M', TO_DATE('1960-07-02','YYYY-MM-DD'), '665 Eastwood Lane', '72555', 'Metzingen', '878-143-7305', 'pabramzond@tumblr.com', '3574328611904199', 'Commerzbank Esslingen', 'CH43 5469 8SJD ISVF RZE7 9', '2072540356', '3456765',                                'CC_014', 'KK_04','M_06');
INSERT INTO kunden VALUES ('C_015', 'Culver', 'Jukes', 'M',TO_DATE('1968-02-29','YYYY-MM-DD') , '640 Jackson Junction', '72622', 'Nuertingen', '183-961-1505', 'cjukese@google.co.uk', '5375071592293440', 'Volksbank Tuebingen', 'GT85 Q2SP HQND CDUC CJVZ WQMF GANA', '0592061558', '45672',                                  'CC_015', 'KK_05','M_06');
INSERT INTO kunden VALUES ('C_016', 'Orelle', 'Sizeland', 'W', TO_DATE('1992-03-01','YYYY-MM-DD'), '23045 3rd Street', '72622', 'Nuertingen', '223-493-0493', 'osizelandf@reddit.com', '3584841244961814', 'Kreissparkasse Reutlingen', 'AD39 7657 2906 YUIN KRDN SKMY', '4345174740', '452842',                            'CC_016', 'KK_01','M_05');
INSERT INTO kunden VALUES ('C_017', 'Renaud', 'Goricke', 'M', TO_DATE('2003-02-20','YYYY-MM-DD'), '8604 Luster Lane', '2442', 'Kirchheim', '422-608-6380', 'rgorickeg@microsoft.com', '3565814365140594', 'Commerzbank Esslingen', 'IS07 5405 4488 6321 3775 6623 11', '7477752442', '76432326',                               'CC_017', 'KK_02','M_08');
INSERT INTO kunden VALUES ('C_018', 'Ewen', 'Fieldhouse', 'W',TO_DATE('1974-06-03','YYYY-MM-DD'), '11 Graedel Center', '84242', 'Kirchheim', '136-101-2947', 'efieldhouseh@house.gov', '3554568601994999', 'Commerzbank Esslingen', 'RS96 8568 2229 8589 5679 80', '5121495188', '83248',                                       'CC_018', 'KK_03','M_05');
INSERT INTO kunden VALUES ('C_019', 'Shane', 'Tayler', 'W', TO_DATE('1980-09-07','YYYY-MM-DD'), '98 Longview Circle', '70794', 'Filderstadt', '393-601-2272', 'stayleri@fotki.com', '675971911381757030', 'Volksbank Tuebingen', 'BE05 3532 8340 4353', '1428661964', '342357654',                                              'CC_019', 'KK_04','M_08');
INSERT INTO kunden VALUES ('C_020', 'Alla', 'Plom', 'W', TO_DATE('2002-04-18','YYYY-MM-DD'), '34825 Fairfield Street', '70794', 'Filderstadt', '755-220-6157', 'aplomj@senate.gov', '3551728126143075', 'Volksbank Tuebingen', 'DE26 4076 4280 5549 3250 60', '8073295865', '6543223456',                                          'CC_020', 'KK_05','M_08');
INSERT INTO kunden VALUES ('C_021', 'Saloma', 'Billington', 'W', TO_DATE('1966-10-03','YYYY-MM-DD'), '215 Clyde Gallagher Lane', '72070', 'Tuebingen', '545-684-8284', 'sbillingtonk@who.int', '4844191902682615', 'Kreissparkasse Reutlingen', 'RO61 LTBT OMO5 QTBW IPPS G5SH', '9145201315', '87654345114',             'CC_021', 'KK_01','M_06');
INSERT INTO kunden VALUES ('C_022', 'Scarlett', 'Neiland', 'W', TO_DATE('1961-11-16','YYYY-MM-DD'), '5 Tomscot Alley', '72070', 'Tuebingen', '263-920-3319', 'sneilandl@wisc.edu', '5610909989414683471', 'Commerzbank Esslingen', 'CR24 9959 9737 3032 4311 1', '9060258320', '42678723',                                         'CC_022', 'KK_02','M_05');
INSERT INTO kunden VALUES ('C_023', 'Morlee', 'Whetland', 'W', TO_DATE('1971-02-25','YYYY-MM-DD'), '181 Browning Trail', '72070', 'Tuebingen', '639-239-1190', 'mwhetlandm@tinyurl.com', '3573361733944075', 'Kreissparkasse Reutlingen', 'FR15 3978 6840 32FM YXSN NCEJ G06', '1963569296', '3252484',                     'CC_023', 'KK_03','M_05');
INSERT INTO kunden VALUES ('C_024', 'Danika', 'Redrup', 'W', TO_DATE('1973-11-30','YYYY-MM-DD'), '31 Sutteridge Avenue', '72654', 'Neckartenzlingen', '634-111-5788', 'dredrupn@upenn.edu', '3552522694084400', 'Commerzbank Esslingen', 'ES94 8467 4921 5571 1869 2405', '9351926044', '674533221',                               'CC_024', 'KK_04','M_08');
INSERT INTO kunden VALUES ('C_025', 'Gwynne', 'Buckston', 'W', TO_DATE('1988-05-03','YYYY-MM-DD'), '3536 South Court', '72654', 'Neckartenzlingen', '356-526-6409', 'gbuckstono@jigsy.com', '3567660433898590', 'Commerzbank Esslingen', 'SM19 W112 5432 807U ISYT ISWH U1V', '4783268703', '31487654323',                          'CC_025', 'KK_05','M_06');
INSERT INTO kunden VALUES ('C_026', 'Jewel', 'Glanville', 'W', TO_DATE('1972-04-19','YYYY-MM-DD'), '17962 Dunning Plaza', '73230', 'Kirchheim', '825-647-0335', 'jglanvillep@netvibes.com', '3554637768008024', 'Kreissparkasse Reutlingen', 'BR55 5218 7183 1744 1537 6750 929U G', '6709294625', '3494646134',                 'CC_026', 'KK_01','M_05');
INSERT INTO kunden VALUES ('C_027', 'Flinn', 'Gammade', 'M', TO_DATE('1960-04-06','YYYY-MM-DD'), '592 Stone Corner Park', '72070', 'Tuebingen', '885-899-0077', 'fgammadeq@sogou.com', '3574326855216023', 'Kreissparkasse Reutlingen', 'PS11 VAIP 6DHO J7ZG 3XLE OOQY EAHI G', '9211279763', '3259831123',                        'CC_027', 'KK_02','M_05');
INSERT INTO kunden VALUES ('C_028', 'Nevsa', 'Druce', 'W',TO_DATE('1974-01-30','YYYY-MM-DD'), '288 Del Sol Place', '73230', 'Kirchheim', '630-274-3008', 'ndrucer@globo.com', '371070886291214', 'Kreissparkasse Reutlingen', 'HR66 3358 0587 7925 4912 0', '8838545480', '24543765',                                         'CC_028', 'KK_03','M_06');
INSERT INTO kunden VALUES ('C_029', 'Justine', 'Currey', 'W', TO_DATE('1986-05-19','YYYY-MM-DD'), '9 Barnett Way', '72654', 'Neckartenzlingen', '203-803-2392', 'jcurreys@dropbox.com', '4041377808043', 'Commerzbank Esslingen', 'TR14 8350 6TPO A9UN TQSI 6V6Z HD', '8404974624', '753831236',                                     'CC_029', 'KK_04','M_08');
INSERT INTO kunden VALUES ('C_030', 'Curr', 'Kidwell', 'M', TO_DATE('1971-03-11','YYYY-MM-DD'), '58 Northview Way', '72622', 'Nuertingen', '675-699-0035', 'ckidwellt@sbwire.com', '30210235305728', 'Volksbank Tuebingen', 'DE44 3178 2662 3985 8122 91', '2040548335', '3495324924',                                              'CC_030', 'KK_05','M_05');

------------------------------------------------------------------------------------------------------------------------
-- Populate table kurse
------------------------------------------------------------------------------------------------------------------------

INSERT INTO kurse
VALUES  ('KRS_00', 'Zumba', 60, 15,
         TO_DATE('2021-07-12 17:00','YYYY-MM-DD HH24:MI','NLS_DATE_LANGUAGE=AMERICAN'),
         TO_DATE('2022-07-12 18:00','YYYY-MM-DD HH24:MI','NLS_DATE_LANGUAGE=AMERICAN'));
INSERT INTO kurse
VALUES ('KRS_01', 'Hot Iron', 30, 10,
        TO_DATE('2021-07-13 17:00','YYYY-MM-DD HH24:MI','NLS_DATE_LANGUAGE=AMERICAN'),
        TO_DATE('2022-07-13 17:30','YYYY-MM-DD HH24:MI','NLS_DATE_LANGUAGE=AMERICAN'));
INSERT INTO kurse
VALUES('KRS_02', 'Crossfit', 60, 8,
       TO_DATE('2021-07-14 17:00','YYYY-MM-DD HH24:MI','NLS_DATE_LANGUAGE=AMERICAN'),
       TO_DATE('2022-07-14 18:00','YYYY-MM-DD HH24:MI','NLS_DATE_LANGUAGE=AMERICAN'));
INSERT INTO kurse
VALUES('KRS_03', 'Functional Training', 45, 6,
       TO_DATE('2021-07-15 17:00','YYYY-MM-DD HH24:MI','NLS_DATE_LANGUAGE=AMERICAN'),
       TO_DATE('2022-07-15 17:45','YYYY-MM-DD HH24:MI','NLS_DATE_LANGUAGE=AMERICAN'));
INSERT INTO kurse
VALUES('KRS_04', 'Yoga', 60, 25,
       TO_DATE('2021-07-16 17:00','YYYY-MM-DD HH24:MI','NLS_DATE_LANGUAGE=AMERICAN'),
       TO_DATE('2022-07-16 18:00','YYYY-MM-DD HH24:MI','NLS_DATE_LANGUAGE=AMERICAN'));
INSERT INTO kurse
VALUES ('KRS_05', 'Mobility', 90, 20,
        TO_DATE('2021-07-17 17:00','YYYY-MM-DD HH24:MI','NLS_DATE_LANGUAGE=AMERICAN'),
        TO_DATE('2022-07-17 18:30','YYYY-MM-DD HH24:MI','NLS_DATE_LANGUAGE=AMERICAN'));
INSERT INTO kurse
VALUES ('KRS_06', 'Kapoeira', 120, 22,
        TO_DATE('2021-07-18 17:00','YYYY-MM-DD HH24:MI','NLS_DATE_LANGUAGE=AMERICAN'),
        TO_DATE('2022-07-18 19:00','YYYY-MM-DD HH24:MI','NLS_DATE_LANGUAGE=AMERICAN'));

------------------------------------------------------------------------------------------------------------------------
-- Populate table leitet_kurs
------------------------------------------------------------------------------------------------------------------------

INSERT INTO leitet_kurs VALUES ('KRS_00', 'M_05');
INSERT INTO leitet_kurs VALUES ('KRS_01', 'M_06');
INSERT INTO leitet_kurs VALUES ('KRS_02', 'M_08');
INSERT INTO leitet_kurs VALUES ('KRS_03', 'M_05');
INSERT INTO leitet_kurs VALUES ('KRS_04', 'M_06');
INSERT INTO leitet_kurs VALUES ('KRS_05', 'M_08');
INSERT INTO leitet_kurs VALUES ('KRS_06', 'M_05');

------------------------------------------------------------------------------------------------------------------------
-- Populate table sportgeraete
------------------------------------------------------------------------------------------------------------------------

INSERT INTO sportgeraete VALUES('SG_001','Aerobic-Stepper', 'Reebok', '742735785-X',TO_DATE('2017-03-12','YYYY-MM-DD'), TO_DATE('2021-02-06','YYYY-MM-DD'), '83,01', 'T');
INSERT INTO sportgeraete VALUES('SG_002','Aerobic-Stepper', 'Reebok', '7427357862-X',TO_DATE('2017-03-12','YYYY-MM-DD'), TO_DATE('2021-02-06','YYYY-MM-DD'), '83,01', 'F');
INSERT INTO sportgeraete VALUES('SG_003','Aerobic-Stepper', 'Reebok', '7427357835-X',TO_DATE('2017-03-12','YYYY-MM-DD'), TO_DATE('2021-02-06','YYYY-MM-DD'), '83,01', 'F');
INSERT INTO sportgeraete VALUES('SG_004','Brustpresse', 'Sport-Thieme', '663053156-8',TO_DATE('2020-08-17','YYYY-MM-DD'), TO_DATE('2020-09-09','YYYY-MM-DD'), '495,10', 'T');
INSERT INTO sportgeraete VALUES('SG_005','Beinpresse', 'Super Pro', '2109995432-2',TO_DATE('2018-01-13','YYYY-MM-DD'), TO_DATE('2020-09-13','YYYY-MM-DD'), '275,07', 'F');
INSERT INTO sportgeraete VALUES('SG_006','Crosstrainer', 'Sport-Thieme', '374455454-6',TO_DATE('2020-05-01','YYYY-MM-DD'),TO_DATE('2021-03-13','YYYY-MM-DD') , '189,54', 'F');
INSERT INTO sportgeraete VALUES('SG_007','Crosstrainer', 'Sport-Thieme', '374454534-6',TO_DATE('2020-05-01','YYYY-MM-DD'), TO_DATE('2021-03-13','YYYY-MM-DD'), '189,54', 'F');
INSERT INTO sportgeraete VALUES('SG_008','Crosstrainer', 'Sport-Thieme', '374457654-6',TO_DATE('2020-05-01','YYYY-MM-DD'), TO_DATE('2021-03-13','YYYY-MM-DD'), '189,54', 'F');
INSERT INTO sportgeraete VALUES('SG_009','Hantelbank', 'Sport-Thieme', '016260269-3',TO_DATE('2018-04-30','YYYY-MM-DD'),TO_DATE('2021-01-26','YYYY-MM-DD') , '498,02', 'T');
INSERT INTO sportgeraete VALUES('SG_010','Hantelbank', 'Sport-Thieme', '016260692-3',TO_DATE('2018-04-30','YYYY-MM-DD'),TO_DATE('2021-01-26','YYYY-MM-DD') , '498,02', 'F');
INSERT INTO sportgeraete VALUES('SG_011','Schulterpresse','Sport-Thieme', '314258743-8',TO_DATE('2020-01-08','YYYY-MM-DD'),TO_DATE('2020-11-19','YYYY-MM-DD') , '458,10', 'F');
INSERT INTO sportgeraete VALUES('SG_012','Hantelstange', 'Balanced-Body', '552930987-0',TO_DATE('2018-11-28','YYYY-MM-DD'), TO_DATE('2020-08-27','YYYY-MM-DD'), '18,40', 'T');
INSERT INTO sportgeraete VALUES('SG_013','Hantelstange', 'Balanced-Body', '552930938-0',TO_DATE('2018-11-28','YYYY-MM-DD'), TO_DATE('2020-08-27','YYYY-MM-DD'), '18,40', 'F');
INSERT INTO sportgeraete VALUES('SG_014','Bauchpresse', 'Balanced-Body', '442233095-0',TO_DATE('2015-03-13','YYYY-MM-DD'), TO_DATE('2021-05-02','YYYY-MM-DD'), '480,59', 'F');
INSERT INTO sportgeraete VALUES('SG_015','Kabelturm', 'Sport-Thieme', '853798453-1',TO_DATE('2018-05-18','YYYY-MM-DD'), TO_DATE('2020-11-08','YYYY-MM-DD'), '247,88', 'F');
INSERT INTO sportgeraete VALUES('SG_016','Kabelturm', 'Sport-Thieme', '8537984543-1',TO_DATE('2018-05-18','YYYY-MM-DD'), TO_DATE('2020-11-08','YYYY-MM-DD'), '247,88', 'F');
INSERT INTO sportgeraete VALUES('SG_017','Indoor Bikes', 'Balanced-Body', '4710340262-0',TO_DATE('2017-03-23','YYYY-MM-DD'),TO_DATE('2020-09-14','YYYY-MM-DD') , '340,78', 'F');
INSERT INTO sportgeraete VALUES('SG_018','Indoor Bikes', 'Balanced-Body', '471034025-0',TO_DATE('2017-03-23','YYYY-MM-DD'),TO_DATE('2020-09-14','YYYY-MM-DD') , '340,78', 'F');
INSERT INTO sportgeraete VALUES('SG_019','Indoor Bikes', 'Balanced-Body', '4710340887-0',TO_DATE('2017-03-23','YYYY-MM-DD'), TO_DATE('2020-09-14','YYYY-MM-DD'), '340,78', 'T');
INSERT INTO sportgeraete VALUES('SG_020','Faszienrolle', 'Balanced-Body', '812701031-6',TO_DATE('2018-03-14','YYYY-MM-DD'), TO_DATE('2021-06-02','YYYY-MM-DD'), '22,48', 'F');
INSERT INTO sportgeraete VALUES('SG_021','Faszienrolle', 'Balanced-Body', '8127010322-6',TO_DATE('2018-03-14','YYYY-MM-DD'),TO_DATE('2021-06-02','YYYY-MM-DD') , '22,48', 'F');
INSERT INTO sportgeraete VALUES('SG_022','Faszienrolle', 'Balanced-Body', '8127010333-6',TO_DATE('2018-03-14','YYYY-MM-DD'), TO_DATE('2021-06-02','YYYY-MM-DD'), '22,48', 'F');
INSERT INTO sportgeraete VALUES('SG_023','Rueckenstrecker', 'Life Fitness','746206818-4',TO_DATE('2018-11-11','YYYY-MM-DD'),TO_DATE('2021-05-09','YYYY-MM-DD'), '196,95','F');
INSERT INTO sportgeraete VALUES('SG_024','Rueckenstrecker', 'Life Fitness','746206819-4',TO_DATE('2018-11-11','YYYY-MM-DD'),TO_DATE('2021-05-09','YYYY-MM-DD') , '196,95', 'T');
INSERT INTO sportgeraete VALUES('SG_025','Laufband', 'Stages','859856964-X',TO_DATE('2013-11-09','YYYY-MM-DD'), TO_DATE('2020-08-11','YYYY-MM-DD'), '317,78', 'F');
INSERT INTO sportgeraete VALUES('SG_026','Laufband', 'Stages','85985696632-X',TO_DATE('2013-11-09','YYYY-MM-DD'), TO_DATE('2020-08-11','YYYY-MM-DD'), '317,78', 'T');
INSERT INTO sportgeraete VALUES('SG_027','Laufband', 'Stages','859856965-X',TO_DATE('2013-11-09','YYYY-MM-DD'), TO_DATE('2020-08-11','YYYY-MM-DD'), '317,78','F');
INSERT INTO sportgeraete VALUES('SG_028','Gymnastikball', 'Reebok','523936375-7',TO_DATE('2016-01-10','YYYY-MM-DD'),TO_DATE('2021-01-12','YYYY-MM-DD') , '34,39','F');
INSERT INTO sportgeraete VALUES('SG_029','Gymnastikball', 'Reebok','523936372-7',TO_DATE('2016-01-10','YYYY-MM-DD'),TO_DATE('2021-01-12','YYYY-MM-DD') , '34,39','F');
INSERT INTO sportgeraete VALUES('SG_030','Gymnastikball', 'Reebok','52393637689-7',TO_DATE('2016-01-10','YYYY-MM-DD'), TO_DATE('2021-01-12','YYYY-MM-DD'), '34,39','F');
INSERT INTO sportgeraete VALUES('SG_031','Fitnessmatte', 'Reebok','811304171-0',TO_DATE('2016-09-27','YYYY-MM-DD'),TO_DATE('2020-09-27','YYYY-MM-DD') , '399,98', 'F');
INSERT INTO sportgeraete VALUES('SG_032','Fitnessmatte', 'Reebok','8113041724-0',TO_DATE('2016-09-27','YYYY-MM-DD'), TO_DATE('2020-09-27','YYYY-MM-DD'), '399,98','F');
INSERT INTO sportgeraete VALUES('SG_033','Fitnessmatte', 'Reebok','81130417963-0',TO_DATE('2016-09-27','YYYY-MM-DD'),TO_DATE('2020-09-27','YYYY-MM-DD') , '399,98','F');
INSERT INTO sportgeraete VALUES('SG_034','Butterfly', 'Stages', '932074453-X',TO_DATE('2015-05-31','YYYY-MM-DD'), TO_DATE('2021-04-28','YYYY-MM-DD'), '476,83','F');
INSERT INTO sportgeraete VALUES('SG_035','Beinbeuger', 'Stages', '93207445234-X',TO_DATE('2015-05-31','YYYY-MM-DD'),TO_DATE('2021-04-28','YYYY-MM-DD'), '476,83','F');
INSERT INTO sportgeraete VALUES('SG_036','Latismuszug', 'Balanced-Body', '396263007-4',TO_DATE('2020-03-03','YYYY-MM-DD'), TO_DATE('2020-10-29','YYYY-MM-DD'), '490,80', 'T');
INSERT INTO sportgeraete VALUES('SG_037','Beinstrecker', 'Balanced-Body', '3962630588-4',TO_DATE('2020-03-03','YYYY-MM-DD'), TO_DATE('2020-10-29','YYYY-MM-DD'), '490,80','F');
INSERT INTO sportgeraete VALUES('SG_038','Schraegbank', 'Stages', '61518093005-0',TO_DATE('2019-09-25','YYYY-MM-DD'), TO_DATE('2020-08-11','YYYY-MM-DD'), '236,60','F');
INSERT INTO sportgeraete VALUES('SG_039','Schraegbank', 'Stages', '615180930-0',TO_DATE('2019-09-25','YYYY-MM-DD'), TO_DATE('2020-08-11','YYYY-MM-DD'), '336,60','F');
INSERT INTO sportgeraete VALUES('SG_040','Rudermaschine', 'Balanced-Body','078809144-1',TO_DATE('2016-04-20','YYYY-MM-DD'), TO_DATE('2021-02-15','YYYY-MM-DD'), '364,31','F');
INSERT INTO sportgeraete VALUES('SG_041','Abduktionsmaschine', 'Balanced-Body','078809143-1',TO_DATE('2016-04-20','YYYY-MM-DD'), TO_DATE('2021-02-15','YYYY-MM-DD'), '365,31', 'T');
INSERT INTO sportgeraete VALUES('SG_042','Adduktionsmaschine', 'Balanced-Body', '078809145-1',TO_DATE('2016-04-20','YYYY-MM-DD'), TO_DATE('2021-02-15','YYYY-MM-DD'), '378,31', 'T');

------------------------------------------------------------------------------------------------------------------------
-- Populate table steht_unter_vertrag
------------------------------------------------------------------------------------------------------------------------

INSERT INTO steht_unter_vertrag VALUES ('M_01','AV_01');
INSERT INTO steht_unter_vertrag VALUES ('M_02','AV_02');
INSERT INTO steht_unter_vertrag VALUES ('M_03','AV_03');
INSERT INTO steht_unter_vertrag VALUES ('M_04','AV_05');
INSERT INTO steht_unter_vertrag VALUES ('M_05','AV_04');
INSERT INTO steht_unter_vertrag VALUES ('M_06','AV_06');
INSERT INTO steht_unter_vertrag VALUES ('M_07','AV_07');
INSERT INTO steht_unter_vertrag VALUES ('M_08','AV_09');
INSERT INTO steht_unter_vertrag VALUES ('M_09','AV_08');

------------------------------------------------------------------------------------------------------------------------
-- Populate table trainingseinheiten
------------------------------------------------------------------------------------------------------------------------

-- TODO: Vorgaenger, Nachfolger, mehrfacheintraege(?)
-- TODO: Hier koennte es ganz bitter werden: Referenz auf einen Nachfolger, der noch nicht erstellt ist, geht leider nicht :'(

INSERT INTO trainingseinheiten VALUES ('TE_00', 'Stepper', 20, 'Stepper Cardio Training', null, null, 'SG_001');
INSERT INTO trainingseinheiten VALUES ('TE_01', 'Stepper', 20, 'Stepper Cardio Training', null, null, 'SG_002');
-- INSERT INTO trainingseinheiten VALUES ('TE_02', 'Stepper', 20, 'Stepper Cardio Training', null, 'TE_20', 'SG_003');
-- INSERT INTO trainingseinheiten VALUES ('TE_03', 'Laufband', 20, 'Laufband Cardio Training', null, 'TE_13', 'SG_004');
-- INSERT INTO trainingseinheiten VALUES ('TE_04', 'Laufband', 20, 'Laufband Cardio Training', null, 'TE_17', 'SG_005');
-- INSERT INTO trainingseinheiten VALUES ('TE_05', 'Laufband', 20, 'Laufband Cardio Training', null, 'TE_21', 'SG_006');
-- INSERT INTO trainingseinheiten VALUES ('TE_06', 'Crosstrainer', 30, 'Crosstrainer Workout', null, 'TE_14', 'SG_007');
-- INSERT INTO trainingseinheiten VALUES ('TE_07', 'Crosstrainer', 30, 'Crosstrainer Workout', null, 'TE_18', 'SG_008');
-- INSERT INTO trainingseinheiten VALUES ('TE_08', 'Crosstrainer', 30, 'Crosstrainer Workout', null, 'TE_22', 'SG_009');
-- INSERT INTO trainingseinheiten VALUES ('TE_09', 'Biking', 30, 'Fahrrad fahren', null, 'TE_15', 'SG_010');
-- INSERT INTO trainingseinheiten VALUES ('TE_10', 'Biking', 30, 'Fahrrad fahren', null, 'TE_19', 'SG_011');
-- INSERT INTO trainingseinheiten VALUES ('TE_11', 'Biking', 30, 'Fahrrad fahren', null, 'TE_23', 'SG_012');
-- INSERT INTO trainingseinheiten VALUES ('TE_12', 'Bankdruecken', 15, 'Hanteltraining mit x Gewicht', 'TE_00', null, 'SG_013');
-- INSERT INTO trainingseinheiten VALUES ('TE_13', 'Bankdruecken', 15, 'Hanteltraining mit x Gewicht', 'TE_03', null, 'SG_013');
-- INSERT INTO trainingseinheiten VALUES ('TE_14', 'Bankdruecken', 15, 'Hanteltraining mit x Gewicht', 'TE_06', null, 'SG_014');
-- INSERT INTO trainingseinheiten VALUES ('TE_15', 'Bankdruecken', 15, 'Hanteltraining mit x Gewicht', 'TE_09', null, 'SG_014');
-- INSERT INTO trainingseinheiten VALUES ('TE_13', 'Schraekbankdruecken', 12, 'Hanteltraining mit x Gewicht', 'te_57', 'te_37', 'sg_786');
-- INSERT INTO trainingseinheiten VALUES ('TE_14', 'Schraekbankdruecken', 12, 'Hanteltraining mit x Gewicht', 'te_25', 'te_44', 'sg_167');
-- INSERT INTO trainingseinheiten VALUES ('TE_15', 'SZ-Bizeps-Curls', 10, 'Hanteltraining mit x Gewicht', 'te_07', 'te_87', 'sg_196');
-- INSERT INTO trainingseinheiten VALUES ('TE_16', 'Butterfly', 10, 'Training an Maschine mit x Gewicht', 'te_01', 'te_33', 'sg_266');
-- INSERT INTO trainingseinheiten VALUES ('TE_17', 'Reverse-Butterfly', 10, 'Training an Maschine mit x Gewicht', 'te_88', 'te_57', 'sg_874');
-- INSERT INTO trainingseinheiten VALUES ('TE_18', 'Brustpresse', 15, 'Training an Maschine mit x Gewicht', 'te_72', 'te_95', 'sg_681');
-- INSERT INTO trainingseinheiten VALUES ('TE_19', 'Beipresse', 12, 'Training an Maschine mit x Gewicht', 'te_77', 'te_08', 'sg_898');
-- INSERT INTO trainingseinheiten VALUES ('TE_20', 'Bauchpresse', 10, 'Training an Maschine mit x Gewicht', 'te_66', 'te_75', 'sg_700');
-- INSERT INTO trainingseinheiten VALUES ('TE_21', 'Rckenstrecker',10, 'Training an Maschine mit x Gewicht', 'te_35', 'te_98', 'sg_062');
-- INSERT INTO trainingseinheiten VALUES ('TE_22', 'Beinstrecker',10, 'Training an Maschine mit x Gewicht', 'te_24', 'te_27', 'sg_071');
-- INSERT INTO trainingseinheiten VALUES ('TE_23', 'Beinbeuger', 10, 'Training an Maschine mit x Gewicht', 'te_97', 'te_44', 'sg_385');
-- INSERT INTO trainingseinheiten VALUES ('TE_24', 'Kniebeuge', 15, 'Hanteltraining mit x Gewicht', 'te_79', 'te_24', 'sg_129');
-- INSERT INTO trainingseinheiten VALUES ('TE_25', 'Kreuzheben',20, 'Hanteltraining mit x Gewicht', 'te_02', 'te_20', 'sg_664');
-- INSERT INTO trainingseinheiten VALUES ('TE_26', 'Schulterpresse',15, 'Hanteltraining mit x Gewicht', 'te_38', 'te_14', 'sg_448');
-- INSERT INTO trainingseinheiten VALUES ('TE_27', 'Bein Abduktion',10, 'Training an Maschine mit x Gewicht', 'te_59', 'te_38', 'sg_032');
-- INSERT INTO trainingseinheiten VALUES ('TE_28', 'Bein Adduktion',10, 'Training an Maschine mit x Gewicht', 'te_26', 'te_74', 'sg_001');
-- INSERT INTO trainingseinheiten VALUES ('TE_29', 'Latisimuszug',12, 'Training am Kabelturm mit x Gewicht', 'te_99', 'te_94', 'sg_247');
-- INSERT INTO trainingseinheiten VALUES ('TE_30', 'Rudern',12, 'Training am Kabelturm mit x Gewicht', 'te_35', 'te_97', 'sg_708');
-- INSERT INTO trainingseinheiten VALUES ('TE_31', 'Trizeps Extension am Kabelturm',8, 'Training am Kabelturm mit x Gewicht', 'te_23', 'te_66', 'sg_152');
-- INSERT INTO trainingseinheiten VALUES ('TE_32', 'Bizeps Curls am Kabelturm',8, 'Training am Kabelturm mit x Gewicht', 'te_75', 'te_41', 'sg_608');
-- INSERT INTO trainingseinheiten VALUES ('TE_33', 'Klimmzge',10, 'Krpergewichtsbung', 'te_61', 'te_96', 'sg_824');
-- INSERT INTO trainingseinheiten VALUES ('TE_34', 'Dips',10, 'Krpergewichtsbung', 'te_61', 'te_96', 'sg_824');

------------------------------------------------------------------------------------------------------------------------
-- Populate table trainingsplaene
------------------------------------------------------------------------------------------------------------------------

INSERT INTO trainingsplaene VALUES ('TP_01', 'Beginner Friendly', 1, 2, 6);
INSERT INTO trainingsplaene VALUES ('TP_02', 'Ganzkrper', 2, 3, 12);
INSERT INTO trainingsplaene VALUES ('TP_03', 'Muskelaufbau', 4, 6, 8);
INSERT INTO trainingsplaene VALUES ('TP_04', '12-Wochen Challenge', 5, 4, 12);
INSERT INTO trainingsplaene VALUES ('TP_05', 'Zirkeltraining', 5, 5, 12);

------------------------------------------------------------------------------------------------------------------------
-- Populate table durchfuehrungen
------------------------------------------------------------------------------------------------------------------------

-- TODO Trainingseinheiten anpassen

INSERT INTO durchfuehrungen VALUES ('DRF_001', 6, 1, 1, 0, 1, 'TE_01', 'TP_01');
INSERT INTO durchfuehrungen VALUES ('DRF_002', 7, 10, 2, 120, 2, 'TE_01', 'TP_01');
INSERT INTO durchfuehrungen VALUES ('DRF_003', 8, 10, 2, 120, 3, 'TE_01', 'TP_01');
INSERT INTO durchfuehrungen VALUES ('DRF_004', 6, 12, 3, 90, 4, 'TE_01', 'TP_01');
INSERT INTO durchfuehrungen VALUES ('DRF_005', 7, 12, 3, 90, 5, 'TE_01', 'TP_01');
INSERT INTO durchfuehrungen VALUES ('DRF_006', 8, 12, 3, 90, 6, 'TE_01', 'TP_01');
INSERT INTO durchfuehrungen VALUES ('DRF_007', 7, 15, 2, 60, 7, 'TE_01', 'TP_01');
INSERT INTO durchfuehrungen VALUES ('DRF_008', 7, 15, 2, 60, 8, 'TE_01', 'TP_01');
INSERT INTO durchfuehrungen VALUES ('DRF_009', 7, 10, 3, 90, 1, 'TE_01', 'TP_02');
INSERT INTO durchfuehrungen VALUES ('DRF_010', 8, 10, 2, 90, 2, 'TE_01', 'TP_02');
INSERT INTO durchfuehrungen VALUES ('DRF_011', 7, 12, 3, 120, 3, 'TE_01', 'TP_02');
INSERT INTO durchfuehrungen VALUES ('DRF_012', 9, 8, 1, 120, 4, 'TE_01', 'TP_02');
INSERT INTO durchfuehrungen VALUES ('DRF_013', 8, 10, 2, 90, 5, 'TE_01', 'TP_02');
INSERT INTO durchfuehrungen VALUES ('DRF_014', 9, 6, 3, 150, 6, 'TE_01', 'TP_02');
INSERT INTO durchfuehrungen VALUES ('DRF_015', 8, 10, 3, 90, 7, 'TE_01', 'TP_02');
INSERT INTO durchfuehrungen VALUES ('DRF_016', 7, 15, 2, 60, 8, 'TE_01', 'TP_02');
INSERT INTO durchfuehrungen VALUES ('DRF_017', 8, 12, 3, 60, 1, 'TE_01', 'TP_03');
INSERT INTO durchfuehrungen VALUES ('DRF_018', 8, 12, 4, 60, 2, 'TE_01', 'TP_03');
INSERT INTO durchfuehrungen VALUES ('DRF_019', 9, 10, 2, 150, 3, 'TE_01', 'TP_03');
INSERT INTO durchfuehrungen VALUES ('DRF_020', 9, 8, 3, 120, 4, 'TE_01', 'TP_03');
INSERT INTO durchfuehrungen VALUES ('DRF_021', 9, 6, 3, 120, 5, 'TE_01', 'TP_03');
INSERT INTO durchfuehrungen VALUES ('DRF_022', 8, 10, 4, 90, 6, 'TE_01', 'TP_03');
INSERT INTO durchfuehrungen VALUES ('DRF_023', 9, 5, 5, 120, 7, 'TE_01', 'TP_03');
INSERT INTO durchfuehrungen VALUES ('DRF_024', 9, 5, 3, 120, 8, 'TE_01', 'TP_03');
INSERT INTO durchfuehrungen VALUES ('DRF_025', 6, 20, 1, 60, 1, 'TE_01', 'TP_04');
INSERT INTO durchfuehrungen VALUES ('DRF_026', 6, 15, 2, 60, 2, 'TE_01', 'TP_04');
INSERT INTO durchfuehrungen VALUES ('DRF_027', 7, 12, 3, 90, 3, 'TE_01', 'TP_04');
INSERT INTO durchfuehrungen VALUES ('DRF_028', 7, 12, 3, 60, 4, 'TE_01', 'TP_04');
INSERT INTO durchfuehrungen VALUES ('DRF_029', 8, 10, 4, 90, 5, 'TE_01', 'TP_04');
INSERT INTO durchfuehrungen VALUES ('DRF_030', 8, 10, 3, 120, 6, 'TE_01', 'TP_04');
INSERT INTO durchfuehrungen VALUES ('DRF_031', 9, 8, 3, 120, 7, 'TE_01', 'TP_04');
INSERT INTO durchfuehrungen VALUES ('DRF_032', 9, 6, 4, 150, 8, 'TE_01', 'TP_04');
INSERT INTO durchfuehrungen VALUES ('DRF_033', 10, 8, 1, 120, 1, 'TE_01', 'TP_05');
INSERT INTO durchfuehrungen VALUES ('DRF_034', 9, 10, 3, 90, 2, 'TE_01', 'TP_05');
INSERT INTO durchfuehrungen VALUES ('DRF_035', 9, 10, 2, 60, 3, 'TE_01', 'TP_05');
INSERT INTO durchfuehrungen VALUES ('DRF_036', 8, 12, 3, 60, 4, 'TE_01', 'TP_05');
INSERT INTO durchfuehrungen VALUES ('DRF_037', 8, 12, 2, 90, 5, 'TE_01', 'TP_05');
INSERT INTO durchfuehrungen VALUES ('DRF_038', 8, 12, 1, 45, 6, 'TE_01', 'TP_05');
INSERT INTO durchfuehrungen VALUES ('DRF_039', 7, 15, 3, 45, 7, 'TE_01', 'TP_05');
INSERT INTO durchfuehrungen VALUES ('DRF_040', 7, 15, 2, 60, 8, 'TE_01', 'TP_05');

------------------------------------------------------------------------------------------------------------------------
-- Populate table wird_eingeteilit_in
------------------------------------------------------------------------------------------------------------------------

INSERT INTO wird_eingeteilt_in VALUES ('M_01','AE_001');
INSERT INTO wird_eingeteilt_in VALUES ('M_02','AE_002');
INSERT INTO wird_eingeteilt_in VALUES ('M_03','AE_003');
INSERT INTO wird_eingeteilt_in VALUES ('M_04','AE_004');
INSERT INTO wird_eingeteilt_in VALUES ('M_05','AE_005');
INSERT INTO wird_eingeteilt_in VALUES ('M_06','AE_006');
INSERT INTO wird_eingeteilt_in VALUES ('M_07','AE_007');
INSERT INTO wird_eingeteilt_in VALUES ('M_08','AE_008');
INSERT INTO wird_eingeteilt_in VALUES ('M_09','AE_009');
INSERT INTO wird_eingeteilt_in VALUES ('M_01','AE_010');
INSERT INTO wird_eingeteilt_in VALUES ('M_02','AE_011');
INSERT INTO wird_eingeteilt_in VALUES ('M_03','AE_012');
INSERT INTO wird_eingeteilt_in VALUES ('M_04','AE_013');
INSERT INTO wird_eingeteilt_in VALUES ('M_05','AE_014');
INSERT INTO wird_eingeteilt_in VALUES ('M_06','AE_015');
INSERT INTO wird_eingeteilt_in VALUES ('M_07','AE_016');
INSERT INTO wird_eingeteilt_in VALUES ('M_08','AE_017');
INSERT INTO wird_eingeteilt_in VALUES ('M_09','AE_018');
INSERT INTO wird_eingeteilt_in VALUES ('M_01','AE_019');
INSERT INTO wird_eingeteilt_in VALUES ('M_02','AE_020');
INSERT INTO wird_eingeteilt_in VALUES ('M_03','AE_021');
INSERT INTO wird_eingeteilt_in VALUES ('M_04','AE_022');
INSERT INTO wird_eingeteilt_in VALUES ('M_05','AE_023');
INSERT INTO wird_eingeteilt_in VALUES ('M_06','AE_024');
INSERT INTO wird_eingeteilt_in VALUES ('M_07','AE_025');
INSERT INTO wird_eingeteilt_in VALUES ('M_08','AE_026');
INSERT INTO wird_eingeteilt_in VALUES ('M_09','AE_027');
INSERT INTO wird_eingeteilt_in VALUES ('M_04','AE_028');
INSERT INTO wird_eingeteilt_in VALUES ('M_05','AE_029');
INSERT INTO wird_eingeteilt_in VALUES ('M_06','AE_030');

------------------------------------------------------------------------------------------------------------------------
-- Populate table ist_Teilnehmer
------------------------------------------------------------------------------------------------------------------------

INSERT INTO ist_teilnehmer VALUES ('KRS_00', 'C_001');
INSERT INTO ist_teilnehmer VALUES ('KRS_00', 'C_002');
INSERT INTO ist_teilnehmer VALUES ('KRS_00', 'C_004');
INSERT INTO ist_teilnehmer VALUES ('KRS_00', 'C_006');
INSERT INTO ist_teilnehmer VALUES ('KRS_00', 'C_007');
INSERT INTO ist_teilnehmer VALUES ('KRS_00', 'C_008');
INSERT INTO ist_teilnehmer VALUES ('KRS_00', 'C_009');
INSERT INTO ist_teilnehmer VALUES ('KRS_00', 'C_010');
INSERT INTO ist_teilnehmer VALUES ('KRS_00', 'C_012');
INSERT INTO ist_teilnehmer VALUES ('KRS_00', 'C_014');
INSERT INTO ist_teilnehmer VALUES ('KRS_00', 'C_015');
INSERT INTO ist_teilnehmer VALUES ('KRS_00', 'C_020');
INSERT INTO ist_teilnehmer VALUES ('KRS_00', 'C_024');
INSERT INTO ist_teilnehmer VALUES ('KRS_00', 'C_027');
INSERT INTO ist_teilnehmer VALUES ('KRS_00', 'C_001');
INSERT INTO ist_teilnehmer VALUES ('KRS_01', 'C_001');
INSERT INTO ist_teilnehmer VALUES ('KRS_01', 'C_002');
INSERT INTO ist_teilnehmer VALUES ('KRS_01', 'C_003');
INSERT INTO ist_teilnehmer VALUES ('KRS_01', 'C_006');
INSERT INTO ist_teilnehmer VALUES ('KRS_01', 'C_007');
INSERT INTO ist_teilnehmer VALUES ('KRS_01', 'C_011');
INSERT INTO ist_teilnehmer VALUES ('KRS_01', 'C_012');
INSERT INTO ist_teilnehmer VALUES ('KRS_01', 'C_013');
INSERT INTO ist_teilnehmer VALUES ('KRS_01', 'C_026');
INSERT INTO ist_teilnehmer VALUES ('KRS_01', 'C_027');
INSERT INTO ist_teilnehmer VALUES ('KRS_02', 'C_001');
INSERT INTO ist_teilnehmer VALUES ('KRS_02', 'C_002');
INSERT INTO ist_teilnehmer VALUES ('KRS_02', 'C_003');
INSERT INTO ist_teilnehmer VALUES ('KRS_02', 'C_009');
INSERT INTO ist_teilnehmer VALUES ('KRS_02', 'C_012');
INSERT INTO ist_teilnehmer VALUES ('KRS_02', 'C_016');
INSERT INTO ist_teilnehmer VALUES ('KRS_02', 'C_018');
INSERT INTO ist_teilnehmer VALUES ('KRS_02', 'C_019');
INSERT INTO ist_teilnehmer VALUES ('KRS_03', 'C_018');
INSERT INTO ist_teilnehmer VALUES ('KRS_03', 'C_019');
INSERT INTO ist_teilnehmer VALUES ('KRS_03', 'C_023');
INSERT INTO ist_teilnehmer VALUES ('KRS_03', 'C_026');
INSERT INTO ist_teilnehmer VALUES ('KRS_03', 'C_002');
INSERT INTO ist_teilnehmer VALUES ('KRS_03', 'C_005');
INSERT INTO ist_teilnehmer VALUES ('KRS_04', 'C_006');
INSERT INTO ist_teilnehmer VALUES ('KRS_04', 'C_007');
INSERT INTO ist_teilnehmer VALUES ('KRS_04', 'C_008');
INSERT INTO ist_teilnehmer VALUES ('KRS_04', 'C_009');
INSERT INTO ist_teilnehmer VALUES ('KRS_04', 'C_010');
INSERT INTO ist_teilnehmer VALUES ('KRS_04', 'C_011');
INSERT INTO ist_teilnehmer VALUES ('KRS_04', 'C_012');
INSERT INTO ist_teilnehmer VALUES ('KRS_04', 'C_013');
INSERT INTO ist_teilnehmer VALUES ('KRS_04', 'C_014');
INSERT INTO ist_teilnehmer VALUES ('KRS_04', 'C_015');
INSERT INTO ist_teilnehmer VALUES ('KRS_04', 'C_016');
INSERT INTO ist_teilnehmer VALUES ('KRS_04', 'C_017');
INSERT INTO ist_teilnehmer VALUES ('KRS_04', 'C_018');
INSERT INTO ist_teilnehmer VALUES ('KRS_04', 'C_019');
INSERT INTO ist_teilnehmer VALUES ('KRS_04', 'C_020');
INSERT INTO ist_teilnehmer VALUES ('KRS_04', 'C_021');
INSERT INTO ist_teilnehmer VALUES ('KRS_04', 'C_022');
INSERT INTO ist_teilnehmer VALUES ('KRS_04', 'C_023');
INSERT INTO ist_teilnehmer VALUES ('KRS_04', 'C_024');
INSERT INTO ist_teilnehmer VALUES ('KRS_04', 'C_025');
INSERT INTO ist_teilnehmer VALUES ('KRS_04', 'C_026');
INSERT INTO ist_teilnehmer VALUES ('KRS_04', 'C_027');
INSERT INTO ist_teilnehmer VALUES ('KRS_04', 'C_028');
INSERT INTO ist_teilnehmer VALUES ('KRS_04', 'C_002');
INSERT INTO ist_teilnehmer VALUES ('KRS_04', 'C_001');
INSERT INTO ist_teilnehmer VALUES ('KRS_05', 'C_004');
INSERT INTO ist_teilnehmer VALUES ('KRS_05', 'C_005');
INSERT INTO ist_teilnehmer VALUES ('KRS_05', 'C_006');
INSERT INTO ist_teilnehmer VALUES ('KRS_05', 'C_007');
INSERT INTO ist_teilnehmer VALUES ('KRS_05', 'C_008');
INSERT INTO ist_teilnehmer VALUES ('KRS_05', 'C_009');
INSERT INTO ist_teilnehmer VALUES ('KRS_05', 'C_010');
INSERT INTO ist_teilnehmer VALUES ('KRS_05', 'C_011');
INSERT INTO ist_teilnehmer VALUES ('KRS_05', 'C_012');
INSERT INTO ist_teilnehmer VALUES ('KRS_05', 'C_013');
INSERT INTO ist_teilnehmer VALUES ('KRS_05', 'C_014');
INSERT INTO ist_teilnehmer VALUES ('KRS_05', 'C_015');
INSERT INTO ist_teilnehmer VALUES ('KRS_05', 'C_016');
INSERT INTO ist_teilnehmer VALUES ('KRS_05', 'C_017');
INSERT INTO ist_teilnehmer VALUES ('KRS_05', 'C_018');
INSERT INTO ist_teilnehmer VALUES ('KRS_05', 'C_019');
INSERT INTO ist_teilnehmer VALUES ('KRS_05', 'C_020');
INSERT INTO ist_teilnehmer VALUES ('KRS_05', 'C_021');
INSERT INTO ist_teilnehmer VALUES ('KRS_05', 'C_022');
INSERT INTO ist_teilnehmer VALUES ('KRS_05', 'C_023');
INSERT INTO ist_teilnehmer VALUES ('KRS_06', 'C_001');
INSERT INTO ist_teilnehmer VALUES ('KRS_06', 'C_002');
INSERT INTO ist_teilnehmer VALUES ('KRS_06', 'C_003');
INSERT INTO ist_teilnehmer VALUES ('KRS_06', 'C_004');
INSERT INTO ist_teilnehmer VALUES ('KRS_06', 'C_005');
INSERT INTO ist_teilnehmer VALUES ('KRS_06', 'C_006');
INSERT INTO ist_teilnehmer VALUES ('KRS_06', 'C_007');
INSERT INTO ist_teilnehmer VALUES ('KRS_06', 'C_008');
INSERT INTO ist_teilnehmer VALUES ('KRS_06', 'C_009');
INSERT INTO ist_teilnehmer VALUES ('KRS_06', 'C_010');
INSERT INTO ist_teilnehmer VALUES ('KRS_06', 'C_011');
INSERT INTO ist_teilnehmer VALUES ('KRS_06', 'C_012');
INSERT INTO ist_teilnehmer VALUES ('KRS_06', 'C_013');
INSERT INTO ist_teilnehmer VALUES ('KRS_06', 'C_014');
INSERT INTO ist_teilnehmer VALUES ('KRS_06', 'C_015');
INSERT INTO ist_teilnehmer VALUES ('KRS_06', 'C_016');
INSERT INTO ist_teilnehmer VALUES ('KRS_06', 'C_017');
INSERT INTO ist_teilnehmer VALUES ('KRS_06', 'C_018');
INSERT INTO ist_teilnehmer VALUES ('KRS_06', 'C_019');
INSERT INTO ist_teilnehmer VALUES ('KRS_06', 'C_020');
INSERT INTO ist_teilnehmer VALUES ('KRS_06', 'C_021');
INSERT INTO ist_teilnehmer VALUES ('KRS_06', 'C_026');